PartyId,CollisionId,PartyNumber,PartyType,IsAtFault,IsOnDutyEmergencyVehicle,IsHitAndRun,AirbagCode,AirbagDescription,SafetyEquipmentCode,SafetyEquipmentDescription,Special Information,Other Associate Factor,Inattention,DirectionOfTravel,StreetOrHighwayName,SpeedLimit,MovementPrecCollCode,MovementPrecCollDescription,SobrietyDrugPhysicalCode1,SobrietyDrugPhysicalDescription1,SobrietyDrugPhysicalCode2,SobrietyDrugPhysicalDescription2,GenderCode,GenderDescription,StatedAge,DriverLicenseClass,DriverLicenseStateCode,RaceCode,RaceDesc,Vehicle1TypeId, Vehicle1TypeDesc, Vehicle1Year,Vehicle1Make,Vehicle1Model,Vehicle1Color,V1IsVehicleTowed,Vehicle2TypeId, Vehicle2TypeDesc, Vehicle2Year,Vehicle2Make,Vehicle2Model,Vehicle2Color,V2IsVehicleTowed,Lane,ThruLanes,TotalLanes,IsDREConducted
3597444,1692891,3,Driver,,False,True,B,UNKNOWN,B,OCCUPANT UNKNOWN,CELL PHONE USE UNKNOWN,NONE APPARENT,,N,US-101,65.0,B,PROCEEDING STRAIGHT,G,IMPAIRMENT_NOT_KNOWN,,,,,,,,,,99.0,OtherUnknownHitAndRunDriver,,,,,False,,,,,,,,2,4.0,5.0,False
3597443,1692891,2,Driver,,False,False,M,AIR BAG NOT DEPLOYED,G,OCCUPANT LAP SHOULDER HARNESS USED,CELL PHONE NOT IN USE,NONE APPARENT,,N,US-101,55.0,B,PROCEEDING STRAIGHT,A,HAD NOT BEEN DRINKING,,,M,MALE,40.0,A,CA,H,HISPANIC,25.0,TruckTractor,2015.0,PTRB,Bottom Dump,WHI,False,31.0,SemiTrailer,2015.0,RELIANCE,DUMP TRAILER,WHI,,3,4.0,5.0,False
3597442,1692891,1,Driver,True,False,False,M,AIR BAG NOT DEPLOYED,G,OCCUPANT LAP SHOULDER HARNESS USED,CELL PHONE NOT IN USE,NONE APPARENT,,N,US-101,65.0,J,CHANGING LANES,A,HAD NOT BEEN DRINKING,,,F,FEMALE,48.0,C,CA,A,ASIAN,7.0,SportUtilityVehicle,2012.0,LEXS,RX450,WHI,False,,,,,,,,3,4.0,5.0,False
3597129,1692736,2,Driver,,False,False,M,AIR BAG NOT DEPLOYED,G,OCCUPANT LAP SHOULDER HARNESS USED,CELL PHONE NOT IN USE,NONE APPARENT,,S,US-101 S/B TO ALUM ROCK AVE.,65.0,A,STOPPED,A,HAD NOT BEEN DRINKING,,,F,FEMALE,24.0,C,CA,H,HISPANIC,7.0,SportUtilityVehicle,2013.0,KIA,SORENTO,BLK,False,,,,,,,,RT,1.0,3.0,False
3597128,1692736,1,Driver,True,False,False,M,AIR BAG NOT DEPLOYED,G,OCCUPANT LAP SHOULDER HARNESS USED,CELL PHONE NOT IN USE,VC SECTION VIOLATED - VC 22350,,S,US-101 S/B TO ALUM ROCK AVE.,65.0,B,PROCEEDING STRAIGHT,B,HBD-UNDER INFLUENCE,,,M,MALE,55.0,U,CA,H,HISPANIC,22.0,PickupsAndPanels,2007.0,CHEV,SILVERADO,WHI,False,,,,,,,,RT,1.0,3.0,False
3595787,1692031,1,Driver,True,False,False,L,AIR BAG DEPLOYED,G,OCCUPANT LAP SHOULDER HARNESS USED,CELL PHONE NOT IN USE,NONE APPARENT,,N,I-680,65.0,B,PROCEEDING STRAIGHT,A,HAD NOT BEEN DRINKING,,,F,FEMALE,50.0,C,CA,H,HISPANIC,1.0,PassengerCarStationWagonJeep,1999.0,SUBA,FORESTER,SIL,True,,,,,,,,4,4.0,5.0,False
3595759,1692015,1,Driver,,False,False,M,AIR BAG NOT DEPLOYED,G,OCCUPANT LAP SHOULDER HARNESS USED,CELL PHONE NOT IN USE,NONE APPARENT,,N,I-680,65.0,R,OTHER,A,HAD NOT BEEN DRINKING,,,M,MALE,18.0,C,CA,H,HISPANIC,1.0,PassengerCarStationWagonJeep,1993.0,HOND,CIVIC,ONG,True,,,,,,,,4,4.0,5.0,False
3595718,1691997,3,Driver,,False,False,M,AIR BAG NOT DEPLOYED,G,OCCUPANT LAP SHOULDER HARNESS USED,CELL PHONE NOT IN USE,VC SECTION VIOLATED - VC 22350,,N,SR-85 N/B,65.0,H,SLOWING/STOPPING,A,HAD NOT BEEN DRINKING,,,F,FEMALE,37.0,C,CA,A,ASIAN,1.0,PassengerCarStationWagonJeep,2013.0,LEXS,ES350,GRY,False,,,,,,,,1,2.0,3.0,False
3595717,1691997,2,Driver,True,False,False,M,AIR BAG NOT DEPLOYED,G,OCCUPANT LAP SHOULDER HARNESS USED,CELL PHONE NOT IN USE,NONE APPARENT,,N,SR-85 N/B,65.0,H,SLOWING/STOPPING,A,HAD NOT BEEN DRINKING,,,F,FEMALE,30.0,C,CA,H,HISPANIC,1.0,PassengerCarStationWagonJeep,2017.0,HYUN,ELANTRA,SIL,True,,,,,,,,1,2.0,3.0,False
3595716,1691997,1,Driver,,False,False,M,AIR BAG NOT DEPLOYED,G,OCCUPANT LAP SHOULDER HARNESS USED,CELL PHONE NOT IN USE,NONE APPARENT,,N,SR-85 N/B,65.0,A,STOPPED,A,HAD NOT BEEN DRINKING,,,F,FEMALE,46.0,C,CA,A,ASIAN,1.0,PassengerCarStationWagonJeep,2018.0,TSMR,3,GRY,False,,,,,,,,1,2.0,3.0,False
3595631,1691956,3,Driver,,False,False,M,AIR BAG NOT DEPLOYED,G,OCCUPANT LAP SHOULDER HARNESS USED,CELL PHONE NOT IN USE,NONE APPARENT,,S,US-101,65.0,H,SLOWING/STOPPING,A,HAD NOT BEEN DRINKING,,,M,MALE,58.0,C,CA,H,HISPANIC,22.0,PickupsAndPanels,1999.0,CHEV,Silverado,WHI,False,,,,,,,,1,3.0,4.0,False
3595630,1691956,2,Driver,,False,True,B,UNKNOWN,B,OCCUPANT UNKNOWN,CELL PHONE USE UNKNOWN,NONE APPARENT,,S,US-101,65.0,A,STOPPED,G,IMPAIRMENT_NOT_KNOWN,,,,,,,,,,99.0,OtherUnknownHitAndRunDriver,,,,,False,,,,,,,,1,3.0,4.0,False
3595629,1691956,1,Driver,True,False,False,L,AIR BAG DEPLOYED,G,OCCUPANT LAP SHOULDER HARNESS USED,CELL PHONE NOT IN USE,NONE APPARENT,,S,US-101,65.0,B,PROCEEDING STRAIGHT,A,HAD NOT BEEN DRINKING,,,M,MALE,83.0,C,CA,W,WHITE,1.0,PassengerCarStationWagonJeep,2007.0,STRN,Aura,GLD,True,,,,,,,,1,3.0,4.0,False
3417524,1691825,4,Driver,,False,False,M,AIR BAG NOT DEPLOYED,G,OCCUPANT LAP SHOULDER HARNESS USED,CELL PHONE NOT IN USE,VC SECTION VIOLATED - VC 22350,,S,SR-87,65.0,B,PROCEEDING STRAIGHT,A,HAD NOT BEEN DRINKING,,,M,MALE,46.0,C,CA,H,HISPANIC,1.0,PassengerCarStationWagonJeep,2000.0,TOYT,CAMRY,WHI,False,,,,,,,,3,3.0,4.0,False
3417523,1691825,3,Driver,,False,False,M,AIR BAG NOT DEPLOYED,G,OCCUPANT LAP SHOULDER HARNESS USED,CELL PHONE NOT IN USE,NONE APPARENT,,S,SR-87,65.0,A,STOPPED,A,HAD NOT BEEN DRINKING,,,M,MALE,51.0,C,CA,H,HISPANIC,1.0,PassengerCarStationWagonJeep,2018.0,KIA,FORTE,GRY,False,,,,,,,,3,3.0,4.0,False
3417522,1691825,2,Driver,,False,False,M,AIR BAG NOT DEPLOYED,G,OCCUPANT LAP SHOULDER HARNESS USED,CELL PHONE NOT IN USE,NONE APPARENT,,S,SR-87,65.0,H,SLOWING/STOPPING,A,HAD NOT BEEN DRINKING,,,F,FEMALE,26.0,C,CA,A,ASIAN,1.0,PassengerCarStationWagonJeep,2010.0,HOND,ACCORD,SIL,False,,,,,,,,3,3.0,4.0,False
3417521,1691825,1,Driver,True,False,False,M,AIR BAG NOT DEPLOYED,G,OCCUPANT LAP SHOULDER HARNESS USED,CELL PHONE NOT IN USE,STOP & GO TRAFFIC,,S,SR-87,65.0,B,PROCEEDING STRAIGHT,A,HAD NOT BEEN DRINKING,,,F,FEMALE,48.0,C,CA,O,OTHER,7.0,SportUtilityVehicle,2019.0,HOND,CR-V,WHI,False,,,,,,,,3,3.0,4.0,False
3417327,1691731,2,Driver,,False,False,M,AIR BAG NOT DEPLOYED,G,OCCUPANT LAP SHOULDER HARNESS USED,CELL PHONE NOT IN USE,NONE APPARENT,,S,I-680,65.0,B,PROCEEDING STRAIGHT,A,HAD NOT BEEN DRINKING,,,M,MALE,52.0,C,CA,W,WHITE,1.0,PassengerCarStationWagonJeep,2006.0,BMW,330i,BLK,False,,,,,,,,2,4.0,4.0,False
3417326,1691731,1,Driver,True,False,False,M,AIR BAG NOT DEPLOYED,G,OCCUPANT LAP SHOULDER HARNESS USED,CELL PHONE NOT IN USE,NONE APPARENT,,S,I-680,65.0,J,CHANGING LANES,A,HAD NOT BEEN DRINKING,,,M,MALE,45.0,C,CA,H,HISPANIC,22.0,PickupsAndPanels,2019.0,TOYT,Tacoma,BRO,False,,,,,,,,1,4.0,4.0,False
3417303,1691721,2,Driver,,False,False,M,AIR BAG NOT DEPLOYED,G,OCCUPANT LAP SHOULDER HARNESS USED,CELL PHONE NOT IN USE,NONE APPARENT,,N,I-880,65.0,B,PROCEEDING STRAIGHT,A,HAD NOT BEEN DRINKING,,,M,MALE,43.0,C,CA,H,HISPANIC,1.0,PassengerCarStationWagonJeep,2016.0,SUBA,LEGACY,GRY,False,,,,,,,,1,4.0,4.0,False
3417302,1691721,1,Driver,True,False,False,L,AIR BAG DEPLOYED,G,OCCUPANT LAP SHOULDER HARNESS USED,CELL PHONE NOT IN USE,NONE APPARENT,,N,I-880,65.0,B,PROCEEDING STRAIGHT,A,HAD NOT BEEN DRINKING,,,F,FEMALE,36.0,C,CA,A,ASIAN,1.0,PassengerCarStationWagonJeep,2015.0,HOND,CIVIC,SIL,False,,,,,,,,1,4.0,4.0,False
3416754,1691449,1,Driver,True,False,False,L,AIR BAG DEPLOYED,G,OCCUPANT LAP SHOULDER HARNESS USED,CELL PHONE NOT IN USE,VC SECTION VIOLATED - VC 22350,,N,SR-85,65.0,C,RAN OFF ROAD,B,HBD-UNDER INFLUENCE,,,F,FEMALE,24.0,C,CA,H,HISPANIC,1.0,PassengerCarStationWagonJeep,2015.0,MAZD,MAZDA 6,SIL,False,,,,,,,,AUX,1.0,1.0,False
3416143,1691129,4,Driver,,False,False,L,AIR BAG DEPLOYED,G,OCCUPANT LAP SHOULDER HARNESS USED,CELL PHONE NOT IN USE,VC SECTION VIOLATED - VC 22350,,N,I-280,65.0,B,PROCEEDING STRAIGHT,A,HAD NOT BEEN DRINKING,,,M,MALE,21.0,C,CA,O,OTHER,1.0,PassengerCarStationWagonJeep,2014.0,BMW,535,BLK,True,,,,,,,,4,5.0,5.0,False
3416142,1691129,3,Driver,,False,False,M,AIR BAG NOT DEPLOYED,G,OCCUPANT LAP SHOULDER HARNESS USED,CELL PHONE NOT IN USE,NONE APPARENT,,N,I-280,65.0,A,STOPPED,A,HAD NOT BEEN DRINKING,,,M,MALE,28.0,A,CA,O,OTHER,1.0,PassengerCarStationWagonJeep,2021.0,HOND,Accord,WHI,True,,,,,,,,4,5.0,5.0,False
3416141,1691129,2,Driver,,False,False,M,AIR BAG NOT DEPLOYED,G,OCCUPANT LAP SHOULDER HARNESS USED,CELL PHONE NOT IN USE,NONE APPARENT,,N,I-280,65.0,A,STOPPED,A,HAD NOT BEEN DRINKING,,,F,FEMALE,43.0,C,CA,A,ASIAN,7.0,SportUtilityVehicle,2021.0,BMW,X3,BLK,False,,,,,,,,4,5.0,5.0,False
3416140,1691129,1,Driver,True,False,False,M,AIR BAG NOT DEPLOYED,G,OCCUPANT LAP SHOULDER HARNESS USED,CELL PHONE NOT IN USE,NONE APPARENT,,N,I-280,65.0,B,PROCEEDING STRAIGHT,A,HAD NOT BEEN DRINKING,,,M,MALE,21.0,C,CA,W,WHITE,1.0,PassengerCarStationWagonJeep,2016.0,FORD,Mustang,BLK,False,,,,,,,,4,5.0,5.0,False
3359753,1690968,3,Driver,,False,False,M,AIR BAG NOT DEPLOYED,G,OCCUPANT LAP SHOULDER HARNESS USED,CELL PHONE NOT IN USE,NONE APPARENT,,S,I-880,65.0,H,SLOWING/STOPPING,A,HAD NOT BEEN DRINKING,,,M,MALE,33.0,C,CA,W,WHITE,22.0,PickupsAndPanels,2014.0,FORD,F250,WHI,False,,,,,,,,1,4.0,5.0,False
3359752,1690968,2,Driver,,False,True,B,UNKNOWN,B,OCCUPANT UNKNOWN,CELL PHONE NOT IN USE,NONE APPARENT,,S,I-880,65.0,H,SLOWING/STOPPING,G,IMPAIRMENT_NOT_KNOWN,,,,,,,,,,99.0,OtherUnknownHitAndRunDriver,,,,,False,,,,,,,,1,4.0,5.0,False
3359751,1690968,1,Driver,True,False,False,M,AIR BAG NOT DEPLOYED,G,OCCUPANT LAP SHOULDER HARNESS USED,CELL PHONE NOT IN USE,NONE APPARENT,,S,I-880,65.0,B,PROCEEDING STRAIGHT,A,HAD NOT BEEN DRINKING,,,M,MALE,24.0,U,NC,W,WHITE,1.0,PassengerCarStationWagonJeep,2008.0,TOYT,AVALON,BLK,False,,,,,,,,1,4.0,5.0,False
3231910,1690718,2,ParkedVehicle,,False,False,P,NOT REQUIRED,P,NOT REQUIRED,CELL PHONE NOT IN USE,NONE APPARENT,,W,2105 COTTLE AVE.,,O,PARKED,H,NOT APPLICABLE,,,,,,,,,,7.0,SportUtilityVehicle,2014.0,JEEP,GRAND CHEROKEE,TAN,False,,,,,,,,,0.0,1.0,False
3231909,1690718,1,Driver,True,False,False,M,AIR BAG NOT DEPLOYED,G,OCCUPANT LAP SHOULDER HARNESS USED,CELL PHONE NOT IN USE,NONE APPARENT,,W,2105 COTTLE AVE.,,G,BACKING,A,HAD NOT BEEN DRINKING,,,F,FEMALE,50.0,B,CA,H,HISPANIC,13.0,SchoolBusPublicTypeI,2017.0,THOB,SCHOOL BUS,YEL,False,,,,,,,,,0.0,1.0,False
3231864,1690696,1,Driver,True,False,False,L,AIR BAG DEPLOYED,G,OCCUPANT LAP SHOULDER HARNESS USED,CELL PHONE NOT IN USE,VC SECTION VIOLATED - VC 22107,,N,I-680,65.0,R,OTHER,B,HBD-UNDER INFLUENCE,,,F,FEMALE,38.0,U,CA,H,HISPANIC,1.0,PassengerCarStationWagonJeep,2006.0,FORD,TAURUS,SIL,True,,,,,,,,3,4.0,5.0,False
3231650,1690588,2,Driver,,False,False,M,AIR BAG NOT DEPLOYED,G,OCCUPANT LAP SHOULDER HARNESS USED,CELL PHONE NOT IN USE,NONE APPARENT,,S,I-880,65.0,A,STOPPED,A,HAD NOT BEEN DRINKING,,,M,MALE,46.0,C,CA,B,BLACK,22.0,PickupsAndPanels,2019.0,NISS,FRONTIER,WHI,False,,,,,,,,1,3.0,4.0,False
3231649,1690588,1,Driver,True,False,False,M,AIR BAG NOT DEPLOYED,G,OCCUPANT LAP SHOULDER HARNESS USED,CELL PHONE NOT IN USE,NONE APPARENT,,S,I-880,65.0,B,PROCEEDING STRAIGHT,A,HAD NOT BEEN DRINKING,,,M,MALE,50.0,C,CA,H,HISPANIC,8.0,MiniVan,2000.0,CHEV,2500 VAN,WHI,False,,,,,,,,1,3.0,4.0,False
3231628,1690575,3,Driver,,False,False,M,AIR BAG NOT DEPLOYED,G,OCCUPANT LAP SHOULDER HARNESS USED,CELL PHONE NOT IN USE,NONE APPARENT,,S,I-880,65.0,H,SLOWING/STOPPING,A,HAD NOT BEEN DRINKING,,,M,MALE,33.0,C,CA,W,WHITE,1.0,PassengerCarStationWagonJeep,2020.0,TESL,3,GRY,False,,,,,,,,1,3.0,4.0,False
3231627,1690575,2,Driver,,False,False,M,AIR BAG NOT DEPLOYED,G,OCCUPANT LAP SHOULDER HARNESS USED,CELL PHONE NOT IN USE,NONE APPARENT,,S,I-880,65.0,H,SLOWING/STOPPING,A,HAD NOT BEEN DRINKING,,,F,FEMALE,31.0,C,CA,H,HISPANIC,7.0,SportUtilityVehicle,2019.0,MITS,HIGHLANDER,SIL,False,,,,,,,,1,3.0,4.0,False
3231626,1690575,1,Driver,True,False,False,M,AIR BAG NOT DEPLOYED,G,OCCUPANT LAP SHOULDER HARNESS USED,CELL PHONE NOT IN USE,NONE APPARENT,,S,I-880,65.0,B,PROCEEDING STRAIGHT,A,HAD NOT BEEN DRINKING,,,M,MALE,24.0,U,,H,HISPANIC,22.0,PickupsAndPanels,2001.0,NISS,FRONTIER,BLU,False,,,,,,,,1,3.0,4.0,False
3231556,1690536,1,Driver,True,False,False,L,AIR BAG DEPLOYED,G,OCCUPANT LAP SHOULDER HARNESS USED,CELL PHONE NOT IN USE,NONE APPARENT,,S,SR-85,65.0,B,PROCEEDING STRAIGHT,A,HAD NOT BEEN DRINKING,,,F,FEMALE,27.0,C,CA,O,OTHER,7.0,SportUtilityVehicle,2017.0,LEXS,RX350,GRY,True,,,,,,,,1,3.0,4.0,False
3231465,1690484,3,Driver,,False,False,M,AIR BAG NOT DEPLOYED,G,OCCUPANT LAP SHOULDER HARNESS USED,CELL PHONE NOT IN USE,NONE APPARENT,,S,I-680 S/B,65.0,A,STOPPED,A,HAD NOT BEEN DRINKING,,,F,FEMALE,46.0,C,CA,W,WHITE,1.0,PassengerCarStationWagonJeep,2016.0,KIA,OPTIMA,SIL,False,,,,,,,,4,4.0,5.0,False
3231464,1690484,2,Driver,,False,False,M,AIR BAG NOT DEPLOYED,G,OCCUPANT LAP SHOULDER HARNESS USED,CELL PHONE NOT IN USE,NONE APPARENT,,S,I-680 S/B,65.0,A,STOPPED,A,HAD NOT BEEN DRINKING,,,M,MALE,24.0,C,CA,O,OTHER,1.0,PassengerCarStationWagonJeep,2014.0,HOND,CIVIC,SIL,False,,,,,,,,4,4.0,5.0,False
3231463,1690484,1,Driver,True,False,False,M,AIR BAG NOT DEPLOYED,G,OCCUPANT LAP SHOULDER HARNESS USED,CELL PHONE NOT IN USE,NONE APPARENT,,S,I-680 S/B,65.0,B,PROCEEDING STRAIGHT,A,HAD NOT BEEN DRINKING,,,F,FEMALE,42.0,U,,H,HISPANIC,7.0,SportUtilityVehicle,2008.0,NISS,ROGUE,WHI,False,,,,,,,,4,4.0,5.0,False
3231419,1690465,2,Driver,True,False,True,B,UNKNOWN,B,OCCUPANT UNKNOWN,CELL PHONE USE UNKNOWN,NONE APPARENT,,N,US 101,65.0,R,OTHER,G,IMPAIRMENT_NOT_KNOWN,,,,,,,,,,99.0,OtherUnknownHitAndRunDriver,,,,,False,,,,,,,,2,4.0,4.0,False
3231418,1690465,1,Driver,,False,False,M,AIR BAG NOT DEPLOYED,G,OCCUPANT LAP SHOULDER HARNESS USED,CELL PHONE NOT IN USE,NONE APPARENT,,N,US-101,65.0,B,PROCEEDING STRAIGHT,A,HAD NOT BEEN DRINKING,,,M,MALE,39.0,C,CA,A,ASIAN,1.0,PassengerCarStationWagonJeep,2017.0,MERZ,E400,WHI,False,,,,,,,,1,4.0,4.0,False
3231243,1690370,2,Driver,,False,False,M,AIR BAG NOT DEPLOYED,G,OCCUPANT LAP SHOULDER HARNESS USED,CELL PHONE NOT IN USE,NONE APPARENT,,S,I-280,65.0,B,PROCEEDING STRAIGHT,A,HAD NOT BEEN DRINKING,,,M,MALE,61.0,C,CA,A,ASIAN,1.0,PassengerCarStationWagonJeep,2000.0,TOYT,CAMRY,SIL,True,,,,,,,,EXIT,0.0,3.0,False
3231242,1690370,1,Driver,True,False,False,L,AIR BAG DEPLOYED,G,OCCUPANT LAP SHOULDER HARNESS USED,CELL PHONE NOT IN USE,VC SECTION VIOLATED - VC 22350,,S,I-280,65.0,B,PROCEEDING STRAIGHT,B,HBD-UNDER INFLUENCE,,,M,MALE,29.0,C,CA,H,HISPANIC,1.0,PassengerCarStationWagonJeep,2021.0,HOND,Accord,RED,True,,,,,,,,EXIT,0.0,3.0,False
3230530,1689995,1,Driver,True,False,False,L,AIR BAG DEPLOYED,G,OCCUPANT LAP SHOULDER HARNESS USED,CELL PHONE NOT IN USE,NONE APPARENT,,N,I-280 ,65.0,R,OTHER,A,HAD NOT BEEN DRINKING,,,M,MALE,35.0,C,CA,W,WHITE,1.0,PassengerCarStationWagonJeep,2019.0,TESL,3,WHI,False,,,,,,,,4,4.0,5.0,False
3230488,1689971,1,Driver,True,False,False,L,AIR BAG DEPLOYED,G,OCCUPANT LAP SHOULDER HARNESS USED,CELL PHONE NOT IN USE,VC SECTION VIOLATED - VC 22107,,S,US101,65.0,R,OTHER,B,HBD-UNDER INFLUENCE,,,F,FEMALE,26.0,C,CA,H,HISPANIC,1.0,PassengerCarStationWagonJeep,2015.0,HOND,CIVIC,BLK,False,,,,,,,,5,5.0,5.0,False
3230392,1689923,3,Driver,,False,False,M,AIR BAG NOT DEPLOYED,G,OCCUPANT LAP SHOULDER HARNESS USED,CELL PHONE NOT IN USE,STOP & GO TRAFFIC,,N,I-280,65.0,H,SLOWING/STOPPING,A,HAD NOT BEEN DRINKING,,,F,FEMALE,31.0,,,B,BLACK,1.0,PassengerCarStationWagonJeep,2015.0,FORD,CMAX,RED,False,,,,,,,,4,4.0,5.0,False
3230391,1689923,2,Driver,,False,False,M,AIR BAG NOT DEPLOYED,G,OCCUPANT LAP SHOULDER HARNESS USED,CELL PHONE NOT IN USE,STOP & GO TRAFFIC,,N,I-280,65.0,H,SLOWING/STOPPING,A,HAD NOT BEEN DRINKING,,,M,MALE,21.0,U,,H,HISPANIC,1.0,PassengerCarStationWagonJeep,2015.0,CHRY,300,BLK,False,,,,,,,,4,4.0,5.0,False
3230390,1689923,1,Driver,True,False,False,L,AIR BAG DEPLOYED,G,OCCUPANT LAP SHOULDER HARNESS USED,CELL PHONE NOT IN USE,STOP & GO TRAFFIC,,N,I-280,65.0,B,PROCEEDING STRAIGHT,A,HAD NOT BEEN DRINKING,,,F,FEMALE,64.0,C,CA,W,WHITE,1.0,PassengerCarStationWagonJeep,1996.0,SUBA,LEGACY,WHI,False,,,,,,,,4,4.0,5.0,False
3230324,1689889,2,Driver,,False,False,M,AIR BAG NOT DEPLOYED,G,OCCUPANT LAP SHOULDER HARNESS USED,CELL PHONE NOT IN USE,NONE APPARENT,,S,SR-87,65.0,A,STOPPED,A,HAD NOT BEEN DRINKING,,,F,FEMALE,36.0,C,CA,B,BLACK,1.0,PassengerCarStationWagonJeep,2012.0,KIA,FORTE,BLK,False,,,,,,,,LT,0.0,2.0,False
3230323,1689889,1,Driver,,False,False,M,AIR BAG NOT DEPLOYED,G,OCCUPANT LAP SHOULDER HARNESS USED,CELL PHONE NOT IN USE,NONE APPARENT,,S,SR-87,65.0,B,PROCEEDING STRAIGHT,A,HAD NOT BEEN DRINKING,,,M,MALE,43.0,C,CA,H,HISPANIC,22.0,PickupsAndPanels,2016.0,CHEV,SILVERADO,BLK,False,,,,,,,,LT,0.0,2.0,False
3229820,1689626,1,Driver,,False,False,M,AIR BAG NOT DEPLOYED,G,OCCUPANT LAP SHOULDER HARNESS USED,CELL PHONE NOT IN USE,NONE APPARENT,,S,US-101,65.0,B,PROCEEDING STRAIGHT,A,HAD NOT BEEN DRINKING,,,F,FEMALE,59.0,C,CA,B,BLACK,8.0,MiniVan,2013.0,CHRY,TOWN & COUNTRY,WHI,False,,,,,,,,2,2.0,2.0,False
3229817,1689624,1,Driver,True,False,False,P,NOT REQUIRED,W,MOTOR BICYCLE DRIVER WITH HELMET,CELL PHONE NOT IN USE,NONE APPARENT,,S,SR-85,65.0,B,PROCEEDING STRAIGHT,A,HAD NOT BEEN DRINKING,,,M,MALE,37.0,C,CA,H,HISPANIC,2.0,Motorcycle,2013.0,HD,SOFTTAIL,WHI,True,,,,,,,,S/B,1.0,1.0,False
3622288,1701082,2,Driver,,False,False,M,AIR BAG NOT DEPLOYED,G,OCCUPANT LAP SHOULDER HARNESS USED,CELL PHONE NOT IN USE,NONE APPARENT,,W,SR-237 W/B,65.0,B,PROCEEDING STRAIGHT,A,HAD NOT BEEN DRINKING,,,M,MALE,44.0,C,CA,A,ASIAN,1.0,PassengerCarStationWagonJeep,1995.0,TOYT,COROLLA,MAR,False,,,,,,,,XPRS,3.0,4.0,False
3622287,1701082,1,Driver,True,False,False,M,AIR BAG NOT DEPLOYED,G,OCCUPANT LAP SHOULDER HARNESS USED,CELL PHONE NOT IN USE,NONE APPARENT,,W,SR-237 W/B,65.0,J,CHANGING LANES,A,HAD NOT BEEN DRINKING,,,F,FEMALE,48.0,C,CA,A,ASIAN,7.0,SportUtilityVehicle,2021.0,TOYT,C-HR,GRY,False,,,,,,,,XPRS,3.0,4.0,False
3622179,1701029,1,Driver,True,False,False,M,AIR BAG NOT DEPLOYED,G,OCCUPANT LAP SHOULDER HARNESS USED,CELL PHONE NOT IN USE,NONE APPARENT,,N,I-680,65.0,B,PROCEEDING STRAIGHT,A,HAD NOT BEEN DRINKING,,,M,MALE,36.0,U,CA,H,HISPANIC,1.0,PassengerCarStationWagonJeep,2000.0,HOND,CIVIC,WHI,False,,,,,,,,4,4.0,5.0,False
3622149,1701010,2,Driver,,False,False,M,AIR BAG NOT DEPLOYED,G,OCCUPANT LAP SHOULDER HARNESS USED,CELL PHONE NOT IN USE,NONE APPARENT,,S,US-101,65.0,A,STOPPED,A,HAD NOT BEEN DRINKING,,,F,FEMALE,39.0,C,CA,H,HISPANIC,1.0,PassengerCarStationWagonJeep,2012.0,TOYOTA/SCION,XB,BLU,False,,,,,,,,1,1.0,2.0,False
3622148,1701010,1,Driver,True,False,False,L,AIR BAG DEPLOYED,G,OCCUPANT LAP SHOULDER HARNESS USED,CELL PHONE NOT IN USE,NONE APPARENT,,S,US-101,65.0,B,PROCEEDING STRAIGHT,A,HAD NOT BEEN DRINKING,,,F,FEMALE,62.0,C,CA,A,ASIAN,1.0,PassengerCarStationWagonJeep,2015.0,TOYT,PRIUS,WHI,False,,,,,,,,1,1.0,2.0,False
3622077,1700970,1,Driver,True,False,False,L,AIR BAG DEPLOYED,G,OCCUPANT LAP SHOULDER HARNESS USED,CELL PHONE NOT IN USE,ENTERING OR LEAVING RAMP,,S,SR-87,65.0,R,OTHER,A,HAD NOT BEEN DRINKING,,,F,FEMALE,36.0,C,CA,O,OTHER,7.0,SportUtilityVehicle,2017.0,AUDI,Q7,BLK,True,,,,,,,,S/B,1.0,1.0,False
3622037,1700950,3,Driver,,False,False,M,AIR BAG NOT DEPLOYED,G,OCCUPANT LAP SHOULDER HARNESS USED,CELL PHONE NOT IN USE,NONE APPARENT,,S,I-880,65.0,H,SLOWING/STOPPING,A,HAD NOT BEEN DRINKING,,,M,MALE,31.0,C,CA,W,WHITE,1.0,PassengerCarStationWagonJeep,2012.0,VOLK,GOLF,BLU,False,,,,,,,,3,4.0,4.0,False
3622036,1700950,2,Driver,,False,False,M,AIR BAG NOT DEPLOYED,G,OCCUPANT LAP SHOULDER HARNESS USED,CELL PHONE NOT IN USE,NONE APPARENT,,S,I-880,65.0,H,SLOWING/STOPPING,A,HAD NOT BEEN DRINKING,,,M,MALE,39.0,C,CA,H,HISPANIC,1.0,PassengerCarStationWagonJeep,2005.0,HOND,CIVIC,BLK,False,,,,,,,,3,4.0,4.0,False