PartyId,CollisionId,PartyNumber,PartyType,IsAtFault,IsOnDutyEmergencyVehicle,IsHitAndRun,AirbagCode,AirbagDescription,SafetyEquipmentCode,SafetyEquipmentDescription,Special Information,Other Associate Factor,Inattention,DirectionOfTravel,StreetOrHighwayName,SpeedLimit,MovementPrecCollCode,MovementPrecCollDescription,SobrietyDrugPhysicalCode1,SobrietyDrugPhysicalDescription1,SobrietyDrugPhysicalCode2,SobrietyDrugPhysicalDescription2,GenderCode,GenderDescription,StatedAge,DriverLicenseClass,DriverLicenseStateCode,RaceCode,RaceDesc,Vehicle1TypeId, Vehicle1TypeDesc, Vehicle1Year,Vehicle1Make,Vehicle1Model,Vehicle1Color,V1IsVehicleTowed,Vehicle2TypeId, Vehicle2TypeDesc, Vehicle2Year,Vehicle2Make,Vehicle2Model,Vehicle2Color,V2IsVehicleTowed,Lane,ThruLanes,TotalLanes,IsDREConducted
4926657,1737189,1,Driver,True,False,False,M,AIR BAG NOT DEPLOYED,G,OCCUPANT LAP SHOULDER HARNESS USED,CELL PHONE NOT IN USE,NONE APPARENT,,N,US 101,65.0,B,PROCEEDING STRAIGHT,A,HAD NOT BEEN DRINKING,,,M,MALE,26.0,C,CA,B,BLACK,1.0,PassengerCarStationWagonJeep,2016.0,DODG,CHARGER,BLK,False,,,,,,,,HOV,4.0,5.0,False
4926491,1737105,2,Driver,,False,False,M,AIR BAG NOT DEPLOYED,G,OCCUPANT LAP SHOULDER HARNESS USED,CELL PHONE NOT IN USE,NONE APPARENT,,S,US-101,65.0,A,STOPPED,A,HAD NOT BEEN DRINKING,,,F,FEMALE,26.0,C,CA,H,HISPANIC,7.0,SportUtilityVehicle,2021.0,VOLK,ATLAS,WHI,False,,,,,,,,2,4.0,4.0,False
4926490,1737105,1,Driver,True,False,False,M,AIR BAG NOT DEPLOYED,G,OCCUPANT LAP SHOULDER HARNESS USED,CELL PHONE NOT IN USE,NONE APPARENT,,S,US-101 ,65.0,B,PROCEEDING STRAIGHT,A,HAD NOT BEEN DRINKING,,,M,MALE,53.0,,UT,W,WHITE,22.0,PickupsAndPanels,2012.0,DODG,RAM 1500 PU,GRY,False,,,,,,,,2,4.0,4.0,False
4926291,1736994,2,Driver,,False,False,M,AIR BAG NOT DEPLOYED,G,OCCUPANT LAP SHOULDER HARNESS USED,CELL PHONE NOT IN USE,NONE APPARENT,,S,US 101,65.0,B,PROCEEDING STRAIGHT,A,HAD NOT BEEN DRINKING,,,M,MALE,35.0,C,CA,H,HISPANIC,8.0,MiniVan,2017.0,FORD,TRANSIT,WHI,False,,,,,,,,1,2.0,2.0,False
4926290,1736994,1,Driver,,False,True,B,UNKNOWN,B,OCCUPANT UNKNOWN,CELL PHONE USE UNKNOWN,NONE APPARENT,,S,US 101,65.0,B,PROCEEDING STRAIGHT,G,IMPAIRMENT_NOT_KNOWN,,,,,,,,,,99.0,OtherUnknownHitAndRunDriver,,,,,False,,,,,,,,1,2.0,2.0,False
4926284,1736990,3,Driver,,False,False,M,AIR BAG NOT DEPLOYED,G,OCCUPANT LAP SHOULDER HARNESS USED,,STOP & GO TRAFFIC,,N,SR-87,65.0,A,STOPPED,A,HAD NOT BEEN DRINKING,,,F,FEMALE,39.0,C,CA,H,HISPANIC,8.0,MiniVan,2006.0,HOND,ODYSSEY,SIL,False,,,,,,,,2,2.0,2.0,False
4926283,1736990,2,Driver,,False,False,L,AIR BAG DEPLOYED,G,OCCUPANT LAP SHOULDER HARNESS USED,CELL PHONE NOT IN USE,STOP & GO TRAFFIC,,N,SR-87,65.0,A,STOPPED,A,HAD NOT BEEN DRINKING,,,F,FEMALE,18.0,C,CA,O,OTHER,1.0,PassengerCarStationWagonJeep,2015.0,VOLK,BEETLE,WHI,True,,,,,,,,2,2.0,2.0,False
4926282,1736990,1,Driver,True,False,False,M,AIR BAG NOT DEPLOYED,G,OCCUPANT LAP SHOULDER HARNESS USED,CELL PHONE NOT IN USE,STOP & GO TRAFFIC,,N,SR-87,65.0,B,PROCEEDING STRAIGHT,A,HAD NOT BEEN DRINKING,,,M,MALE,28.0,C,CA,H,HISPANIC,8.0,MiniVan,2013.0,FORD,E150,WHI,True,,,,,,,,2,2.0,2.0,False
4926217,1736958,2,Driver,,False,False,M,AIR BAG NOT DEPLOYED,G,OCCUPANT LAP SHOULDER HARNESS USED,CELL PHONE NOT IN USE,NONE APPARENT,,S,I-280,65.0,H,SLOWING/STOPPING,A,HAD NOT BEEN DRINKING,,,M,MALE,26.0,C,CA,H,HISPANIC,1.0,PassengerCarStationWagonJeep,2001.0,HOND,ACCORD,BLK,True,,,,,,,,4,4.0,4.0,False
4926216,1736958,1,Driver,True,False,False,M,AIR BAG NOT DEPLOYED,G,OCCUPANT LAP SHOULDER HARNESS USED,CELL PHONE NOT IN USE,NONE APPARENT,,S,I-280,65.0,B,PROCEEDING STRAIGHT,A,HAD NOT BEEN DRINKING,,,M,MALE,46.0,C,CA,H,HISPANIC,22.0,PickupsAndPanels,2015.0,FORD,F550,WHI,False,,,,,,,,4,4.0,4.0,False
4926032,1736862,2,Driver,,False,False,M,AIR BAG NOT DEPLOYED,G,OCCUPANT LAP SHOULDER HARNESS USED,CELL PHONE NOT IN USE,NONE APPARENT,,S,I-280,65.0,B,PROCEEDING STRAIGHT,A,HAD NOT BEEN DRINKING,,,F,FEMALE,56.0,C,CA,A,ASIAN,7.0,SportUtilityVehicle,2003.0,NISS,X-TERRA,BRO,True,,,,,,,,2,4.0,4.0,False
4926031,1736862,1,Driver,True,False,False,M,AIR BAG NOT DEPLOYED,G,OCCUPANT LAP SHOULDER HARNESS USED,CELL PHONE NOT IN USE,VC SECTION VIOLATED - VC 22107,,S,I-280,65.0,R,OTHER,B,HBD-UNDER INFLUENCE,,,F,FEMALE,34.0,C,CA,W,WHITE,7.0,SportUtilityVehicle,2004.0,JEEP,CHEROKEE,GRN,True,,,,,,,,1,4.0,4.0,False
4925203,1736429,1,Driver,True,False,False,M,AIR BAG NOT DEPLOYED,G,OCCUPANT LAP SHOULDER HARNESS USED,CELL PHONE NOT IN USE,NONE APPARENT,,N,I-280,65.0,R,OTHER,A,HAD NOT BEEN DRINKING,,,F,FEMALE,25.0,C,OR,W,WHITE,1.0,PassengerCarStationWagonJeep,2001.0,TOYT,Avalon,WHI,False,,,,,,,,3,4.0,5.0,False
4925007,1736327,2,Driver,,False,False,M,AIR BAG NOT DEPLOYED,H,OCCUPANT LAP SHOULDER HARNESS NOT USED,CELL PHONE NOT IN USE,ENTERING OR LEAVING RAMP,,S,US-101,65.0,A,STOPPED,A,HAD NOT BEEN DRINKING,,,M,MALE,39.0,C,CA,O,OTHER,1.0,PassengerCarStationWagonJeep,2016.0,MERZ,E350,BLK,False,,,,,,,,1,1.0,2.0,False
4925006,1736327,1,Driver,True,False,False,M,AIR BAG NOT DEPLOYED,G,OCCUPANT LAP SHOULDER HARNESS USED,CELL PHONE NOT IN USE,ENTERING OR LEAVING RAMP,,S,US-101,65.0,B,PROCEEDING STRAIGHT,A,HAD NOT BEEN DRINKING,,,F,FEMALE,,,WA,H,HISPANIC,1.0,PassengerCarStationWagonJeep,2010.0,HYUNDAI ,ELANTRA,SIL,True,,,,,,,,1,1.0,2.0,False
4924806,1736213,2,Driver,True,True,False,M,AIR BAG NOT DEPLOYED,B,OCCUPANT UNKNOWN,CELL PHONE USE UNKNOWN,NONE APPARENT,,N,SR-85,65.0,J,CHANGING LANES,G,IMPAIRMENT_NOT_KNOWN,,,M,MALE,56.0,,AZ,W,WHITE,1.0,PassengerCarStationWagonJeep,2019.0,TOYT,PRIUS,TAN,False,,,,,,,,2,3.0,3.0,False
4924805,1736213,1,Driver,,False,False,M,AIR BAG NOT DEPLOYED,G,OCCUPANT LAP SHOULDER HARNESS USED,CELL PHONE NOT IN USE,NONE APPARENT,,N,SR-85,65.0,B,PROCEEDING STRAIGHT,A,HAD NOT BEEN DRINKING,,,M,MALE,36.0,C,CA,H,HISPANIC,1.0,PassengerCarStationWagonJeep,2010.0,NISS,ALTIMA,WHI,True,,,,,,,,1,3.0,3.0,False
4924766,1736192,1,Driver,True,False,False,L,AIR BAG DEPLOYED,H,OCCUPANT LAP SHOULDER HARNESS NOT USED,CELL PHONE NOT IN USE,NONE APPARENT,,S,I-680 ,65.0,C,RAN OFF ROAD,A,HAD NOT BEEN DRINKING,,,M,MALE,27.0,C,CA,H,HISPANIC,1.0,PassengerCarStationWagonJeep,2011.0,Mazda ,MAZDA6,SIL,True,,,,,,,,S/B,1.0,1.0,False
4924595,1736102,2,Driver,,False,False,M,AIR BAG NOT DEPLOYED,G,OCCUPANT LAP SHOULDER HARNESS USED,CELL PHONE NOT IN USE,NONE APPARENT,,E,SR-237,65.0,A,STOPPED,A,HAD NOT BEEN DRINKING,,,M,MALE,31.0,C,CA,H,HISPANIC,1.0,PassengerCarStationWagonJeep,2010.0,CHEV,HHR,WHI,False,,,,,,,,2,2.0,4.0,False
4924594,1736102,1,Driver,True,False,True,B,UNKNOWN,B,OCCUPANT UNKNOWN,CELL PHONE USE UNKNOWN,NONE APPARENT,,E,SR-237,65.0,H,SLOWING/STOPPING,G,IMPAIRMENT_NOT_KNOWN,,,,,,,,,,99.0,OtherUnknownHitAndRunDriver,,,,,False,,,,,,,,2,2.0,4.0,False
4924570,1736090,1,Driver,True,False,False,M,AIR BAG NOT DEPLOYED,G,OCCUPANT LAP SHOULDER HARNESS USED,CELL PHONE NOT IN USE,VC SECTION VIOLATED - VC 22107,,S,US-101,65.0,M,OTHER UNSAFE TURNING,B,HBD-UNDER INFLUENCE,,,M,MALE,34.0,C,CA,H,HISPANIC,1.0,PassengerCarStationWagonJeep,2004.0,HOND,ACCORD,BLK,True,,,,,,,,3,4.0,4.0,False
4924558,1736082,4,Driver,,False,False,M,AIR BAG NOT DEPLOYED,G,OCCUPANT LAP SHOULDER HARNESS USED,CELL PHONE NOT IN USE,NONE APPARENT,,E,SR-237,65.0,A,STOPPED,A,HAD NOT BEEN DRINKING,,,F,FEMALE,48.0,C,CA,W,WHITE,7.0,SportUtilityVehicle,2017.0,BMW,X1,SIL,False,,,,,,,,1,2.0,3.0,False
4924557,1736082,3,Driver,,False,False,L,AIR BAG DEPLOYED,G,OCCUPANT LAP SHOULDER HARNESS USED,CELL PHONE USE UNKNOWN,NONE APPARENT,,E,SR-237,65.0,A,STOPPED,G,IMPAIRMENT_NOT_KNOWN,,,F,FEMALE,35.0,C,CA,H,HISPANIC,7.0,SportUtilityVehicle,2019.0,FORD,ECOSPORT,WHI,False,,,,,,,,1,2.0,3.0,False
4924556,1736082,2,Driver,,False,False,L,AIR BAG DEPLOYED,G,OCCUPANT LAP SHOULDER HARNESS USED,CELL PHONE NOT IN USE,NONE APPARENT,,E,SR-237,65.0,H,SLOWING/STOPPING,A,HAD NOT BEEN DRINKING,,,F,FEMALE,32.0,C,CA,H,HISPANIC,1.0,PassengerCarStationWagonJeep,2019.0,TOYT,CAMRY,WHI,False,,,,,,,,1,2.0,3.0,False
4924555,1736082,1,Driver,True,False,False,M,AIR BAG NOT DEPLOYED,G,OCCUPANT LAP SHOULDER HARNESS USED,CELL PHONE NOT IN USE,NONE APPARENT,,E,SR-237,65.0,B,PROCEEDING STRAIGHT,A,HAD NOT BEEN DRINKING,,,M,MALE,27.0,C,CA,W,WHITE,1.0,PassengerCarStationWagonJeep,2012.0,ACUR,TL,WHI,True,,,,,,,,1,2.0,3.0,False
4924510,1736058,2,Driver,,False,False,M,AIR BAG NOT DEPLOYED,G,OCCUPANT LAP SHOULDER HARNESS USED,CELL PHONE NOT IN USE,NONE APPARENT,,S,SR-85,65.0,H,SLOWING/STOPPING,A,HAD NOT BEEN DRINKING,,,M,MALE,49.0,C,CA,W,WHITE,22.0,PickupsAndPanels,2018.0,CHEV,SILVERADO,WHI,False,,,,,,,,1,2.0,3.0,False
4924509,1736058,1,Driver,True,False,False,M,AIR BAG NOT DEPLOYED,G,OCCUPANT LAP SHOULDER HARNESS USED,CELL PHONE NOT IN USE,NONE APPARENT,,S,SR-85,65.0,H,SLOWING/STOPPING,A,HAD NOT BEEN DRINKING,,,F,FEMALE,21.0,C,CA,H,HISPANIC,1.0,PassengerCarStationWagonJeep,2017.0,FORD,FUSION,WHI,False,,,,,,,,1,2.0,3.0,False
4924493,1736047,2,Driver,,False,False,M,AIR BAG NOT DEPLOYED,G,OCCUPANT LAP SHOULDER HARNESS USED,CELL PHONE NOT IN USE,NONE APPARENT,,S,I-880,65.0,H,SLOWING/STOPPING,A,HAD NOT BEEN DRINKING,,,M,MALE,33.0,C,CA,W,WHITE,1.0,PassengerCarStationWagonJeep,2012.0,NISS,SENTRA,GRY,False,,,,,,,,1,4.0,4.0,False
4924492,1736047,1,Driver,True,False,True,B,UNKNOWN,B,OCCUPANT UNKNOWN,CELL PHONE USE UNKNOWN,NONE APPARENT,,S,I-880,65.0,B,PROCEEDING STRAIGHT,G,IMPAIRMENT_NOT_KNOWN,,,,,,,,,,22.0,PickupsAndPanels,2000.0,DODG,RAM 1500 PU,BLK,False,,,,,,,,1,4.0,4.0,False
4924462,1736032,2,Driver,,False,False,L,AIR BAG DEPLOYED,G,OCCUPANT LAP SHOULDER HARNESS USED,CELL PHONE NOT IN USE,NONE APPARENT,,N,I-880 N/B,65.0,B,PROCEEDING STRAIGHT,A,HAD NOT BEEN DRINKING,,,F,FEMALE,57.0,C,CA,W,WHITE,1.0,PassengerCarStationWagonJeep,2018.0,TOYT,COROLLA IM,RED,True,,,,,,,,EXIT-2,2.0,2.0,False
4924461,1736032,1,Driver,True,False,True,M,AIR BAG NOT DEPLOYED,B,OCCUPANT UNKNOWN,CELL PHONE USE UNKNOWN,NONE APPARENT,,S,I-880 N/B,65.0,Q,TRAVELLING WRONG WAY,G,IMPAIRMENT_NOT_KNOWN,,,,,,,,,,22.0,PickupsAndPanels,2021.0,GMC,SIERRA,WHI,False,,,,,,,,EXIT-2,2.0,2.0,False
4924391,1735994,5,Driver,,False,False,M,AIR BAG NOT DEPLOYED,G,OCCUPANT LAP SHOULDER HARNESS USED,CELL PHONE NOT IN USE,NONE APPARENT,,N,I-680,65.0,A,STOPPED,A,HAD NOT BEEN DRINKING,,,M,MALE,38.0,C,CA,A,ASIAN,7.0,SportUtilityVehicle,2015.0,MERZ,ML350,WHI,False,,,,,,,,1,4.0,4.0,False
4924390,1735994,4,Driver,,False,False,M,AIR BAG NOT DEPLOYED,G,OCCUPANT LAP SHOULDER HARNESS USED,CELL PHONE NOT IN USE,NONE APPARENT,,N,I-680,65.0,A,STOPPED,A,HAD NOT BEEN DRINKING,,,M,MALE,39.0,C,CA,O,OTHER,8.0,MiniVan,2020.0,HOND,ODYSSEY,BLU,False,,,,,,,,1,4.0,4.0,False
4924389,1735994,3,Driver,,False,False,L,AIR BAG DEPLOYED,G,OCCUPANT LAP SHOULDER HARNESS USED,CELL PHONE NOT IN USE,NONE APPARENT,,N,I-680,65.0,A,STOPPED,A,HAD NOT BEEN DRINKING,,,F,FEMALE,24.0,C,CA,W,WHITE,1.0,PassengerCarStationWagonJeep,2021.0,HYUN,ELANTRA,WHI,True,,,,,,,,1,4.0,4.0,False
4924388,1735994,2,Driver,,False,False,L,AIR BAG DEPLOYED,A,OCCUPANT NONE IN VEHICLE,CELL PHONE NOT IN USE,NONE APPARENT,,N,I-680,65.0,A,STOPPED,A,HAD NOT BEEN DRINKING,,,M,MALE,32.0,U,,H,HISPANIC,1.0,PassengerCarStationWagonJeep,2018.0,HOND,ACCORD,RED,True,,,,,,,,1,4.0,4.0,False
4924387,1735994,1,Driver,True,False,False,L,AIR BAG DEPLOYED,G,OCCUPANT LAP SHOULDER HARNESS USED,CELL PHONE NOT IN USE,NONE APPARENT,,N,I-680,65.0,B,PROCEEDING STRAIGHT,A,HAD NOT BEEN DRINKING,,,M,MALE,22.0,C,CA,A,ASIAN,1.0,PassengerCarStationWagonJeep,2010.0,HOND,ACCORD,GRY,True,,,,,,,,1,4.0,4.0,False
4923302,1735427,2,Driver,,False,False,M,AIR BAG NOT DEPLOYED,G,OCCUPANT LAP SHOULDER HARNESS USED,CELL PHONE NOT IN USE,NONE APPARENT,,S,I-880,65.0,H,SLOWING/STOPPING,A,HAD NOT BEEN DRINKING,,,F,FEMALE,77.0,C,CA,W,WHITE,7.0,SportUtilityVehicle,2016.0,MAZD,CX5,BLK,False,,,,,,,,2,3.0,3.0,False
4923301,1735427,1,Driver,True,False,False,L,AIR BAG DEPLOYED,G,OCCUPANT LAP SHOULDER HARNESS USED,CELL PHONE NOT IN USE,NONE APPARENT,,S,I-880,65.0,B,PROCEEDING STRAIGHT,A,HAD NOT BEEN DRINKING,,,F,FEMALE,54.0,C,CA,W,WHITE,1.0,PassengerCarStationWagonJeep,2009.0,MNNI,MINI COOPER,RED,True,,,,,,,,2,3.0,3.0,False
4922951,1735256,3,Driver,,False,False,M,AIR BAG NOT DEPLOYED,G,OCCUPANT LAP SHOULDER HARNESS USED,CELL PHONE NOT IN USE,NONE APPARENT,,N,SR-87,65.0,H,SLOWING/STOPPING,A,HAD NOT BEEN DRINKING,,,F,FEMALE,34.0,C,CA,A,ASIAN,1.0,PassengerCarStationWagonJeep,2020.0,TOYT,CAMRY,WHI,False,,,,,,,,3,3.0,3.0,False
4922950,1735256,2,Driver,,False,False,M,AIR BAG NOT DEPLOYED,G,OCCUPANT LAP SHOULDER HARNESS USED,CELL PHONE NOT IN USE,NONE APPARENT,,N,SR-87,65.0,H,SLOWING/STOPPING,A,HAD NOT BEEN DRINKING,,,M,MALE,63.0,C,CA,A,ASIAN,7.0,SportUtilityVehicle,2000.0,MERZ,ML320,SIL,False,,,,,,,,3,3.0,3.0,False
4922949,1735256,1,Driver,True,False,False,M,AIR BAG NOT DEPLOYED,G,OCCUPANT LAP SHOULDER HARNESS USED,CELL PHONE NOT IN USE,NONE APPARENT,,N,SR-87,65.0,B,PROCEEDING STRAIGHT,A,HAD NOT BEEN DRINKING,,,M,MALE,36.0,C,CA,W,WHITE,22.0,PickupsAndPanels,2002.0,TOYT,TUNDRA,BLK,True,,,,,,,,3,3.0,3.0,False
4922933,1735246,1,Driver,True,False,False,L,AIR BAG DEPLOYED,G,OCCUPANT LAP SHOULDER HARNESS USED,CELL PHONE NOT IN USE,NONE APPARENT,,S,US-101,65.0,R,OTHER,A,HAD NOT BEEN DRINKING,,,M,MALE,34.0,C,CA,A,ASIAN,1.0,PassengerCarStationWagonJeep,2012.0,MAZD,MAZDA 5,BLK,True,,,,,,,,4,5.0,5.0,False
4922855,1735201,2,Driver,,False,False,M,AIR BAG NOT DEPLOYED,G,OCCUPANT LAP SHOULDER HARNESS USED,CELL PHONE NOT IN USE,NONE APPARENT,,N,I-280,65.0,H,SLOWING/STOPPING,A,HAD NOT BEEN DRINKING,,,M,MALE,20.0,C,AZ,W,WHITE,1.0,PassengerCarStationWagonJeep,2014.0,TOYT,CAMRY,SIL,False,,,,,,,,4,5.0,5.0,False
4922854,1735201,1,Driver,True,False,False,L,AIR BAG DEPLOYED,G,OCCUPANT LAP SHOULDER HARNESS USED,CELL PHONE NOT IN USE,NONE APPARENT,,N,I-280,65.0,B,PROCEEDING STRAIGHT,A,HAD NOT BEEN DRINKING,,,F,FEMALE,42.0,U,CA,H,HISPANIC,7.0,SportUtilityVehicle,2017.0,NISS,ROGUE,SIL,True,,,,,,,,4,5.0,5.0,False
4922523,1735032,1,Driver,True,False,False,P,NOT REQUIRED,W,MOTOR BICYCLE DRIVER WITH HELMET,CELL PHONE NOT IN USE,NONE APPARENT,,N,SR-87,65.0,H,SLOWING/STOPPING,A,HAD NOT BEEN DRINKING,,,M,MALE,69.0,M1,CA,W,WHITE,2.0,Motorcycle,2015.0,HD,ROAD GLIDE,BLU,False,,,,,,,,TRN LN,0.0,2.0,False
4921682,1734598,2,Driver,,False,False,M,AIR BAG NOT DEPLOYED,G,OCCUPANT LAP SHOULDER HARNESS USED,CELL PHONE NOT IN USE,NONE APPARENT,,N,US-101 N/B TO ALUM ROCK,65.0,A,STOPPED,A,HAD NOT BEEN DRINKING,,,M,MALE,49.0,C,CA,A,ASIAN,22.0,PickupsAndPanels,2019.0,GMC,SIERRA,WHI,False,,,,,,,,EXIT-3,3.0,3.0,False
4921681,1734598,1,Driver,True,False,False,M,AIR BAG NOT DEPLOYED,G,OCCUPANT LAP SHOULDER HARNESS USED,CELL PHONE NOT IN USE,NONE APPARENT,,N,US-101 N/B TO ALUM ROCK,65.0,B,PROCEEDING STRAIGHT,A,HAD NOT BEEN DRINKING,,,M,MALE,21.0,C,CA,H,HISPANIC,1.0,PassengerCarStationWagonJeep,2008.0,HOND,CIVIC,GLD,True,,,,,,,,EXIT-3,3.0,3.0,False
4921135,1734316,2,Driver,,False,False,M,AIR BAG NOT DEPLOYED,G,OCCUPANT LAP SHOULDER HARNESS USED,CELL PHONE NOT IN USE,NONE APPARENT,,S,US-101,65.0,H,SLOWING/STOPPING,A,HAD NOT BEEN DRINKING,,,F,FEMALE,46.0,C,CA,A,ASIAN,7.0,SportUtilityVehicle,2018.0,ACUR,MDX,GRY/,False,,,,,,,,1,3.0,4.0,False
4921134,1734316,1,Driver,True,False,False,M,AIR BAG NOT DEPLOYED,G,OCCUPANT LAP SHOULDER HARNESS USED,CELL PHONE NOT IN USE,NONE APPARENT,,S,US-101,65.0,B,PROCEEDING STRAIGHT,A,HAD NOT BEEN DRINKING,,,M,MALE,42.0,C,CA,H,HISPANIC,22.0,PickupsAndPanels,2020.0,FORD,F150,SIL,False,,,,,,,,1,3.0,4.0,False
4920742,1734120,1,Driver,True,False,False,M,AIR BAG NOT DEPLOYED,G,OCCUPANT LAP SHOULDER HARNESS USED,CELL PHONE NOT IN USE,NONE APPARENT,,N,US-101 TO CAPITOL EXPWY.,65.0,R,OTHER,A,HAD NOT BEEN DRINKING,,,F,FEMALE,26.0,C,CA,A,ASIAN,1.0,PassengerCarStationWagonJeep,2000.0,TOYT,COROLLA,GRN,False,,,,,,,,AUX-1,1.0,2.0,False
4920741,1734119,2,Driver,,False,False,P,NOT REQUIRED,W,MOTOR BICYCLE DRIVER WITH HELMET,CELL PHONE NOT IN USE,ENTERING OR LEAVING RAMP,,S,US-101,65.0,B,PROCEEDING STRAIGHT,A,HAD NOT BEEN DRINKING,,,M,MALE,28.0,M1,CA,H,HISPANIC,2.0,Motorcycle,2016.0,HD,STREET BOB,BLK,True,,,,,,,,2,2.0,2.0,False
4920740,1734119,1,Driver,True,False,False,M,AIR BAG NOT DEPLOYED,G,OCCUPANT LAP SHOULDER HARNESS USED,CELL PHONE NOT IN USE,ENTERING OR LEAVING RAMP,,S,US-101,65.0,J,CHANGING LANES,A,HAD NOT BEEN DRINKING,,,M,MALE,44.0,C,CA,A,ASIAN,1.0,PassengerCarStationWagonJeep,2018.0,HOND,ACCORD,BLU,False,,,,,,,,2,2.0,2.0,False
4920734,1734116,2,Driver,,False,False,M,AIR BAG NOT DEPLOYED,G,OCCUPANT LAP SHOULDER HARNESS USED,CELL PHONE NOT IN USE,NONE APPARENT,,N,I-680,65.0,B,PROCEEDING STRAIGHT,A,HAD NOT BEEN DRINKING,,,F,FEMALE,41.0,C,CA,H,HISPANIC,1.0,PassengerCarStationWagonJeep,2018.0,NISS,VERSAILLES,RED,False,,,,,,,,5,6.0,7.0,False
4920733,1734116,1,Driver,True,False,True,B,UNKNOWN,B,OCCUPANT UNKNOWN,CELL PHONE USE UNKNOWN,NONE APPARENT,,N,I-680,65.0,R,OTHER,G,IMPAIRMENT_NOT_KNOWN,,,,,,,,,,99.0,OtherUnknownHitAndRunDriver,,,,,False,,,,,,,,N/B,6.0,7.0,False
4920485,1733986,3,Driver,,False,False,M,AIR BAG NOT DEPLOYED,G,OCCUPANT LAP SHOULDER HARNESS USED,CELL PHONE NOT IN USE,NONE APPARENT,,S,I-280,65.0,A,STOPPED,A,HAD NOT BEEN DRINKING,,,M,MALE,48.0,C,CA,H,HISPANIC,22.0,PickupsAndPanels,2001.0,TOYT,PRE RUNNER,WHI,False,,,,,,,,2,5.0,5.0,False
4920484,1733986,2,Driver,,False,False,M,AIR BAG NOT DEPLOYED,G,OCCUPANT LAP SHOULDER HARNESS USED,CELL PHONE NOT IN USE,NONE APPARENT,,S,I-280,65.0,A,STOPPED,A,HAD NOT BEEN DRINKING,,,M,MALE,35.0,U,CA,H,HISPANIC,22.0,PickupsAndPanels,2001.0,TOYT,PRE RUNNER,WHI,False,,,,,,,,2,5.0,5.0,False
4920483,1733986,1,Driver,True,False,False,M,AIR BAG NOT DEPLOYED,G,OCCUPANT LAP SHOULDER HARNESS USED,CELL PHONE NOT IN USE,VC SECTION VIOLATED - VC 22350,,S,I-280,65.0,B,PROCEEDING STRAIGHT,B,HBD-UNDER INFLUENCE,,,M,MALE,33.0,C,CA,H,HISPANIC,1.0,PassengerCarStationWagonJeep,2001.0,HOND,ACCORD,BLK,False,,,,,,,,2,5.0,5.0,False
4920361,1733922,2,Driver,,False,False,B,UNKNOWN,B,OCCUPANT UNKNOWN,CELL PHONE HANDHELD IN USE,NONE APPARENT,,N,SR-85,65.0,B,PROCEEDING STRAIGHT,A,HAD NOT BEEN DRINKING,,,M,MALE,51.0,C,CA,H,HISPANIC,1.0,PassengerCarStationWagonJeep,2012.0,AUDI,S5,GRY,False,,,,,,,,1,3.0,3.0,False
4920360,1733922,1,Driver,True,False,False,B,UNKNOWN,B,OCCUPANT UNKNOWN,CELL PHONE USE UNKNOWN,NONE APPARENT,,N,SR-85,65.0,R,OTHER,G,IMPAIRMENT_NOT_KNOWN,,,M,MALE,64.0,C,CA,W,WHITE,22.0,PickupsAndPanels,2006.0,FORD,E350,WHI,False,,,,,,,,3,3.0,3.0,False
4920337,1733908,2,Driver,,False,False,M,AIR BAG NOT DEPLOYED,G,OCCUPANT LAP SHOULDER HARNESS USED,CELL PHONE NOT IN USE,NONE APPARENT,,S,SR-17 S/B,65.0,H,SLOWING/STOPPING,A,HAD NOT BEEN DRINKING,,,M,MALE,35.0,C,CA,O,OTHER,7.0,SportUtilityVehicle,2021.0,TOYT,HIGHLANDER,BLU,False,,,,,,,,2,3.0,3.0,False
4920336,1733908,1,Driver,True,False,False,M,AIR BAG NOT DEPLOYED,G,OCCUPANT LAP SHOULDER HARNESS USED,CELL PHONE NOT IN USE,NONE APPARENT,,S,SR-17 S/B,65.0,B,PROCEEDING STRAIGHT,A,HAD NOT BEEN DRINKING,,,M,MALE,21.0,C,CA,W,WHITE,1.0,PassengerCarStationWagonJeep,2017.0,CHRY,300,SIL,False,,,,,,,,2,3.0,3.0,False
4920143,1733815,2,Driver,,False,False,M,AIR BAG NOT DEPLOYED,G,OCCUPANT LAP SHOULDER HARNESS USED,CELL PHONE NOT IN USE,NONE APPARENT,,N,I-280,65.0,B,PROCEEDING STRAIGHT,A,HAD NOT BEEN DRINKING,,,F,FEMALE,23.0,C,CA,H,HISPANIC,1.0,PassengerCarStationWagonJeep,2019.0,DODG,CHALLENGER,RED,False,,,,,,,,4,4.0,5.0,False
4920142,1733815,1,Driver,True,False,True,B,UNKNOWN,B,OCCUPANT UNKNOWN,CELL PHONE USE UNKNOWN,ENTERING OR LEAVING RAMP,,N,I-280,65.0,P,MERGING,G,IMPAIRMENT_NOT_KNOWN,,,,,,,,,,99.0,OtherUnknownHitAndRunDriver,,,,,False,,,,,,,,5,4.0,5.0,False