PartyId,CollisionId,PartyNumber,PartyType,IsAtFault,IsOnDutyEmergencyVehicle,IsHitAndRun,AirbagCode,AirbagDescription,SafetyEquipmentCode,SafetyEquipmentDescription,Special Information,Other Associate Factor,Inattention,DirectionOfTravel,StreetOrHighwayName,SpeedLimit,MovementPrecCollCode,MovementPrecCollDescription,SobrietyDrugPhysicalCode1,SobrietyDrugPhysicalDescription1,SobrietyDrugPhysicalCode2,SobrietyDrugPhysicalDescription2,GenderCode,GenderDescription,StatedAge,DriverLicenseClass,DriverLicenseStateCode,RaceCode,RaceDesc,Vehicle1TypeId, Vehicle1TypeDesc, Vehicle1Year,Vehicle1Make,Vehicle1Model,Vehicle1Color,V1IsVehicleTowed,Vehicle2TypeId, Vehicle2TypeDesc, Vehicle2Year,Vehicle2Make,Vehicle2Model,Vehicle2Color,V2IsVehicleTowed,Lane,ThruLanes,TotalLanes,IsDREConducted
5313218,1753343,1,Driver,True,False,False,M,AIR BAG NOT DEPLOYED,G,OCCUPANT LAP SHOULDER HARNESS USED,CELL PHONE NOT IN USE,NONE APPARENT,,S,I-880 S/B,65.0,B,PROCEEDING STRAIGHT,A,HAD NOT BEEN DRINKING,,,F,FEMALE,20.0,C,CA,O,OTHER,1.0,PassengerCarStationWagonJeep,2019.0,VOLK,Jetta,BLU,True,,,,,,,,S/B,1.0,1.0,False
5313200,1753333,1,Driver,,False,False,M,AIR BAG NOT DEPLOYED,G,OCCUPANT LAP SHOULDER HARNESS USED,CELL PHONE NOT IN USE,NONE APPARENT,,S,I-680,65.0,B,PROCEEDING STRAIGHT,A,HAD NOT BEEN DRINKING,,,F,FEMALE,47.0,C,CA,A,ASIAN,1.0,PassengerCarStationWagonJeep,2020.0,TOYT,RAV4,BLK,False,,,,,,,,2,4.0,4.0,False
5313199,1753332,2,Driver,,False,True,B,UNKNOWN,,,CELL PHONE USE UNKNOWN,NONE APPARENT,,N,I-280 N/B,65.0,H,SLOWING/STOPPING,G,IMPAIRMENT_NOT_KNOWN,,,,,,,,,,99.0,OtherUnknownHitAndRunDriver,,,,,False,,,,,,,,1,2.0,2.0,False
5313198,1753332,1,Driver,True,False,False,M,AIR BAG NOT DEPLOYED,G,OCCUPANT LAP SHOULDER HARNESS USED,CELL PHONE NOT IN USE,NONE APPARENT,,N,I-280,65.0,B,PROCEEDING STRAIGHT,A,HAD NOT BEEN DRINKING,,,M,MALE,24.0,C,CA,H,HISPANIC,1.0,PassengerCarStationWagonJeep,2013.0,NISS,SENTRA,SIL,False,,,,,,,,1,2.0,2.0,False
4957311,1753231,1,Driver,True,False,False,L,AIR BAG DEPLOYED,B,OCCUPANT UNKNOWN,CELL PHONE USE UNKNOWN,ENTERING OR LEAVING RAMP,,S,US101,65.0,R,OTHER,D,HBD-IMPAIRMENT UNKNOWN,,,M,MALE,40.0,C,CA,B,BLACK,99.0,OtherUnknownHitAndRunDriver,2006.0,TOYT,PRIUS,TAN,True,,,,,,,,EXIT,0.0,1.0,False
4956586,1752847,3,Driver,,False,False,M,AIR BAG NOT DEPLOYED,G,OCCUPANT LAP SHOULDER HARNESS USED,CELL PHONE NOT IN USE,STOP & GO TRAFFIC,,S,SR-85,65.0,H,SLOWING/STOPPING,A,HAD NOT BEEN DRINKING,,,M,MALE,39.0,C,CA,H,HISPANIC,1.0,PassengerCarStationWagonJeep,2020.0,HYUN,ELANTRA,BLU,False,,,,,,,,1,2.0,3.0,False
4956585,1752847,2,Driver,,False,False,M,AIR BAG NOT DEPLOYED,G,OCCUPANT LAP SHOULDER HARNESS USED,CELL PHONE NOT IN USE,STOP & GO TRAFFIC,,S,SR-85,65.0,H,SLOWING/STOPPING,A,HAD NOT BEEN DRINKING,,,F,FEMALE,57.0,C,CA,W,WHITE,1.0,PassengerCarStationWagonJeep,2013.0,TOYT,PRIUS,BLU,False,,,,,,,,1,2.0,3.0,False
4956584,1752847,1,Driver,True,False,True,B,UNKNOWN,B,OCCUPANT UNKNOWN,CELL PHONE USE UNKNOWN,STOP & GO TRAFFIC,,S,SR-85,65.0,B,PROCEEDING STRAIGHT,G,IMPAIRMENT_NOT_KNOWN,,,,,,,,,,99.0,OtherUnknownHitAndRunDriver,,,,,False,,,,,,,,1,2.0,3.0,False
4956436,1752770,2,Driver,,False,False,M,AIR BAG NOT DEPLOYED,G,OCCUPANT LAP SHOULDER HARNESS USED,CELL PHONE NOT IN USE,ENTERING OR LEAVING RAMP,,S,I-280,65.0,A,STOPPED,A,HAD NOT BEEN DRINKING,,,M,MALE,47.0,C,CA,O,OTHER,7.0,SportUtilityVehicle,2018.0,BMW,X5,GRY,False,,,,,,,,S/B,1.0,1.0,False
4956435,1752770,1,Driver,True,False,True,B,UNKNOWN,B,OCCUPANT UNKNOWN,CELL PHONE USE UNKNOWN,ENTERING OR LEAVING RAMP,,S,I-280,65.0,B,PROCEEDING STRAIGHT,G,IMPAIRMENT_NOT_KNOWN,,,,,,,,,,99.0,OtherUnknownHitAndRunDriver,,,,UNK,False,,,,,,,,S/B,1.0,1.0,False
4956377,1752742,3,Driver,,False,False,M,AIR BAG NOT DEPLOYED,G,OCCUPANT LAP SHOULDER HARNESS USED,CELL PHONE NOT IN USE,NONE APPARENT,,N,I-280,65.0,B,PROCEEDING STRAIGHT,A,HAD NOT BEEN DRINKING,,,M,MALE,59.0,B,CA,O,OTHER,8.0,MiniVan,2017.0,FORD,TRANSIT,SIL,True,,,,,,,,3,4.0,4.0,False
4956376,1752742,2,Driver,,False,False,M,AIR BAG NOT DEPLOYED,G,OCCUPANT LAP SHOULDER HARNESS USED,CELL PHONE NOT IN USE,NONE APPARENT,,N,I-280,65.0,B,PROCEEDING STRAIGHT,A,HAD NOT BEEN DRINKING,,,M,MALE,53.0,C,CA,H,HISPANIC,22.0,PickupsAndPanels,2006.0,CHEV,SILVERADO 2500,WHI,True,,,,,,,,2,4.0,4.0,False
4956375,1752742,1,Driver,True,False,False,M,AIR BAG NOT DEPLOYED,G,OCCUPANT LAP SHOULDER HARNESS USED,CELL PHONE NOT IN USE,NONE APPARENT,,N,I-280,65.0,R,OTHER,A,HAD NOT BEEN DRINKING,,,F,FEMALE,33.0,U,,H,HISPANIC,1.0,PassengerCarStationWagonJeep,2011.0,NISS,SENTRA,SIL,False,,,,,,,,1,4.0,4.0,False
4955991,1752547,2,Driver,,False,False,M,AIR BAG NOT DEPLOYED,G,OCCUPANT LAP SHOULDER HARNESS USED,CELL PHONE NOT IN USE,NONE APPARENT,,S,I-680,65.0,B,PROCEEDING STRAIGHT,A,HAD NOT BEEN DRINKING,,,M,MALE,37.0,U,,H,HISPANIC,1.0,PassengerCarStationWagonJeep,2002.0,TOYT,COROLLA,GLD,False,,,,,,,,6,7.0,7.0,False
4955990,1752547,1,Driver,True,False,False,M,AIR BAG NOT DEPLOYED,G,OCCUPANT LAP SHOULDER HARNESS USED,CELL PHONE NOT IN USE,NONE APPARENT,,S,I-680,65.0,J,CHANGING LANES,A,HAD NOT BEEN DRINKING,,,M,MALE,75.0,A,CA,W,WHITE,27.0,ThreeOrMoreAxleTruck,2012.0,MACK,DUMP,WHI/BRZ,False,,,,,,,,3,7.0,7.0,False
4955766,1752425,1,Driver,True,False,False,M,AIR BAG NOT DEPLOYED,G,OCCUPANT LAP SHOULDER HARNESS USED,CELL PHONE NOT IN USE,NONE APPARENT,,S,SR-87,65.0,C,RAN OFF ROAD,A,HAD NOT BEEN DRINKING,,,M,MALE,69.0,C,CA,A,ASIAN,1.0,PassengerCarStationWagonJeep,2004.0,TOYT,Camry,GRY,True,,,,,,,,1,3.0,3.0,False
4955698,1752390,1,Driver,True,False,False,L,AIR BAG DEPLOYED,G,OCCUPANT LAP SHOULDER HARNESS USED,CELL PHONE NOT IN USE,VC SECTION VIOLATED - VC 22107,,S,US-101,65.0,R,OTHER,B,HBD-UNDER INFLUENCE,,,F,FEMALE,23.0,C,CA,A,ASIAN,1.0,PassengerCarStationWagonJeep,2003.0,MERZ,SL500,GRY,True,,,,,,,,4,4.0,4.0,False
4955562,1752310,1,Driver,True,False,False,L,AIR BAG DEPLOYED,G,OCCUPANT LAP SHOULDER HARNESS USED,CELL PHONE NOT IN USE,NONE APPARENT,,N,US-101,65.0,R,OTHER,A,HAD NOT BEEN DRINKING,,,F,FEMALE,24.0,C,CA,W,WHITE,1.0,PassengerCarStationWagonJeep,2016.0,CHEV,MALIBU,BLU,True,,,,,,,,4,4.0,4.0,False
4953956,1751500,2,Driver,,False,False,M,AIR BAG NOT DEPLOYED,G,OCCUPANT LAP SHOULDER HARNESS USED,CELL PHONE NOT IN USE,NONE APPARENT,,S,SR85,65.0,A,STOPPED,A,HAD NOT BEEN DRINKING,,,M,MALE,29.0,C,CA,H,HISPANIC,1.0,PassengerCarStationWagonJeep,2010.0,MAZD,3,BLK,False,,,,,,,,LT-1,1.0,3.0,False
4953955,1751500,1,Driver,True,False,False,M,AIR BAG NOT DEPLOYED,G,OCCUPANT LAP SHOULDER HARNESS USED,CELL PHONE NOT IN USE,NONE APPARENT,,S,SR85 ,65.0,H,SLOWING/STOPPING,A,HAD NOT BEEN DRINKING,,,M,MALE,16.0,U,,H,HISPANIC,1.0,PassengerCarStationWagonJeep,2007.0,TOYT,CAMRY,BLU,False,,,,,,,,LT-2,1.0,3.0,False
4953230,1751102,2,Driver,,False,False,M,AIR BAG NOT DEPLOYED,G,OCCUPANT LAP SHOULDER HARNESS USED,CELL PHONE USE UNKNOWN,NONE APPARENT,,S,SR-85,65.0,B,PROCEEDING STRAIGHT,A,HAD NOT BEEN DRINKING,,,M,MALE,33.0,C,CA,W,WHITE,1.0,PassengerCarStationWagonJeep,2004.0,TOYT,Corolla,WHI,False,,,,,,,,2,3.0,3.0,False
4953229,1751102,1,Driver,True,False,False,M,AIR BAG NOT DEPLOYED,F,OCCUPANT SHOULDER HARNESS NOT USED,CELL PHONE USE UNKNOWN,NONE APPARENT,,S,SR-85,65.0,M,OTHER UNSAFE TURNING,G,IMPAIRMENT_NOT_KNOWN,,,F,FEMALE,19.0,C,CA,H,HISPANIC,1.0,PassengerCarStationWagonJeep,2000.0,MAZD,626,WHI,True,,,,,,,,1,3.0,3.0,False
4953169,1751067,1,Driver,True,False,False,P,NOT REQUIRED,W,MOTOR BICYCLE DRIVER WITH HELMET,CELL PHONE NOT IN USE,NONE APPARENT,,S,US-101,65.0,R,OTHER,A,HAD NOT BEEN DRINKING,,,M,MALE,42.0,M1,CA,O,OTHER,2.0,Motorcycle,2009.0,HD,ROADKING,BLK,False,,,,,,,,4,5.0,5.0,False
4953110,1751036,3,Other,,False,False,M,AIR BAG NOT DEPLOYED,H,OCCUPANT LAP SHOULDER HARNESS NOT USED,CELL PHONE NOT IN USE,NONE APPARENT,,N,I-880,65.0,A,STOPPED,H,NOT APPLICABLE,,,,,,,,,,55.0,TwoAxleTowTruck,2015.0,FRHT,Flatbed,WHI,False,,,,,,,,4,4.0,4.0,False
4953109,1751036,2,Other,,True,False,M,AIR BAG NOT DEPLOYED,H,OCCUPANT LAP SHOULDER HARNESS NOT USED,CELL PHONE NOT IN USE,NONE APPARENT,,N,I-880,65.0,A,STOPPED,H,NOT APPLICABLE,,,,,,,,,,48.0,PoliceCar,2019.0,CHEV,TAHOE,BLK/WHI,False,,,,,,,,4,4.0,4.0,False
4953108,1751036,1,Driver,True,False,False,L,AIR BAG DEPLOYED,G,OCCUPANT LAP SHOULDER HARNESS USED,CELL PHONE NOT IN USE,VC SECTION VIOLATED - VC 22350,,N,I-880,65.0,B,PROCEEDING STRAIGHT,B,HBD-UNDER INFLUENCE,,,M,MALE,23.0,C,CA,H,HISPANIC,1.0,PassengerCarStationWagonJeep,2020.0,TOYT,COROLLA,SIL,True,,,,,,,,4,4.0,4.0,False
4953062,1751009,2,Driver,,False,False,M,AIR BAG NOT DEPLOYED,G,OCCUPANT LAP SHOULDER HARNESS USED,CELL PHONE NOT IN USE,NONE APPARENT,,S,US-101,65.0,B,PROCEEDING STRAIGHT,A,HAD NOT BEEN DRINKING,,,M,MALE,46.0,C,CA,H,HISPANIC,7.0,SportUtilityVehicle,2007.0,TOYT,FJ CRUISER,BLU,False,,,,,,,,6,6.0,6.0,False
4953061,1751009,1,Driver,True,False,False,M,AIR BAG NOT DEPLOYED,G,OCCUPANT LAP SHOULDER HARNESS USED,CELL PHONE NOT IN USE,NONE APPARENT,,S,US-101,65.0,J,CHANGING LANES,A,HAD NOT BEEN DRINKING,,,F,FEMALE,28.0,C,CA,O,OTHER,7.0,SportUtilityVehicle,2019.0,LEXS,450 H,BLK,False,,,,,,,,5,6.0,6.0,False
4952980,1750965,2,Driver,,False,False,M,AIR BAG NOT DEPLOYED,G,OCCUPANT LAP SHOULDER HARNESS USED,CELL PHONE NOT IN USE,NONE APPARENT,,S,US-101,65.0,B,PROCEEDING STRAIGHT,A,HAD NOT BEEN DRINKING,,,M,MALE,42.0,C,CA,W,WHITE,1.0,PassengerCarStationWagonJeep,2017.0,TOYT,SCION,BLK,False,,,,,,,,AUX,0.0,1.0,False
4952979,1750965,1,Driver,True,False,False,L,AIR BAG DEPLOYED,G,OCCUPANT LAP SHOULDER HARNESS USED,CELL PHONE HANDHELD IN USE,VC SECTION VIOLATED - VC 22350,,S,US-101,65.0,B,PROCEEDING STRAIGHT,B,HBD-UNDER INFLUENCE,,,M,MALE,29.0,U,CA,H,HISPANIC,1.0,PassengerCarStationWagonJeep,2019.0,TOYT,SCION,GRY,True,,,,,,,,AUX,0.0,1.0,False
4952952,1750949,2,Driver,,False,False,M,AIR BAG NOT DEPLOYED,G,OCCUPANT LAP SHOULDER HARNESS USED,CELL PHONE NOT IN USE,NONE APPARENT,,N,I-880,65.0,B,PROCEEDING STRAIGHT,A,HAD NOT BEEN DRINKING,,,M,MALE,32.0,C,CA,H,HISPANIC,1.0,PassengerCarStationWagonJeep,2009.0,ACUR,TL,GRY,False,,,,,,,,2,3.0,3.0,False
4952951,1750949,1,Driver,True,False,False,M,AIR BAG NOT DEPLOYED,G,OCCUPANT LAP SHOULDER HARNESS USED,CELL PHONE NOT IN USE,NONE APPARENT,,S,I-880,65.0,B,PROCEEDING STRAIGHT,A,HAD NOT BEEN DRINKING,,,M,MALE,26.0,C,CA,B,BLACK,22.0,PickupsAndPanels,2020.0,MERZ,Sprinter 2500,WHI,False,,,,,,,,1,3.0,3.0,False
4952864,1750904,2,Driver,,False,False,M,AIR BAG NOT DEPLOYED,G,OCCUPANT LAP SHOULDER HARNESS USED,CELL PHONE NOT IN USE,NONE APPARENT,,N,I-680,65.0,B,PROCEEDING STRAIGHT,A,HAD NOT BEEN DRINKING,,,M,MALE,35.0,U,CA,H,HISPANIC,1.0,PassengerCarStationWagonJeep,2017.0,TOYT,CAMRY,GRN,True,,,,,,,,3,4.0,4.0,False
4952863,1750904,1,Driver,True,False,True,L,AIR BAG DEPLOYED,B,OCCUPANT UNKNOWN,CELL PHONE USE UNKNOWN,NONE APPARENT,,N,I-680,65.0,B,PROCEEDING STRAIGHT,G,IMPAIRMENT_NOT_KNOWN,,,,,,,,,,1.0,PassengerCarStationWagonJeep,2018.0,HOND,ACCORD,GRY,True,,,,,,,,3,4.0,4.0,False
4952822,1750881,1,Driver,True,False,False,M,AIR BAG NOT DEPLOYED,B,OCCUPANT UNKNOWN,CELL PHONE USE UNKNOWN,NONE APPARENT,,N,US-101,65.0,R,OTHER,D,HBD-IMPAIRMENT UNKNOWN,,,M,MALE,37.0,U,CA,H,HISPANIC,22.0,PickupsAndPanels,1993.0,CHEV,SILVERADO,WHI,False,,,,,,,,N/B,2.0,1.0,False
4952423,1750678,1,Driver,True,False,False,L,AIR BAG DEPLOYED,B,OCCUPANT UNKNOWN,CELL PHONE HANDHELD IN USE,INATTENTION,CELL PHONE HANDHELD,N,SR-87,65.0,R,OTHER,A,HAD NOT BEEN DRINKING,,,M,MALE,28.0,U,,H,HISPANIC,1.0,PassengerCarStationWagonJeep,2014.0,MAZD,MAZDA3,SIL,False,,,,,,,,EXIT-3,4.0,4.0,False
4951894,1750393,2,Driver,,False,False,M,AIR BAG NOT DEPLOYED,G,OCCUPANT LAP SHOULDER HARNESS USED,CELL PHONE NOT IN USE,NONE APPARENT,,N,US-101 N/B,55.0,B,PROCEEDING STRAIGHT,A,HAD NOT BEEN DRINKING,,,M,MALE,40.0,A,CA,H,HISPANIC,25.0,TruckTractor,2019.0,KW,T-680,SIL,False,31.0,SemiTrailer,1980.0,FRUEHAUF,TRAILER,BLK,,4,4.0,4.0,False
4951893,1750393,1,Driver,True,False,False,L,AIR BAG DEPLOYED,F,OCCUPANT SHOULDER HARNESS NOT USED,CELL PHONE NOT IN USE,NONE APPARENT,,N,US-101 N/B,65.0,B,PROCEEDING STRAIGHT,A,HAD NOT BEEN DRINKING,,,M,MALE,38.0,C,CA,H,HISPANIC,22.0,PickupsAndPanels,2006.0,GMC,SIERRA,BLK,True,,,,,,,,4,4.0,4.0,False
4951815,1750349,2,Driver,,False,False,M,AIR BAG NOT DEPLOYED,G,OCCUPANT LAP SHOULDER HARNESS USED,CELL PHONE NOT IN USE,NONE APPARENT,,S,I-680,65.0,A,STOPPED,A,HAD NOT BEEN DRINKING,,,F,FEMALE,20.0,C,CA,A,ASIAN,1.0,PassengerCarStationWagonJeep,2022.0,HOND,CIVIC,BLK,False,,,,,,,,2,4.0,4.0,False
4951814,1750349,1,Driver,True,False,False,M,AIR BAG NOT DEPLOYED,G,OCCUPANT LAP SHOULDER HARNESS USED,CELL PHONE NOT IN USE,NONE APPARENT,,S,I-680,65.0,B,PROCEEDING STRAIGHT,A,HAD NOT BEEN DRINKING,,,F,FEMALE,17.0,U,CA,H,HISPANIC,1.0,PassengerCarStationWagonJeep,2008.0,HOND,ACCORD,GRY,False,,,,,,,,2,4.0,4.0,False
4951634,1750245,2,Driver,,False,False,M,AIR BAG NOT DEPLOYED,G,OCCUPANT LAP SHOULDER HARNESS USED,CELL PHONE NOT IN USE,NONE APPARENT,,N,I-280 ,65.0,B,PROCEEDING STRAIGHT,A,HAD NOT BEEN DRINKING,,,F,FEMALE,35.0,C,CA,H,HISPANIC,22.0,PickupsAndPanels,2011.0,GMC,SIERRA,BLU,False,,,,,,,,1,5.0,5.0,False
4951633,1750245,1,Driver,,False,False,M,AIR BAG NOT DEPLOYED,G,OCCUPANT LAP SHOULDER HARNESS USED,CELL PHONE NOT IN USE,NONE APPARENT,,N,I-280 ,65.0,B,PROCEEDING STRAIGHT,A,HAD NOT BEEN DRINKING,,,M,MALE,42.0,C,CA,H,HISPANIC,22.0,PickupsAndPanels,2018.0,GMC,SIERRA,SIL,True,,,,,,,,1,5.0,5.0,False
4951624,1750239,2,Driver,,False,False,L,AIR BAG DEPLOYED,G,OCCUPANT LAP SHOULDER HARNESS USED,CELL PHONE NOT IN USE,NONE APPARENT,,S,US-101,65.0,B,PROCEEDING STRAIGHT,A,HAD NOT BEEN DRINKING,,,F,FEMALE,52.0,C,CA,W,WHITE,7.0,SportUtilityVehicle,2002.0,LEXS,RX300,GLD,False,,,,,,,,4,4.0,4.0,False
4951623,1750239,1,Driver,,False,False,M,AIR BAG NOT DEPLOYED,G,OCCUPANT LAP SHOULDER HARNESS USED,CELL PHONE NOT IN USE,NONE APPARENT,,S,US-101,65.0,R,OTHER,A,HAD NOT BEEN DRINKING,,,M,MALE,31.0,C,CA,H,HISPANIC,7.0,SportUtilityVehicle,2001.0,CHEV,TAHOE,BLK,False,,,,,,,,AUX-1,2.0,2.0,False
4951524,1750182,1,Driver,True,False,False,M,AIR BAG NOT DEPLOYED,G,OCCUPANT LAP SHOULDER HARNESS USED,CELL PHONE NOT IN USE,NONE APPARENT,,N,US-101,65.0,R,OTHER,A,HAD NOT BEEN DRINKING,,,M,MALE,19.0,C,CA,H,HISPANIC,1.0,PassengerCarStationWagonJeep,1997.0,FORD,MUSTANG,WHI,False,,,,,,,,EXIT-1,3.0,3.0,False
4950891,1749848,3,Driver,,False,False,M,AIR BAG NOT DEPLOYED,G,OCCUPANT LAP SHOULDER HARNESS USED,CELL PHONE NOT IN USE,NONE APPARENT,,N,US-101,65.0,A,STOPPED,A,HAD NOT BEEN DRINKING,,,F,FEMALE,28.0,C,UT,W,WHITE,1.0,PassengerCarStationWagonJeep,2015.0,VOLK,GOLF,RED,False,,,,,,,,5,5.0,5.0,False
4950890,1749848,2,Driver,,False,False,M,AIR BAG NOT DEPLOYED,G,OCCUPANT LAP SHOULDER HARNESS USED,CELL PHONE NOT IN USE,NONE APPARENT,,N,US-101,65.0,A,STOPPED,A,HAD NOT BEEN DRINKING,,,M,MALE,29.0,C,CA,H,HISPANIC,1.0,PassengerCarStationWagonJeep,2014.0,SCIO,TC,BLU,False,,,,,,,,5,5.0,51.0,False
4950889,1749848,1,Driver,True,False,False,M,AIR BAG NOT DEPLOYED,G,OCCUPANT LAP SHOULDER HARNESS USED,CELL PHONE NOT IN USE,NONE APPARENT,,N,US-101,65.0,B,PROCEEDING STRAIGHT,A,HAD NOT BEEN DRINKING,,,F,FEMALE,24.0,U,,H,HISPANIC,1.0,PassengerCarStationWagonJeep,2017.0,MASE,GHIBLI,BLK,False,,,,,,,,5,5.0,5.0,False
4949690,1749227,2,Driver,,False,False,M,AIR BAG NOT DEPLOYED,G,OCCUPANT LAP SHOULDER HARNESS USED,CELL PHONE NOT IN USE,NONE APPARENT,,S,US 101,65.0,B,PROCEEDING STRAIGHT,A,HAD NOT BEEN DRINKING,,,M,MALE,60.0,C,CA,H,HISPANIC,1.0,PassengerCarStationWagonJeep,2013.0,HOND,ACCORD,BLU,False,,,,,,,,2,3.0,4.0,False
4949689,1749227,1,Driver,True,False,False,M,AIR BAG NOT DEPLOYED,G,OCCUPANT LAP SHOULDER HARNESS USED,CELL PHONE NOT IN USE,NONE APPARENT,,S,US 101,65.0,B,PROCEEDING STRAIGHT,G,IMPAIRMENT_NOT_KNOWN,,,M,MALE,72.0,C,CA,H,HISPANIC,1.0,PassengerCarStationWagonJeep,2021.0,TOYT,COROLLA,BLU,False,,,,,,,,2,3.0,4.0,False
4949668,1749216,2,Driver,,False,False,M,AIR BAG NOT DEPLOYED,G,OCCUPANT LAP SHOULDER HARNESS USED,CELL PHONE NOT IN USE,NONE APPARENT,,N,US-101,65.0,A,STOPPED,A,HAD NOT BEEN DRINKING,,,F,FEMALE,39.0,C,CA,O,OTHER,8.0,MiniVan,2010.0,TOYT,SIENNA,SIL,False,,,,,,,,3,3.0,3.0,False
4949667,1749216,1,Driver,True,False,True,B,UNKNOWN,B,OCCUPANT UNKNOWN,CELL PHONE NOT IN USE,NONE APPARENT,,N,US-101,65.0,B,PROCEEDING STRAIGHT,G,IMPAIRMENT_NOT_KNOWN,,,,,,,,,,99.0,OtherUnknownHitAndRunDriver,,,,,False,,,,,,,,3,3.0,3.0,False
4949539,1749150,1,Driver,True,True,False,M,AIR BAG NOT DEPLOYED,G,OCCUPANT LAP SHOULDER HARNESS USED,CELL PHONE NOT IN USE,INATTENTION,ELECTRONIC_EQUIPMENT,N,I-680,65.0,B,PROCEEDING STRAIGHT,A,HAD NOT BEEN DRINKING,,,M,MALE,43.0,C,CA,H,HISPANIC,48.0,PoliceCar,2020.0,FORD,Explorer,BLU/WHI,False,,,,,,,,3,4.0,4.0,False
4949491,1749121,2,Driver,,False,False,M,AIR BAG NOT DEPLOYED,G,OCCUPANT LAP SHOULDER HARNESS USED,CELL PHONE NOT IN USE,NONE APPARENT,,S,US-101,65.0,A,STOPPED,A,HAD NOT BEEN DRINKING,,,M,MALE,41.0,C,CA,H,HISPANIC,1.0,PassengerCarStationWagonJeep,2011.0,TOYT,CAMRY,GRY,False,,,,,,,,RT,0.0,4.0,False
4949490,1749121,1,Driver,True,False,True,B,UNKNOWN,B,OCCUPANT UNKNOWN,CELL PHONE USE UNKNOWN,NONE APPARENT,,S,US-101,65.0,B,PROCEEDING STRAIGHT,G,IMPAIRMENT_NOT_KNOWN,,,,,,,,,,99.0,OtherUnknownHitAndRunDriver,,,,,False,,,,,,,,RT,0.0,4.0,False
4949478,1749114,4,Driver,,False,False,M,AIR BAG NOT DEPLOYED,G,OCCUPANT LAP SHOULDER HARNESS USED,CELL PHONE NOT IN USE,NONE APPARENT,,W,SR237,65.0,B,PROCEEDING STRAIGHT,A,HAD NOT BEEN DRINKING,,,M,MALE,30.0,C,CA,H,HISPANIC,1.0,PassengerCarStationWagonJeep,2017.0,NISS,ALTIMA,BLK,False,,,,,,,,1,4.0,4.0,False
4949477,1749114,3,Driver,,False,False,M,AIR BAG NOT DEPLOYED,G,OCCUPANT LAP SHOULDER HARNESS USED,CELL PHONE NOT IN USE,NONE APPARENT,,W,SR237,65.0,B,PROCEEDING STRAIGHT,A,HAD NOT BEEN DRINKING,,,F,FEMALE,25.0,C,CA,A,ASIAN,7.0,SportUtilityVehicle,2013.0,TOYT,RAV4,WHI,True,,,,,,,,1,4.0,4.0,False
4949476,1749114,2,Driver,,False,False,M,AIR BAG NOT DEPLOYED,G,OCCUPANT LAP SHOULDER HARNESS USED,CELL PHONE NOT IN USE,NONE APPARENT,,W,SR-238,65.0,J,CHANGING LANES,A,HAD NOT BEEN DRINKING,,,M,MALE,31.0,B,CA,H,HISPANIC,10.0,TourBus,2018.0,VANHOOL,TX 45,GRY/BLK,False,,,,,,,,1,4.0,4.0,False
4949475,1749114,1,Driver,True,False,False,L,AIR BAG DEPLOYED,G,OCCUPANT LAP SHOULDER HARNESS USED,CELL PHONE USE UNKNOWN,VISION OBSCUREMENT - BUS ,,W,SR237,65.0,B,PROCEEDING STRAIGHT,A,HAD NOT BEEN DRINKING,,,M,MALE,33.0,C,CA,W,WHITE,7.0,SportUtilityVehicle,2018.0,CHEV,EQUINOX,GRY,True,,,,,,,,1,4.0,4.0,False
4949420,1749085,2,Driver,True,False,True,,,,,CELL PHONE USE UNKNOWN,NONE APPARENT,,,I-880,65.0,R,OTHER,G,IMPAIRMENT_NOT_KNOWN,,,,,,,,,,99.0,OtherUnknownHitAndRunDriver,,,,,False,,,,,,,,1,1.0,1.0,False
4949419,1749085,1,Driver,,False,False,L,AIR BAG DEPLOYED,G,OCCUPANT LAP SHOULDER HARNESS USED,CELL PHONE NOT IN USE,NONE APPARENT,,N,I-880 ,65.0,B,PROCEEDING STRAIGHT,A,HAD NOT BEEN DRINKING,,,F,FEMALE,26.0,C,CA,W,WHITE,7.0,SportUtilityVehicle,2014.0,BMW,X1,WHI,True,,,,,,,,1,1.0,1.0,False
4949145,1748928,2,Driver,,False,False,M,AIR BAG NOT DEPLOYED,G,OCCUPANT LAP SHOULDER HARNESS USED,CELL PHONE NOT IN USE,NONE APPARENT,,N,SR-85 N/B TO SR-87 N/B,65.0,H,SLOWING/STOPPING,A,HAD NOT BEEN DRINKING,,,F,FEMALE,67.0,U,,H,HISPANIC,7.0,SportUtilityVehicle,2016.0,MIFU,OUTLANDER,WHI,True,,,,,,,,2,2.0,2.0,False