PartyId,CollisionId,PartyNumber,PartyType,IsAtFault,IsOnDutyEmergencyVehicle,IsHitAndRun,AirbagCode,AirbagDescription,SafetyEquipmentCode,SafetyEquipmentDescription,Special Information,Other Associate Factor,Inattention,DirectionOfTravel,StreetOrHighwayName,SpeedLimit,MovementPrecCollCode,MovementPrecCollDescription,SobrietyDrugPhysicalCode1,SobrietyDrugPhysicalDescription1,SobrietyDrugPhysicalCode2,SobrietyDrugPhysicalDescription2,GenderCode,GenderDescription,StatedAge,DriverLicenseClass,DriverLicenseStateCode,RaceCode,RaceDesc,Vehicle1TypeId, Vehicle1TypeDesc, Vehicle1Year,Vehicle1Make,Vehicle1Model,Vehicle1Color,V1IsVehicleTowed,Vehicle2TypeId, Vehicle2TypeDesc, Vehicle2Year,Vehicle2Make,Vehicle2Model,Vehicle2Color,V2IsVehicleTowed,Lane,ThruLanes,TotalLanes,IsDREConducted
5561186,1821253,2,Driver,True,False,False,M,AIR BAG NOT DEPLOYED,G,OCCUPANT LAP SHOULDER HARNESS USED,CELL PHONE NOT IN USE,NONE APPARENT,,N,I-880,65.0,B,PROCEEDING STRAIGHT,A,HAD NOT BEEN DRINKING,,,M,MALE,18.0,C,CA,H,HISPANIC,1.0,PassengerCarStationWagonJeep,2015.0,LEXS,IS350,WHI,False,,,,,,,,3,3.0,3.0,False
5561185,1821253,1,Driver,,False,False,M,AIR BAG NOT DEPLOYED,G,OCCUPANT LAP SHOULDER HARNESS USED,CELL PHONE NOT IN USE,NONE APPARENT,,N,I-880,65.0,B,PROCEEDING STRAIGHT,A,HAD NOT BEEN DRINKING,,,M,MALE,55.0,C,CA,A,ASIAN,22.0,PickupsAndPanels,1999.0,TOYT,TACOMA,GRN,False,,,,,,,,3,3.0,3.0,False
5561081,1821202,1,Driver,True,False,True,,,,,CELL PHONE USE UNKNOWN,NONE APPARENT,,W,ALUM ROCK AVE,25.0,R,OTHER,G,IMPAIRMENT_NOT_KNOWN,,,,,,,,,,99.0,OtherUnknownHitAndRunDriver,2020.0,KIA,RIO,WHI,False,,,,,,,,W/B,1.0,1.0,False
5561031,1821177,2,Driver,,False,False,M,AIR BAG NOT DEPLOYED,G,OCCUPANT LAP SHOULDER HARNESS USED,CELL PHONE NOT IN USE,NONE APPARENT,,S,US-101,65.0,A,STOPPED,I,SLEEPY/FATIGUED,,,M,MALE,17.0,U,,H,HISPANIC,1.0,PassengerCarStationWagonJeep,2008.0,TOYT,YARIS,GRY,True,,,,,,,,3,4.0,4.0,False
5561030,1821177,1,Driver,True,False,False,L,AIR BAG DEPLOYED,G,OCCUPANT LAP SHOULDER HARNESS USED,CELL PHONE NOT IN USE,NONE APPARENT,,S,US-101,65.0,B,PROCEEDING STRAIGHT,A,HAD NOT BEEN DRINKING,,,F,FEMALE,59.0,C,CA,H,HISPANIC,1.0,PassengerCarStationWagonJeep,2021.0,KIA,FORTE,WHI,True,,,,,,,,3,4.0,4.0,False
5560993,1821157,3,Driver,,False,False,M,AIR BAG NOT DEPLOYED,G,OCCUPANT LAP SHOULDER HARNESS USED,CELL PHONE NOT IN USE,NONE APPARENT,,N,I-280,65.0,B,PROCEEDING STRAIGHT,A,HAD NOT BEEN DRINKING,,,M,MALE,18.0,U,,H,HISPANIC,7.0,SportUtilityVehicle,2016.0,FORD,EXPLORER,WHI,False,,,,,,,,3,5.0,5.0,False
5560992,1821157,2,Other,,False,False,M,AIR BAG NOT DEPLOYED,H,OCCUPANT LAP SHOULDER HARNESS NOT USED,CELL PHONE NOT IN USE,NONE APPARENT,,S,I-280,5.0,A,STOPPED,B,HBD-UNDER INFLUENCE,,,,,,,,,,7.0,SportUtilityVehicle,1996.0,FORD,EXPLORER,RED,False,,,,,,,,4,5.0,5.0,False
5560991,1821157,1,Driver,True,False,False,M,AIR BAG NOT DEPLOYED,G,OCCUPANT LAP SHOULDER HARNESS USED,CELL PHONE NOT IN USE,NONE APPARENT,,N,I-280,65.0,B,PROCEEDING STRAIGHT,A,HAD NOT BEEN DRINKING,,,F,FEMALE,38.0,C,CA,H,HISPANIC,1.0,PassengerCarStationWagonJeep,2020.0,TOYT,COROLLA,WHI,False,,,,,,,,4,5.0,5.0,False
5992012,1832598,2,Driver,,False,False,M,AIR BAG NOT DEPLOYED,G,OCCUPANT LAP SHOULDER HARNESS USED,CELL PHONE NOT IN USE,NONE APPARENT,,E,SR-237,65.0,B,PROCEEDING STRAIGHT,A,HAD NOT BEEN DRINKING,,,M,MALE,62.0,C,CA,A,ASIAN,7.0,SportUtilityVehicle,2001.0,NISS,PATHFINDER,BLK,False,,,,,,,,1,2.0,3.0,False
5992011,1832598,1,Driver,True,False,False,M,AIR BAG NOT DEPLOYED,G,OCCUPANT LAP SHOULDER HARNESS USED,CELL PHONE NOT IN USE,NONE APPARENT,,E,SR-237,65.0,H,SLOWING/STOPPING,A,HAD NOT BEEN DRINKING,,,M,MALE,20.0,C,CA,W,WHITE,1.0,PassengerCarStationWagonJeep,2003.0,TOYT,COROLLA,TAN,True,,,,,,,,1,2.0,3.0,False
5991818,1832487,2,Driver,,False,False,M,AIR BAG NOT DEPLOYED,G,OCCUPANT LAP SHOULDER HARNESS USED,CELL PHONE NOT IN USE,NONE APPARENT,,S,I-880,65.0,B,PROCEEDING STRAIGHT,A,HAD NOT BEEN DRINKING,,,F,FEMALE,22.0,C,CA,A,ASIAN,1.0,PassengerCarStationWagonJeep,2012.0,TOYT,Camry,WHI,False,,,,,,,,3,4.0,4.0,False
5991817,1832487,1,Driver,True,False,True,B,UNKNOWN,B,OCCUPANT UNKNOWN,CELL PHONE USE UNKNOWN,NONE APPARENT,,S,I-880,65.0,R,OTHER,G,IMPAIRMENT_NOT_KNOWN,,,,,,,,,,99.0,OtherUnknownHitAndRunDriver,,UNKNOWN,,,False,,,,,,,,2,4.0,4.0,False
5991708,1832428,2,Driver,,False,False,L,AIR BAG DEPLOYED,G,OCCUPANT LAP SHOULDER HARNESS USED,CELL PHONE NOT IN USE,NONE APPARENT,,N,US 101 TO I-280/I-680,65.0,B,PROCEEDING STRAIGHT,A,HAD NOT BEEN DRINKING,,,M,MALE,53.0,C,CA,O,OTHER,8.0,MiniVan,2003.0,TOYT,Sienna,WHI,True,,,,,,,,EXIT-2,0.0,3.0,False
5991707,1832428,1,Driver,True,False,False,M,AIR BAG NOT DEPLOYED,G,OCCUPANT LAP SHOULDER HARNESS USED,CELL PHONE NOT IN USE,ENTERING OR LEAVING RAMP,,N,US 101,65.0,R,OTHER,A,HAD NOT BEEN DRINKING,,,M,MALE,71.0,C,CA,A,ASIAN,22.0,PickupsAndPanels,2008.0,TOYT,TACOMA,SIL,False,,,,,,,,4,4.0,4.0,False
5991688,1832418,2,Driver,,False,False,M,AIR BAG NOT DEPLOYED,G,OCCUPANT LAP SHOULDER HARNESS USED,CELL PHONE NOT IN USE,NONE APPARENT,,W,SR-237,65.0,A,STOPPED,A,HAD NOT BEEN DRINKING,,,F,FEMALE,28.0,C,CA,H,HISPANIC,1.0,PassengerCarStationWagonJeep,2017.0,TOYT,COROLLA,BLU,False,,,,,,,,XPRS,4.0,5.0,False
5991687,1832418,1,Driver,True,False,True,B,UNKNOWN,B,OCCUPANT UNKNOWN,CELL PHONE NOT IN USE,NONE APPARENT,,W,SR-237,65.0,B,PROCEEDING STRAIGHT,G,IMPAIRMENT_NOT_KNOWN,,,,,,,,,,99.0,OtherUnknownHitAndRunDriver,,,,,False,,,,,,,,XPRS,4.0,5.0,False
5991680,1832414,2,Driver,,False,False,M,AIR BAG NOT DEPLOYED,G,OCCUPANT LAP SHOULDER HARNESS USED,CELL PHONE NOT IN USE,NONE APPARENT,,S,I-880,65.0,B,PROCEEDING STRAIGHT,A,HAD NOT BEEN DRINKING,,,M,MALE,34.0,C,CA,O,OTHER,1.0,PassengerCarStationWagonJeep,2020.0,TOYT,CAMRY,WHI,False,,,,,,,,AUX,5.0,5.0,False
5991679,1832414,1,Driver,,False,False,M,AIR BAG NOT DEPLOYED,G,OCCUPANT LAP SHOULDER HARNESS USED,CELL PHONE NOT IN USE,NONE APPARENT,,S,I-880,65.0,B,PROCEEDING STRAIGHT,A,HAD NOT BEEN DRINKING,,,M,MALE,28.0,C,CA,H,HISPANIC,1.0,PassengerCarStationWagonJeep,2013.0,TOYT,CAMRY,RED,False,,,,,,,,AUX,5.0,5.0,False
5943505,1832344,2,Driver,,False,False,M,AIR BAG NOT DEPLOYED,G,OCCUPANT LAP SHOULDER HARNESS USED,CELL PHONE NOT IN USE,NONE APPARENT,,S,US-101,65.0,A,STOPPED,A,HAD NOT BEEN DRINKING,,,F,FEMALE,54.0,C,CA,A,ASIAN,7.0,SportUtilityVehicle,2013.0,TOYT,RAV4,WHI,False,,,,,,,,3,3.0,3.0,False
5943504,1832344,1,Driver,True,False,False,M,AIR BAG NOT DEPLOYED,G,OCCUPANT LAP SHOULDER HARNESS USED,CELL PHONE NOT IN USE,INATTENTION,ELECTRONIC_EQUIPMENT,S,US-101,65.0,B,PROCEEDING STRAIGHT,A,HAD NOT BEEN DRINKING,,,F,FEMALE,42.0,C,CA,H,HISPANIC,1.0,PassengerCarStationWagonJeep,2019.0,NISS,VERSA,BLK,False,,,,,,,,3,3.0,3.0,False
5943453,1832319,3,Driver,,False,False,M,AIR BAG NOT DEPLOYED,G,OCCUPANT LAP SHOULDER HARNESS USED,CELL PHONE NOT IN USE,NONE APPARENT,,S,US-101,65.0,A,STOPPED,A,HAD NOT BEEN DRINKING,,,F,FEMALE,37.0,C,CA,H,HISPANIC,7.0,SportUtilityVehicle,2014.0,TOYT,RAV4,RED,False,,,,,,,,1,4.0,5.0,False
5943452,1832319,2,Driver,,False,False,M,AIR BAG NOT DEPLOYED,G,OCCUPANT LAP SHOULDER HARNESS USED,CELL PHONE NOT IN USE,NONE APPARENT,,S,US-101,65.0,A,STOPPED,A,HAD NOT BEEN DRINKING,,,F,FEMALE,42.0,C,CA,O,OTHER,7.0,SportUtilityVehicle,2018.0,NISS,ROGUE,SIL,False,,,,,,,,1,4.0,5.0,False
5943451,1832319,1,Driver,True,False,False,M,AIR BAG NOT DEPLOYED,G,OCCUPANT LAP SHOULDER HARNESS USED,CELL PHONE NOT IN USE,NONE APPARENT,,S,US-101,65.0,B,PROCEEDING STRAIGHT,A,HAD NOT BEEN DRINKING,,,M,MALE,25.0,C,CA,A,ASIAN,1.0,PassengerCarStationWagonJeep,2014.0,MERZ,C300,BLK,True,,,,,,,,1,4.0,5.0,False
5799314,1832310,2,Driver,,False,False,M,AIR BAG NOT DEPLOYED,G,OCCUPANT LAP SHOULDER HARNESS USED,CELL PHONE NOT IN USE,ENTERING OR LEAVING RAMP,,N,I-880,65.0,H,SLOWING/STOPPING,A,HAD NOT BEEN DRINKING,,,M,MALE,45.0,C,CA,H,HISPANIC,22.0,PickupsAndPanels,2020.0,RAM,1500,WHI,False,,,,,,,,RT-2,0.0,4.0,False
5799313,1832310,1,Driver,True,False,True,B,UNKNOWN,B,OCCUPANT UNKNOWN,CELL PHONE USE UNKNOWN,ENTERING OR LEAVING RAMP,,N,I-880,65.0,B,PROCEEDING STRAIGHT,G,IMPAIRMENT_NOT_KNOWN,,,,,,,,,,99.0,OtherUnknownHitAndRunDriver,,,,,False,,,,,,,,RT-2,0.0,4.0,False
5703174,1832281,2,Driver,,False,False,M,AIR BAG NOT DEPLOYED,G,OCCUPANT LAP SHOULDER HARNESS USED,CELL PHONE NOT IN USE,NONE APPARENT,,S,I-280,65.0,A,STOPPED,A,HAD NOT BEEN DRINKING,,,F,FEMALE,17.0,C,CA,A,ASIAN,7.0,SportUtilityVehicle,2017.0,HOND,PILOT,GRN,False,,,,,,,,4,5.0,5.0,False
5703173,1832281,1,Driver,True,False,False,M,AIR BAG NOT DEPLOYED,G,OCCUPANT LAP SHOULDER HARNESS USED,CELL PHONE NOT IN USE,NONE APPARENT,,S,I-280,65.0,B,PROCEEDING STRAIGHT,A,HAD NOT BEEN DRINKING,,,F,FEMALE,22.0,C,CA,A,ASIAN,1.0,PassengerCarStationWagonJeep,2022.0,TOYT,COROLLA,WHI,True,,,,,,,,4,5.0,5.0,False
5703082,1832237,2,Driver,,False,False,M,AIR BAG NOT DEPLOYED,G,OCCUPANT LAP SHOULDER HARNESS USED,CELL PHONE NOT IN USE,NONE APPARENT,,N,I-680,65.0,B,PROCEEDING STRAIGHT,A,HAD NOT BEEN DRINKING,,,M,MALE,61.0,C,CA,A,ASIAN,1.0,PassengerCarStationWagonJeep,2010.0,TOYT,CAMRY,WHI,False,,,,,,,,3,4.0,4.0,False
5703081,1832237,1,Driver,True,False,False,M,AIR BAG NOT DEPLOYED,G,OCCUPANT LAP SHOULDER HARNESS USED,CELL PHONE NOT IN USE,NONE APPARENT,,N,I-680,65.0,J,CHANGING LANES,A,HAD NOT BEEN DRINKING,,,M,MALE,39.0,C,CA,H,HISPANIC,26.0,TwoAxleTruck,2020.0,INTL,DURASTAR,SIL,False,,,,,,,,4,4.0,4.0,False
5702909,1832143,1,Driver,True,False,False,L,AIR BAG DEPLOYED,G,OCCUPANT LAP SHOULDER HARNESS USED,CELL PHONE NOT IN USE,VC SECTION VIOLATED - VC 22350,,N,I-880,65.0,B,PROCEEDING STRAIGHT,B,HBD-UNDER INFLUENCE,,,M,MALE,25.0,U,CA,W,WHITE,1.0,PassengerCarStationWagonJeep,2016.0,FORD,FUSION,GRY,True,,,,,,,,N/B,1.0,1.0,False
5702873,1832124,2,Driver,,False,False,M,AIR BAG NOT DEPLOYED,G,OCCUPANT LAP SHOULDER HARNESS USED,CELL PHONE NOT IN USE,NONE APPARENT,,S,US-101,65.0,B,PROCEEDING STRAIGHT,A,HAD NOT BEEN DRINKING,,,F,FEMALE,47.0,C,CA,W,WHITE,7.0,SportUtilityVehicle,2016.0,HOND,PILOT,BLK,False,,,,,,,,6,6.0,6.0,False
5702872,1832124,1,Driver,True,False,True,B,UNKNOWN,B,OCCUPANT UNKNOWN,CELL PHONE USE UNKNOWN,NONE APPARENT,,S,US-101,65.0,R,OTHER,G,IMPAIRMENT_NOT_KNOWN,,,,,,,,,,99.0,OtherUnknownHitAndRunDriver,,,,,False,,,,,,,,2,6.0,6.0,False
5702871,1832123,2,Driver,,False,False,L,AIR BAG DEPLOYED,G,OCCUPANT LAP SHOULDER HARNESS USED,CELL PHONE NOT IN USE,NONE APPARENT,,N,US-101,65.0,B,PROCEEDING STRAIGHT,A,HAD NOT BEEN DRINKING,,,F,FEMALE,20.0,C,CA,H,HISPANIC,7.0,SportUtilityVehicle,1998.0,TOYT,RAV4,RED,True,,,,,,,,1,4.0,4.0,False
5702870,1832123,1,Driver,True,False,False,M,AIR BAG NOT DEPLOYED,G,OCCUPANT LAP SHOULDER HARNESS USED,CELL PHONE NOT IN USE,NONE APPARENT,,N,US-101,65.0,J,CHANGING LANES,A,HAD NOT BEEN DRINKING,,,M,MALE,67.0,C,CA,W,WHITE,22.0,PickupsAndPanels,2021.0,CHEV,SILVERADO,GRY,False,,,,,,,,2,4.0,4.0,False
5702864,1832119,2,Driver,,False,False,M,AIR BAG NOT DEPLOYED,G,OCCUPANT LAP SHOULDER HARNESS USED,CELL PHONE NOT IN USE,NONE APPARENT,,N,SR-85,65.0,B,PROCEEDING STRAIGHT,A,HAD NOT BEEN DRINKING,,,F,FEMALE,42.0,U,CA,H,HISPANIC,1.0,PassengerCarStationWagonJeep,2011.0,MITS,LANCER,BLK,False,,,,,,,,3,4.0,4.0,False
5702863,1832119,1,Driver,True,False,False,M,AIR BAG NOT DEPLOYED,G,OCCUPANT LAP SHOULDER HARNESS USED,CELL PHONE NOT IN USE,NONE APPARENT,,N,SR-85,65.0,R,OTHER,A,HAD NOT BEEN DRINKING,,,F,FEMALE,19.0,C,CA,W,WHITE,1.0,PassengerCarStationWagonJeep,1999.0,TOYT,CAMRY,WHI,False,,,,,,,,2,4.0,4.0,False
5702860,1832117,1,Driver,True,False,True,,,,,CELL PHONE USE UNKNOWN,NONE APPARENT,,,,,B,PROCEEDING STRAIGHT,G,IMPAIRMENT_NOT_KNOWN,,,,,,,,,,99.0,OtherUnknownHitAndRunDriver,2005.0,CHEV,IMPALA,RED,False,,,,,,,,,,,False
5702847,1832109,2,Driver,,False,False,M,AIR BAG NOT DEPLOYED,G,OCCUPANT LAP SHOULDER HARNESS USED,CELL PHONE NOT IN USE,NONE APPARENT,,N,I-280,65.0,R,OTHER,A,HAD NOT BEEN DRINKING,,,F,FEMALE,28.0,C,CA,O,OTHER,1.0,PassengerCarStationWagonJeep,2016.0,HOND,CIVIC,BLK,False,,,,,,,,2,4.0,4.0,False
5702846,1832109,1,Driver,True,False,True,B,UNKNOWN,B,OCCUPANT UNKNOWN,CELL PHONE USE UNKNOWN,NONE APPARENT,,N,I-280,65.0,B,PROCEEDING STRAIGHT,G,IMPAIRMENT_NOT_KNOWN,,,,,,,,,,99.0,OtherUnknownHitAndRunDriver,,,,,False,,,,,,,,2,4.0,4.0,False
5702842,1832106,2,Driver,,False,False,M,AIR BAG NOT DEPLOYED,G,OCCUPANT LAP SHOULDER HARNESS USED,CELL PHONE NOT IN USE,NONE APPARENT,,N,US-101,65.0,B,PROCEEDING STRAIGHT,A,HAD NOT BEEN DRINKING,,,F,FEMALE,20.0,U,,H,HISPANIC,1.0,PassengerCarStationWagonJeep,2005.0,TOYT,PRIUS,SIL,False,,,,,,,,4,4.0,4.0,False
5702841,1832106,1,Driver,True,False,True,L,AIR BAG DEPLOYED,B,OCCUPANT UNKNOWN,CELL PHONE USE UNKNOWN,NONE APPARENT,,N,US-101,65.0,B,PROCEEDING STRAIGHT,G,IMPAIRMENT_NOT_KNOWN,,,,,,,,,,1.0,PassengerCarStationWagonJeep,1997.0,MITS,ECLIPSE,SIL,True,,,,,,,,4,4.0,4.0,False
5702836,1832103,3,Driver,,False,False,M,AIR BAG NOT DEPLOYED,G,OCCUPANT LAP SHOULDER HARNESS USED,CELL PHONE NOT IN USE,NONE APPARENT,,N,I-280,65.0,B,PROCEEDING STRAIGHT,A,HAD NOT BEEN DRINKING,,,F,FEMALE,57.0,C,CA,A,ASIAN,1.0,PassengerCarStationWagonJeep,2016.0,HOND,FIT,GRY,False,,,,,,,,4,4.0,4.0,False
5702835,1832103,2,Driver,,False,False,M,AIR BAG NOT DEPLOYED,G,OCCUPANT LAP SHOULDER HARNESS USED,CELL PHONE NOT IN USE,NONE APPARENT,,N,I-280,65.0,B,PROCEEDING STRAIGHT,A,HAD NOT BEEN DRINKING,,,M,MALE,27.0,C,CA,O,OTHER,1.0,PassengerCarStationWagonJeep,2022.0,FORD,C-MAX,WHI,False,,,,,,,,3,4.0,4.0,False
5702834,1832103,1,Driver,True,False,False,L,AIR BAG DEPLOYED,G,OCCUPANT LAP SHOULDER HARNESS USED,CELL PHONE NOT IN USE,NONE APPARENT,,N,I-280,65.0,B,PROCEEDING STRAIGHT,C,HBD-NOT UNDER INFLUENCE,,,M,MALE,24.0,U,,H,HISPANIC,1.0,PassengerCarStationWagonJeep,2008.0,TOYT,SCION,WHI,True,,,,,,,,3,4.0,4.0,False
5702807,1832088,1,Driver,True,False,False,L,AIR BAG DEPLOYED,G,OCCUPANT LAP SHOULDER HARNESS USED,CELL PHONE NOT IN USE,NONE APPARENT,,S,I-680 S/B TO MCKEE RD. E/B,65.0,B,PROCEEDING STRAIGHT,A,HAD NOT BEEN DRINKING,,,M,MALE,20.0,C,CA,A,ASIAN,1.0,PassengerCarStationWagonJeep,2022.0,NISS,LEAF,BLK,True,,,,,,,,EXIT,1.0,1.0,False
5702790,1832077,3,Driver,,False,False,M,AIR BAG NOT DEPLOYED,G,OCCUPANT LAP SHOULDER HARNESS USED,CELL PHONE NOT IN USE,NONE APPARENT,,S,I-280 ,65.0,H,SLOWING/STOPPING,A,HAD NOT BEEN DRINKING,,,M,MALE,58.0,C,CA,A,ASIAN,22.0,PickupsAndPanels,2010.0,TOYT,TACOMA,SIL,False,,,,,,,,1,6.0,6.0,False
5702789,1832077,2,Driver,,False,False,M,AIR BAG NOT DEPLOYED,G,OCCUPANT LAP SHOULDER HARNESS USED,CELL PHONE NOT IN USE,NONE APPARENT,,S,I-280 ,65.0,H,SLOWING/STOPPING,A,HAD NOT BEEN DRINKING,,,F,FEMALE,51.0,C,CA,W,WHITE,1.0,PassengerCarStationWagonJeep,2003.0,ACUR,TL,RED,False,,,,,,,,HOV,6.0,6.0,False
5702788,1832077,1,Driver,True,False,False,M,AIR BAG NOT DEPLOYED,G,OCCUPANT LAP SHOULDER HARNESS USED,CELL PHONE NOT IN USE,NONE APPARENT,,S,I-280 ,65.0,J,CHANGING LANES,A,HAD NOT BEEN DRINKING,,,M,MALE,33.0,C,CA,W,WHITE,7.0,SportUtilityVehicle,2015.0,TOYT,VENZA,GRY,False,,,,,,,,HOV,6.0,6.0,False
5701902,1831598,3,Driver,,False,False,M,AIR BAG NOT DEPLOYED,G,OCCUPANT LAP SHOULDER HARNESS USED,CELL PHONE NOT IN USE,NONE APPARENT,,N,SR-87 N/B TO I-280 ,65.0,A,STOPPED,A,HAD NOT BEEN DRINKING,,,F,FEMALE,36.0,C,CA,O,OTHER,1.0,PassengerCarStationWagonJeep,2021.0,NISS,LEAF,GRY,False,,,,,,,,1,2.0,2.0,False
5701901,1831598,2,Driver,,False,False,L,AIR BAG DEPLOYED,G,OCCUPANT LAP SHOULDER HARNESS USED,CELL PHONE NOT IN USE,NONE APPARENT,,N,SR-87 N/B TO I-280,65.0,A,STOPPED,A,HAD NOT BEEN DRINKING,,,M,MALE,32.0,C,CA,W,WHITE,1.0,PassengerCarStationWagonJeep,2013.0,BMW,128I,WHI,False,,,,,,,,1,12.0,2.0,False
5701900,1831598,1,Driver,True,False,False,L,AIR BAG DEPLOYED,G,OCCUPANT LAP SHOULDER HARNESS USED,CELL PHONE NOT IN USE,NONE APPARENT,,N,SR-87 N/B TO I-280,65.0,B,PROCEEDING STRAIGHT,A,HAD NOT BEEN DRINKING,,,M,MALE,16.0,C,CA,W,WHITE,1.0,PassengerCarStationWagonJeep,2013.0,TOYT,COROLLA,BLK,True,,,,,,,,1,2.0,2.0,False
5701862,1831575,3,Driver,,False,False,M,AIR BAG NOT DEPLOYED,G,OCCUPANT LAP SHOULDER HARNESS USED,CELL PHONE NOT IN USE,NONE APPARENT,,N,I-280,65.0,H,SLOWING/STOPPING,A,HAD NOT BEEN DRINKING,,,M,MALE,22.0,C,CA,H,HISPANIC,1.0,PassengerCarStationWagonJeep,2014.0,MAZD,MAZDA3,RED,False,,,,,,,,4,5.0,5.0,False
5701861,1831575,2,Driver,,False,False,M,AIR BAG NOT DEPLOYED,G,OCCUPANT LAP SHOULDER HARNESS USED,CELL PHONE NOT IN USE,NONE APPARENT,,N,I-280,65.0,A,STOPPED,A,HAD NOT BEEN DRINKING,,,M,MALE,27.0,C,CA,A,ASIAN,1.0,PassengerCarStationWagonJeep,2004.0,HOND,CIVIC,SIL,True,,,,,,,,4,5.0,5.0,False
5701860,1831575,1,Driver,True,False,False,M,AIR BAG NOT DEPLOYED,G,OCCUPANT LAP SHOULDER HARNESS USED,CELL PHONE NOT IN USE,NONE APPARENT,,N,I-280,65.0,B,PROCEEDING STRAIGHT,A,HAD NOT BEEN DRINKING,,,M,MALE,59.0,U,CA,H,HISPANIC,22.0,PickupsAndPanels,2008.0,TOYT,TACOMA,WHI,False,,,,,,,,4,5.0,5.0,False
5701788,1831536,2,Driver,,False,False,M,AIR BAG NOT DEPLOYED,G,OCCUPANT LAP SHOULDER HARNESS USED,CELL PHONE NOT IN USE,NONE APPARENT,,N,I-680,65.0,B,PROCEEDING STRAIGHT,A,HAD NOT BEEN DRINKING,,,M,MALE,55.0,C,CA,A,ASIAN,7.0,SportUtilityVehicle,2016.0,CHEV,Tahoe,BRZ,False,,,,,,,,EXIT,4.0,5.0,False
5701787,1831536,1,Driver,True,False,True,B,UNKNOWN,B,OCCUPANT UNKNOWN,CELL PHONE NOT IN USE,NONE APPARENT,,N,I-680,65.0,R,OTHER,G,IMPAIRMENT_NOT_KNOWN,,,,,,,,,,99.0,OtherUnknownHitAndRunDriver,,,,,False,,,,,,,,RT-SHLD,4.0,5.0,False
5701767,1831524,2,Driver,,False,False,M,AIR BAG NOT DEPLOYED,G,OCCUPANT LAP SHOULDER HARNESS USED,CELL PHONE NOT IN USE,NONE APPARENT,,N,US 101,65.0,B,PROCEEDING STRAIGHT,A,HAD NOT BEEN DRINKING,,,M,MALE,22.0,C,CA,H,HISPANIC,1.0,PassengerCarStationWagonJeep,1998.0,HOND,ACCORD,GRN,False,,,,,,,,1,4.0,5.0,False
5701766,1831524,1,Driver,True,False,False,M,AIR BAG NOT DEPLOYED,G,OCCUPANT LAP SHOULDER HARNESS USED,CELL PHONE NOT IN USE,NONE APPARENT,,N,US 101,65.0,J,CHANGING LANES,A,HAD NOT BEEN DRINKING,,,M,MALE,37.0,C,CA,W,WHITE,1.0,PassengerCarStationWagonJeep,2010.0,SUBA,LEGACY,SIL,False,,,,,,,,1,4.0,5.0,False
5701627,1831454,4,Driver,,False,False,M,AIR BAG NOT DEPLOYED,G,OCCUPANT LAP SHOULDER HARNESS USED,CELL PHONE NOT IN USE,NONE APPARENT,,S,SR-85,65.0,A,STOPPED,A,HAD NOT BEEN DRINKING,,,F,FEMALE,36.0,C,CA,H,HISPANIC,1.0,PassengerCarStationWagonJeep,2007.0,MAZD,CX-7,GRY,False,,,,,,,,1,2.0,3.0,False
5701626,1831454,3,Driver,,False,False,M,AIR BAG NOT DEPLOYED,G,OCCUPANT LAP SHOULDER HARNESS USED,CELL PHONE NOT IN USE,NONE APPARENT,,S,DR-85,65.0,H,SLOWING/STOPPING,A,HAD NOT BEEN DRINKING,,,F,FEMALE,57.0,C,CA,H,HISPANIC,7.0,SportUtilityVehicle,2010.0,FORD,ESCAPE,RED,False,,,,,,,,1,2.0,3.0,False
5701625,1831454,2,Driver,,False,False,M,AIR BAG NOT DEPLOYED,G,OCCUPANT LAP SHOULDER HARNESS USED,CELL PHONE NOT IN USE,NONE APPARENT,,S,SR--85,65.0,H,SLOWING/STOPPING,A,HAD NOT BEEN DRINKING,,,F,FEMALE,41.0,C,CA,A,ASIAN,8.0,MiniVan,2013.0,TOYT,SIENNA,GRY,False,,,,,,,,1,2.0,3.0,False
5701624,1831454,1,Driver,True,False,False,M,AIR BAG NOT DEPLOYED,G,OCCUPANT LAP SHOULDER HARNESS USED,CELL PHONE NOT IN USE,NONE APPARENT,,S,SR-85,65.0,B,PROCEEDING STRAIGHT,A,HAD NOT BEEN DRINKING,,,M,MALE,28.0,C,CA,W,WHITE,7.0,SportUtilityVehicle,2016.0,SUBA,FORESTER,BLU,False,,,,,,,,1,2.0,3.0,False
5701525,1831401,2,Driver,,False,False,M,AIR BAG NOT DEPLOYED,G,OCCUPANT LAP SHOULDER HARNESS USED,CELL PHONE NOT IN USE,ENTERING OR LEAVING RAMP,,N,I-280,65.0,A,STOPPED,A,HAD NOT BEEN DRINKING,,,M,MALE,42.0,C,CA,H,HISPANIC,1.0,PassengerCarStationWagonJeep,2006.0,HOND,ACCORD,BRO,False,,,,,,,,EXIT,1.0,1.0,False