PartyId,CollisionId,PartyNumber,PartyType,IsAtFault,IsOnDutyEmergencyVehicle,IsHitAndRun,AirbagCode,AirbagDescription,SafetyEquipmentCode,SafetyEquipmentDescription,Special Information,Other Associate Factor,Inattention,DirectionOfTravel,StreetOrHighwayName,SpeedLimit,MovementPrecCollCode,MovementPrecCollDescription,SobrietyDrugPhysicalCode1,SobrietyDrugPhysicalDescription1,SobrietyDrugPhysicalCode2,SobrietyDrugPhysicalDescription2,GenderCode,GenderDescription,StatedAge,DriverLicenseClass,DriverLicenseStateCode,RaceCode,RaceDesc,Vehicle1TypeId, Vehicle1TypeDesc, Vehicle1Year,Vehicle1Make,Vehicle1Model,Vehicle1Color,V1IsVehicleTowed,Vehicle2TypeId, Vehicle2TypeDesc, Vehicle2Year,Vehicle2Make,Vehicle2Model,Vehicle2Color,V2IsVehicleTowed,Lane,ThruLanes,TotalLanes,IsDREConducted
6390857,1867941,1,Driver,True,False,False,M,AIR BAG NOT DEPLOYED,G,OCCUPANT LAP SHOULDER HARNESS USED,CELL PHONE NOT IN USE,NONE APPARENT,,S,I-680 S/B,65.0,B,PROCEEDING STRAIGHT,A,HAD NOT BEEN DRINKING,,,M,MALE,30.0,C,CA,H,HISPANIC,22.0,PickupsAndPanels,2004.0,NISS,TITAN,GRY,False,,,,,,,,1,3.0,4.0,False
6390745,1867882,4,Driver,,False,False,M,AIR BAG NOT DEPLOYED,G,OCCUPANT LAP SHOULDER HARNESS USED,CELL PHONE NOT IN USE,NONE APPARENT,,N,I-280,65.0,A,STOPPED,A,HAD NOT BEEN DRINKING,,,F,FEMALE,41.0,C,CA,H,HISPANIC,7.0,SportUtilityVehicle,2017.0,HYUN,SANTA FE,MAR,False,,,,,,,,EXIT,2.0,3.0,False
6390744,1867882,3,Driver,,False,False,M,AIR BAG NOT DEPLOYED,G,OCCUPANT LAP SHOULDER HARNESS USED,CELL PHONE NOT IN USE,NONE APPARENT,,N,I-280,65.0,A,STOPPED,A,HAD NOT BEEN DRINKING,,,M,MALE,35.0,C,CA,H,HISPANIC,1.0,PassengerCarStationWagonJeep,2021.0,HOND,ACCORD,WHI/,False,,,,,,,,EXIT,2.0,3.0,False
6390743,1867882,2,Driver,,False,False,M,AIR BAG NOT DEPLOYED,G,OCCUPANT LAP SHOULDER HARNESS USED,CELL PHONE NOT IN USE,NONE APPARENT,,N,I-280,65.0,A,STOPPED,A,HAD NOT BEEN DRINKING,,,M,MALE,22.0,U,,H,HISPANIC,1.0,PassengerCarStationWagonJeep,2012.0,FORD,FOCUS,WHI,False,,,,,,,,EXIT,2.0,3.0,False
6390742,1867882,1,Driver,True,False,False,M,AIR BAG NOT DEPLOYED,G,OCCUPANT LAP SHOULDER HARNESS USED,CELL PHONE HANDSFREE IN USE,NONE APPARENT,,N,I-280,65.0,B,PROCEEDING STRAIGHT,A,HAD NOT BEEN DRINKING,,,F,FEMALE,28.0,C,CA,H,HISPANIC,1.0,PassengerCarStationWagonJeep,2018.0,HOND,CIVIC,WHI,False,,,,,,,,EXIT,2.0,3.0,False
6390732,1867875,1,Driver,True,False,False,L,AIR BAG DEPLOYED,G,OCCUPANT LAP SHOULDER HARNESS USED,CELL PHONE NOT IN USE,VC SECTION VIOLATED - VC 22107,,N,I-280 N/B TO PARKMOOR AVE,65.0,R,OTHER,B,HBD-UNDER INFLUENCE,,,M,MALE,39.0,C,CA,B,BLACK,1.0,PassengerCarStationWagonJeep,2011.0,CHEV,CRUZ,SIL,True,,,,,,,,EXIT-1,1.0,2.0,False
6390648,1867828,1,Driver,True,False,False,L,AIR BAG DEPLOYED,H,OCCUPANT LAP SHOULDER HARNESS NOT USED,CELL PHONE NOT IN USE,VC SECTION VIOLATED - VC 22107,,N,I-680 N/B FROM MCKEE ROAD,65.0,R,OTHER,E,UNDER_DRUG_INFLUENCE,,,M,MALE,45.0,U,CA,H,HISPANIC,1.0,PassengerCarStationWagonJeep,2014.0,ACUR,TSX,SIL,True,,,,,,,,N/B,1.0,1.0,False
6390593,1867799,1,Driver,True,False,False,M,AIR BAG NOT DEPLOYED,G,OCCUPANT LAP SHOULDER HARNESS USED,CELL PHONE NOT IN USE,INATTENTION,OTHER,N,SR-85,65.0,R,OTHER,A,HAD NOT BEEN DRINKING,,,F,FEMALE,56.0,C,CA,W,WHITE,1.0,PassengerCarStationWagonJeep,2004.0,CHRY,PT CRUISER,WHI,True,,,,,,,,2,4.0,4.0,False
6390182,1867579,1,Driver,True,False,False,M,AIR BAG NOT DEPLOYED,G,OCCUPANT LAP SHOULDER HARNESS USED,CELL PHONE NOT IN USE,OTHER - UNSAFE TURN,,N,I-880 ,65.0,B,PROCEEDING STRAIGHT,A,HAD NOT BEEN DRINKING,,,M,MALE,39.0,C,CA,O,OTHER,31.0,SemiTrailer,2017.0,FRHT,TRUCK TRACTOR- DIESEL,WHI,True,31.0,SemiTrailer,2013.0,UTILITY,TRAILER,BLK,,6,7.0,7.0,False
6389780,1867372,1,Driver,True,False,False,L,AIR BAG DEPLOYED,G,OCCUPANT LAP SHOULDER HARNESS USED,CELL PHONE NOT IN USE,NONE APPARENT,,S,I-880,65.0,R,OTHER,A,HAD NOT BEEN DRINKING,,,M,MALE,42.0,C,CA,O,OTHER,1.0,PassengerCarStationWagonJeep,2016.0,MASE,GHIBLI,BGE,True,,,,,,,,1,3.0,3.0,False
6389776,1867369,2,Driver,,False,False,M,AIR BAG NOT DEPLOYED,G,OCCUPANT LAP SHOULDER HARNESS USED,CELL PHONE NOT IN USE,NONE APPARENT,,N,SR-17,65.0,B,PROCEEDING STRAIGHT,A,HAD NOT BEEN DRINKING,,,M,MALE,52.0,C,CA,W,WHITE,7.0,SportUtilityVehicle,2014.0,FORD,ESCAPE,BLK,False,,,,,,,,2,2.0,2.0,False
6389775,1867369,1,Driver,True,False,True,B,UNKNOWN,B,OCCUPANT UNKNOWN,CELL PHONE NOT IN USE,NONE APPARENT,,N,SR-17,65.0,R,OTHER,G,IMPAIRMENT_NOT_KNOWN,,,,,,,,,,99.0,OtherUnknownHitAndRunDriver,,,,,False,,,,,,,,1,2.0,2.0,False
6389752,1867359,2,Driver,,False,False,M,AIR BAG NOT DEPLOYED,G,OCCUPANT LAP SHOULDER HARNESS USED,CELL PHONE NOT IN USE,NONE APPARENT,,W,SR-237,65.0,A,STOPPED,A,HAD NOT BEEN DRINKING,,,F,FEMALE,53.0,C,CA,A,ASIAN,1.0,PassengerCarStationWagonJeep,2016.0,MERZ,GLC300,GRY,False,,,,,,,,2,3.0,3.0,False
6389751,1867359,1,Driver,True,False,False,M,AIR BAG NOT DEPLOYED,G,OCCUPANT LAP SHOULDER HARNESS USED,CELL PHONE NOT IN USE,NONE APPARENT,,W,SR-237,65.0,B,PROCEEDING STRAIGHT,A,HAD NOT BEEN DRINKING,,,M,MALE,23.0,C,CA,B,BLACK,1.0,PassengerCarStationWagonJeep,2005.0,TOYT,PRIUS,GRY,False,,,,,,,,2,3.0,3.0,False
6389750,1867358,2,Driver,,False,False,M,AIR BAG NOT DEPLOYED,G,OCCUPANT LAP SHOULDER HARNESS USED,CELL PHONE NOT IN USE,NONE APPARENT,,S,US-101,65.0,B,PROCEEDING STRAIGHT,A,HAD NOT BEEN DRINKING,,,M,MALE,58.0,C,CA,W,WHITE,1.0,PassengerCarStationWagonJeep,2017.0,VOLK,GOLF,BLU,False,,,,,,,,1,4.0,4.0,False
6389749,1867358,1,Driver,True,False,True,B,UNKNOWN,B,OCCUPANT UNKNOWN,CELL PHONE USE UNKNOWN,NONE APPARENT,,S,US-101,65.0,R,OTHER,G,IMPAIRMENT_NOT_KNOWN,,,,,,,,,,99.0,OtherUnknownHitAndRunDriver,,,,,False,,,,,,,,2,4.0,4.0,False
6389748,1867357,4,Driver,,False,False,M,AIR BAG NOT DEPLOYED,G,OCCUPANT LAP SHOULDER HARNESS USED,CELL PHONE NOT IN USE,NONE APPARENT,,S,US-101,65.0,B,PROCEEDING STRAIGHT,A,HAD NOT BEEN DRINKING,,,M,MALE,42.0,C,CA,H,HISPANIC,1.0,PassengerCarStationWagonJeep,2014.0,FORD,MUSTANG,BLK,True,,,,,,,,4,4.0,4.0,False
6389747,1867357,3,Driver,,False,False,L,AIR BAG DEPLOYED,G,OCCUPANT LAP SHOULDER HARNESS USED,CELL PHONE NOT IN USE,NONE APPARENT,,S,US-101,65.0,A,STOPPED,A,HAD NOT BEEN DRINKING,,,M,MALE,48.0,C,CA,A,ASIAN,7.0,SportUtilityVehicle,2014.0,HOND,CRV,SIL,True,,,,,,,,4,4.0,4.0,False
6389746,1867357,2,Driver,,False,False,L,AIR BAG DEPLOYED,G,OCCUPANT LAP SHOULDER HARNESS USED,CELL PHONE NOT IN USE,NONE APPARENT,,S,US-101,65.0,A,STOPPED,A,HAD NOT BEEN DRINKING,,,M,MALE,42.0,C,CA,H,HISPANIC,1.0,PassengerCarStationWagonJeep,2004.0,HOND,ACCORD,SIL,False,,,,,,,,4,4.0,4.0,False
6389745,1867357,1,Driver,True,False,False,L,AIR BAG DEPLOYED,G,OCCUPANT LAP SHOULDER HARNESS USED,CELL PHONE NOT IN USE,NONE APPARENT,,S,US-101,65.0,B,PROCEEDING STRAIGHT,A,HAD NOT BEEN DRINKING,,,M,MALE,64.0,U,CA,H,HISPANIC,26.0,TwoAxleTruck,2000.0,ISU,NPR,WHI,True,,,,,,,,4,4.0,4.0,False
6388400,1866682,2,Driver,,False,False,M,AIR BAG NOT DEPLOYED,G,OCCUPANT LAP SHOULDER HARNESS USED,CELL PHONE NOT IN USE,ENTERING OR LEAVING RAMP,,S, SR-87 S/B FRM CURTNER AVE E/B,65.0,A,STOPPED,A,HAD NOT BEEN DRINKING,,,M,MALE,52.0,C,CA,O,OTHER,1.0,PassengerCarStationWagonJeep,2011.0,BMW,535I,GRY/,False,,,,,,,,1,1.0,1.0,False
6388399,1866682,1,Driver,True,False,True,B,UNKNOWN,B,OCCUPANT UNKNOWN,CELL PHONE USE UNKNOWN,VC SECTION VIOLATED - VC 22350,,S, SR-87 S/B FRM CURTNER AVE E/B,65.0,B,PROCEEDING STRAIGHT,G,IMPAIRMENT_NOT_KNOWN,,,,,,,,,,99.0,OtherUnknownHitAndRunDriver,,,,,False,,,,,,,,1,1.0,1.0,False
6388167,1866563,2,Driver,,False,False,M,AIR BAG NOT DEPLOYED,G,OCCUPANT LAP SHOULDER HARNESS USED,CELL PHONE NOT IN USE,NONE APPARENT,,N,US-101,65.0,A,STOPPED,A,HAD NOT BEEN DRINKING,,,M,MALE,39.0,C,CA,H,HISPANIC,22.0,PickupsAndPanels,2014.0,DODG,1500,WHI,False,35.0,UtilityTrailer,2021.0,FIVE STAR,TRAILER,BLK,,2,4.0,4.0,False
6388166,1866563,1,Driver,True,False,True,B,UNKNOWN,B,OCCUPANT UNKNOWN,CELL PHONE USE UNKNOWN,NONE APPARENT,,N,US-101,65.0,B,PROCEEDING STRAIGHT,G,IMPAIRMENT_NOT_KNOWN,,,,,,,,,,99.0,OtherUnknownHitAndRunDriver,,,,,False,,,,,,,,2,4.0,4.0,False
6388057,1866497,2,Driver,,False,False,M,AIR BAG NOT DEPLOYED,G,OCCUPANT LAP SHOULDER HARNESS USED,CELL PHONE NOT IN USE,NONE APPARENT,,S,US-101,65.0,B,PROCEEDING STRAIGHT,A,HAD NOT BEEN DRINKING,,,F,FEMALE,28.0,C,CA,H,HISPANIC,7.0,SportUtilityVehicle,2009.0,TOYT,HIGHLANDER,WHI,False,,,,,,,,3,4.0,4.0,False
6388056,1866497,1,Driver,True,False,True,B,UNKNOWN,B,OCCUPANT UNKNOWN,CELL PHONE USE UNKNOWN,NONE APPARENT,,S,US-101,65.0,R,OTHER,G,IMPAIRMENT_NOT_KNOWN,,,,,,,,,,99.0,OtherUnknownHitAndRunDriver,,,,,False,,,,,,,,2,4.0,4.0,False
6388051,1866493,2,Driver,,False,False,M,AIR BAG NOT DEPLOYED,G,OCCUPANT LAP SHOULDER HARNESS USED,CELL PHONE NOT IN USE,NONE APPARENT,,N,US-101,65.0,H,SLOWING/STOPPING,A,HAD NOT BEEN DRINKING,,,M,MALE,22.0,C,CA,A,ASIAN,1.0,PassengerCarStationWagonJeep,2016.0,HOND,CIVIC,RED,False,,,,,,,,1,4.0,4.0,False
6388050,1866493,1,Driver,True,False,False,M,AIR BAG NOT DEPLOYED,G,OCCUPANT LAP SHOULDER HARNESS USED,CELL PHONE NOT IN USE,NONE APPARENT,,N,US-101,65.0,B,PROCEEDING STRAIGHT,A,HAD NOT BEEN DRINKING,,,M,MALE,30.0,C,CA,A,ASIAN,1.0,PassengerCarStationWagonJeep,2006.0,HOND,ACCORD,BLU,False,,,,,,,,1,4.0,4.0,False
6388025,1866479,1,Driver,True,False,False,L,AIR BAG DEPLOYED,G,OCCUPANT LAP SHOULDER HARNESS USED,CELL PHONE NOT IN USE,ENTERING OR LEAVING RAMP,,N,I-680 N/B FROM E/B MCKEE RD,65.0,B,PROCEEDING STRAIGHT,A,HAD NOT BEEN DRINKING,,,F,FEMALE,58.0,C,CA,W,WHITE,1.0,PassengerCarStationWagonJeep,2015.0,NISS,Altima,SIL,True,,,,,,,,1,1.0,1.0,False
6387978,1866454,2,Driver,,False,False,M,AIR BAG NOT DEPLOYED,G,OCCUPANT LAP SHOULDER HARNESS USED,CELL PHONE NOT IN USE,NONE APPARENT,,S,I-680,65.0,B,PROCEEDING STRAIGHT,A,HAD NOT BEEN DRINKING,,,M,MALE,57.0,A,CA,W,WHITE,25.0,TruckTractor,2000.0,KW,T800,BLU,False,31.0,SemiTrailer,2006.0,MURAY,TRAILER,RED,,3,4.0,4.0,False
6387977,1866454,1,Driver,True,False,False,M,AIR BAG NOT DEPLOYED,G,OCCUPANT LAP SHOULDER HARNESS USED,CELL PHONE NOT IN USE,NONE APPARENT,,S,I-680,65.0,J,CHANGING LANES,A,HAD NOT BEEN DRINKING,,,M,MALE,56.0,C,CA,B,BLACK,1.0,PassengerCarStationWagonJeep,2013.0,CADI,ATS,BLK,False,,,,,,,,3,4.0,4.0,False
6387909,1866419,2,Driver,,False,False,M,AIR BAG NOT DEPLOYED,G,OCCUPANT LAP SHOULDER HARNESS USED,CELL PHONE NOT IN USE,NONE APPARENT,,N,SR-87 N/B TO SKYPORT DR.,65.0,A,STOPPED,A,HAD NOT BEEN DRINKING,,,M,MALE,34.0,C,CA,H,HISPANIC,1.0,PassengerCarStationWagonJeep,1994.0,HOND,CIVIC,WHI,False,,,,,,,,RT-2,0.0,4.0,False
6387908,1866419,1,Driver,True,False,False,B,UNKNOWN,B,OCCUPANT UNKNOWN,CELL PHONE USE UNKNOWN,NONE APPARENT,,N,SR-87 N/B TO SKYPORT DR.,65.0,I,PASSING OTHER VEHICLE,G,IMPAIRMENT_NOT_KNOWN,,,M,MALE,54.0,C,CA,W,WHITE,1.0,PassengerCarStationWagonJeep,2021.0,VOLK,PASSAT,WHI,False,,,,,,,,RT-SHLD,0.0,4.0,False
6387837,1866380,2,Driver,,False,False,M,AIR BAG NOT DEPLOYED,G,OCCUPANT LAP SHOULDER HARNESS USED,CELL PHONE NOT IN USE,NONE APPARENT,,N,I-880 ,65.0,B,PROCEEDING STRAIGHT,A,HAD NOT BEEN DRINKING,,,F,FEMALE,22.0,,IT,O,OTHER,1.0,PassengerCarStationWagonJeep,2010.0,NISS,ALTIMA,GRY,True,,,,,,,,2,4.0,4.0,False
6387836,1866380,1,Driver,True,True,False,L,AIR BAG DEPLOYED,G,OCCUPANT LAP SHOULDER HARNESS USED,CELL PHONE NOT IN USE,INATTENTION,ELECTRONIC_EQUIPMENT,N,I-880,65.0,B,PROCEEDING STRAIGHT,A,HAD NOT BEEN DRINKING,,,M,MALE,30.0,C,CA,H,HISPANIC,48.0,PoliceCar,2020.0,FORD,EXPLORER,BLK/WHI,True,,,,,,,,2,4.0,4.0,False
6387818,1866371,3,Driver,,False,False,M,AIR BAG NOT DEPLOYED,G,OCCUPANT LAP SHOULDER HARNESS USED,CELL PHONE NOT IN USE,NONE APPARENT,,S,I-280,65.0,B,PROCEEDING STRAIGHT,A,HAD NOT BEEN DRINKING,,,F,FEMALE,50.0,C,CA,O,OTHER,1.0,PassengerCarStationWagonJeep,2011.0,TOYT,CAMRY,WHI,False,,,,,,,,5,4.0,5.0,False
6387817,1866371,2,Driver,,False,False,M,AIR BAG NOT DEPLOYED,G,OCCUPANT LAP SHOULDER HARNESS USED,CELL PHONE NOT IN USE,NONE APPARENT,,S,I-280,65.0,B,PROCEEDING STRAIGHT,A,HAD NOT BEEN DRINKING,,,M,MALE,65.0,A,CA,W,WHITE,22.0,PickupsAndPanels,2012.0,DODG,RAM 1500 PU,WHI,True,35.0,UtilityTrailer,2022.0,A&F,17' DA TILT,BLK,,3,4.0,5.0,False
6387816,1866371,1,Driver,True,False,False,M,AIR BAG NOT DEPLOYED,G,OCCUPANT LAP SHOULDER HARNESS USED,CELL PHONE NOT IN USE,NONE APPARENT,,S,I-280,65.0,J,CHANGING LANES,A,HAD NOT BEEN DRINKING,,,M,MALE,42.0,C,CA,H,HISPANIC,1.0,PassengerCarStationWagonJeep,2011.0,TOYT,CAMRY,SIL,False,,,,,,,,2,4.0,5.0,False
6387790,1866359,1,Driver,,False,False,M,AIR BAG NOT DEPLOYED,G,OCCUPANT LAP SHOULDER HARNESS USED,CELL PHONE NOT IN USE,NONE APPARENT,,S,I-280,65.0,B,PROCEEDING STRAIGHT,A,HAD NOT BEEN DRINKING,,,F,FEMALE,74.0,C,CA,W,WHITE,1.0,PassengerCarStationWagonJeep,2018.0,HOND,FIT,WHI,False,,,,,,,,3,4.0,4.0,False
6386945,1865936,2,Driver,,False,,P,NOT REQUIRED,W,MOTOR BICYCLE DRIVER WITH HELMET,,NONE APPARENT,,N,SOUTH BASCOM AVENUE,35.0,B,PROCEEDING STRAIGHT,A,HAD NOT BEEN DRINKING,,,M,MALE,62.0,M1,CA,O,OTHER,3.0,MotorDrivenCycleScooter15HpOrLess,2007.0,GENUINE,BUDDY 125,RED,,,,,,,,,,,,
6386944,1865936,1,Driver,,False,,M,AIR BAG NOT DEPLOYED,G,OCCUPANT LAP SHOULDER HARNESS USED,,NONE APPARENT,,W,SOUTH BASCOM AVENUE,35.0,F,MAKING U TURN,A,HAD NOT BEEN DRINKING,,,M,MALE,33.0,C,CA,W,WHITE,1.0,PassengerCarStationWagonJeep,2002.0,TOYOTA,CAMRY,SILVER,,,,,,,,,,,,
6386794,1865856,2,Driver,,False,False,M,AIR BAG NOT DEPLOYED,G,OCCUPANT LAP SHOULDER HARNESS USED,CELL PHONE NOT IN USE,NONE APPARENT,,S,I-280,65.0,B,PROCEEDING STRAIGHT,A,HAD NOT BEEN DRINKING,,,M,MALE,33.0,C,CA,A,ASIAN,7.0,SportUtilityVehicle,2018.0,SUBA,OUTBACK,DGR,True,,,,,,,,3,5.0,5.0,False
6386793,1865856,1,Driver,True,False,False,M,AIR BAG NOT DEPLOYED,G,OCCUPANT LAP SHOULDER HARNESS USED,CELL PHONE NOT IN USE,NONE APPARENT,,S,I-180,65.0,B,PROCEEDING STRAIGHT,A,HAD NOT BEEN DRINKING,,,M,MALE,17.0,C,CA,H,HISPANIC,1.0,PassengerCarStationWagonJeep,2020.0,HOND,FIT,WHI,False,,,,,,,,3,5.0,5.0,False
6386789,1865854,1,Driver,True,False,False,P,NOT REQUIRED,W,MOTOR BICYCLE DRIVER WITH HELMET,CELL PHONE NOT IN USE,NONE APPARENT,,N,US-101 TO MONTAGUE EXPY EB,65.0,R,OTHER,A,HAD NOT BEEN DRINKING,,,M,MALE,40.0,U,CA,W,WHITE,2.0,Motorcycle,2007.0,KTM,450 EXC,ONG,False,,,,,,,,N/B,0.0,1.0,False
6386586,1865750,2,Driver,,False,False,M,AIR BAG NOT DEPLOYED,G,OCCUPANT LAP SHOULDER HARNESS USED,CELL PHONE NOT IN USE,NONE APPARENT,,S,SR-87,65.0,A,STOPPED,A,HAD NOT BEEN DRINKING,,,F,FEMALE,43.0,C,CA,O,OTHER,1.0,PassengerCarStationWagonJeep,2021.0,TESL,3,WHI,False,,,,,,,,2,3.0,3.0,False
6386585,1865750,1,Driver,True,False,False,M,AIR BAG NOT DEPLOYED,G,OCCUPANT LAP SHOULDER HARNESS USED,CELL PHONE NOT IN USE,NONE APPARENT,,S,SR-87,65.0,B,PROCEEDING STRAIGHT,A,HAD NOT BEEN DRINKING,,,M,MALE,27.0,C,CA,H,HISPANIC,22.0,PickupsAndPanels,2016.0,NISS,Frontier,WHI,False,,,,,,,,2,3.0,3.0,False
6386551,1865732,2,Driver,,False,False,M,AIR BAG NOT DEPLOYED,G,OCCUPANT LAP SHOULDER HARNESS USED,CELL PHONE NOT IN USE,NONE APPARENT,,N,SR-87,65.0,A,STOPPED,A,HAD NOT BEEN DRINKING,,,M,MALE,35.0,C,CA,W,WHITE,7.0,SportUtilityVehicle,2017.0,FORD,Escape,BLK,False,,,,,,,,1,3.0,3.0,False
6386550,1865732,1,Driver,True,False,False,M,AIR BAG NOT DEPLOYED,G,OCCUPANT LAP SHOULDER HARNESS USED,CELL PHONE NOT IN USE,NONE APPARENT,,N,SR-87,65.0,B,PROCEEDING STRAIGHT,A,HAD NOT BEEN DRINKING,,,M,MALE,75.0,C,CA,A,ASIAN,8.0,MiniVan,2006.0,HOND,ODYSSEY,SIL,False,,,,,,,,1,3.0,3.0,False
6386397,1865650,2,Driver,,False,False,M,AIR BAG NOT DEPLOYED,G,OCCUPANT LAP SHOULDER HARNESS USED,CELL PHONE NOT IN USE,NONE APPARENT,,S,I-680,65.0,B,PROCEEDING STRAIGHT,A,HAD NOT BEEN DRINKING,,,M,MALE,68.0,C,CA,H,HISPANIC,7.0,SportUtilityVehicle,2021.0,GMC,YUKON,BLK,False,,,,,,,,1,4.0,4.0,False
6386396,1865650,1,Driver,True,False,False,M,AIR BAG NOT DEPLOYED,G,OCCUPANT LAP SHOULDER HARNESS USED,CELL PHONE NOT IN USE,NONE APPARENT,,S,I-680,65.0,J,CHANGING LANES,A,HAD NOT BEEN DRINKING,,,M,MALE,54.0,C,CA,A,ASIAN,1.0,PassengerCarStationWagonJeep,2018.0,TOYT,MIRAI,WHI,False,,,,,,,,1,4.0,4.0,False
6386203,1865555,2,Driver,,False,False,M,AIR BAG NOT DEPLOYED,G,OCCUPANT LAP SHOULDER HARNESS USED,CELL PHONE NOT IN USE,NONE APPARENT,,S,I-680,65.0,H,SLOWING/STOPPING,A,HAD NOT BEEN DRINKING,,,F,FEMALE,18.0,C,CA,W,WHITE,1.0,PassengerCarStationWagonJeep,2010.0,AUDI,A5,BLK,False,,,,,,,,4,4.0,5.0,False
6386202,1865555,1,Driver,True,False,False,L,AIR BAG DEPLOYED,G,OCCUPANT LAP SHOULDER HARNESS USED,CELL PHONE NOT IN USE,NONE APPARENT,,S,I-680,65.0,H,SLOWING/STOPPING,A,HAD NOT BEEN DRINKING,,,M,MALE,32.0,U,,H,HISPANIC,22.0,PickupsAndPanels,2008.0,HOND,RIDGELINE,WHI,False,,,,,,,,4,4.0,5.0,False
6386049,1865476,2,Driver,,False,False,M,AIR BAG NOT DEPLOYED,G,OCCUPANT LAP SHOULDER HARNESS USED,CELL PHONE NOT IN USE,NONE APPARENT,,S,I-280,65.0,B,PROCEEDING STRAIGHT,A,HAD NOT BEEN DRINKING,,,M,MALE,54.0,C,CA,A,ASIAN,7.0,SportUtilityVehicle,2022.0,AUDI,Q5,GRN,False,,,,,,,,1,4.0,5.0,False
6386048,1865476,1,Driver,,False,False,M,AIR BAG NOT DEPLOYED,G,OCCUPANT LAP SHOULDER HARNESS USED,CELL PHONE NOT IN USE,NONE APPARENT,,S,I-280,65.0,B,PROCEEDING STRAIGHT,A,HAD NOT BEEN DRINKING,,,M,MALE,18.0,C,CA,H,HISPANIC,1.0,PassengerCarStationWagonJeep,2006.0,HOND,CIVIC,BGE,False,,,,,,,,1,4.0,5.0,False
6385793,1865335,1,Driver,True,False,False,L,AIR BAG DEPLOYED,H,OCCUPANT LAP SHOULDER HARNESS NOT USED,CELL PHONE NOT IN USE,NONE APPARENT,,S,I-880,65.0,R,OTHER,A,HAD NOT BEEN DRINKING,,,M,MALE,,U,CA,H,HISPANIC,1.0,PassengerCarStationWagonJeep,2007.0,LEXS,ES350,BLK,True,,,,,,,,3,4.0,4.0,False
6385747,1865309,2,Driver,,False,False,M,AIR BAG NOT DEPLOYED,G,OCCUPANT LAP SHOULDER HARNESS USED,CELL PHONE NOT IN USE,NONE APPARENT,,N,US-101,65.0,A,STOPPED,A,HAD NOT BEEN DRINKING,,,M,MALE,64.0,C,CA,A,ASIAN,7.0,SportUtilityVehicle,2011.0,HOND,CRV,BRO,False,,,,,,,,1,5.0,5.0,False
6385746,1865309,1,Driver,True,False,True,B,UNKNOWN,B,OCCUPANT UNKNOWN,CELL PHONE USE UNKNOWN,NONE APPARENT,,N,US-101,65.0,B,PROCEEDING STRAIGHT,G,IMPAIRMENT_NOT_KNOWN,,,,,,,,,,99.0,OtherUnknownHitAndRunDriver,,,,,False,,,,,,,,1,5.0,5.0,False
6385670,1865267,3,Driver,,False,False,M,AIR BAG NOT DEPLOYED,G,OCCUPANT LAP SHOULDER HARNESS USED,CELL PHONE NOT IN USE,ENTERING OR LEAVING RAMP,,N,I-880 N/B TO US-101 S/B,65.0,B,PROCEEDING STRAIGHT,G,IMPAIRMENT_NOT_KNOWN,,,F,FEMALE,45.0,C,HI,W,WHITE,7.0,SportUtilityVehicle,2021.0,MAZD,CX5,WHI,False,,,,,,,,1,1.0,1.0,False
6385669,1865267,2,Driver,,False,False,M,AIR BAG NOT DEPLOYED,G,OCCUPANT LAP SHOULDER HARNESS USED,CELL PHONE NOT IN USE,NONE APPARENT,,N,I-880 N/B TO US-101 S/B,65.0,B,PROCEEDING STRAIGHT,A,HAD NOT BEEN DRINKING,,,M,MALE,29.0,C,CA,,,1.0,PassengerCarStationWagonJeep,2001.0,FORD,Mustang,GRY,False,,,,,,,,1,1.0,1.0,False
6385668,1865267,1,Driver,True,False,True,B,UNKNOWN,B,OCCUPANT UNKNOWN,CELL PHONE USE UNKNOWN,ENTERING OR LEAVING RAMP,,N,,65.0,B,PROCEEDING STRAIGHT,G,IMPAIRMENT_NOT_KNOWN,,,,,,,,,,99.0,OtherUnknownHitAndRunDriver,,,,,False,,,,,,,,1,1.0,1.0,False
6385367,1865108,2,Driver,,False,False,M,AIR BAG NOT DEPLOYED,G,OCCUPANT LAP SHOULDER HARNESS USED,CELL PHONE NOT IN USE,NONE APPARENT,,N,I-880 N/B,65.0,A,STOPPED,A,HAD NOT BEEN DRINKING,,,M,MALE,26.0,C,CA,A,ASIAN,1.0,PassengerCarStationWagonJeep,2021.0,HOND,Accord,GRY,False,,,,,,,,1,4.0,4.0,False
6385366,1865108,1,Driver,True,False,False,L,AIR BAG DEPLOYED,G,OCCUPANT LAP SHOULDER HARNESS USED,CELL PHONE NOT IN USE,NONE APPARENT,,N,I-880 N/B,65.0,B,PROCEEDING STRAIGHT,A,HAD NOT BEEN DRINKING,,,M,MALE,26.0,C,CA,A,ASIAN,1.0,PassengerCarStationWagonJeep,2001.0,MAZD,Miata,WHI,False,,,,,,,,1,4.0,4.0,False