PartyId,CollisionId,PartyNumber,PartyType,IsAtFault,IsOnDutyEmergencyVehicle,IsHitAndRun,AirbagCode,AirbagDescription,SafetyEquipmentCode,SafetyEquipmentDescription,Special Information,Other Associate Factor,Inattention,DirectionOfTravel,StreetOrHighwayName,SpeedLimit,MovementPrecCollCode,MovementPrecCollDescription,SobrietyDrugPhysicalCode1,SobrietyDrugPhysicalDescription1,SobrietyDrugPhysicalCode2,SobrietyDrugPhysicalDescription2,GenderCode,GenderDescription,StatedAge,DriverLicenseClass,DriverLicenseStateCode,RaceCode,RaceDesc,Vehicle1TypeId, Vehicle1TypeDesc, Vehicle1Year,Vehicle1Make,Vehicle1Model,Vehicle1Color,V1IsVehicleTowed,Vehicle2TypeId, Vehicle2TypeDesc, Vehicle2Year,Vehicle2Make,Vehicle2Model,Vehicle2Color,V2IsVehicleTowed,Lane,ThruLanes,TotalLanes,IsDREConducted
6722483,1895064,2,Driver,,False,False,M,AIR BAG NOT DEPLOYED,G,OCCUPANT LAP SHOULDER HARNESS USED,CELL PHONE NOT IN USE,NONE APPARENT,,N,US-101,65.0,A,STOPPED,A,HAD NOT BEEN DRINKING,,,F,FEMALE,49.0,C,CA,O,OTHER,1.0,PassengerCarStationWagonJeep,2012.0,MERZ,C250,WHI/,False,,,,,,,,4,4.0,4.0,False
6722482,1895064,1,Driver,True,False,False,M,AIR BAG NOT DEPLOYED,G,OCCUPANT LAP SHOULDER HARNESS USED,CELL PHONE NOT IN USE,VC SECTION VIOLATED - VC 22107,,N,US-101,65.0,R,OTHER,B,HBD-UNDER INFLUENCE,,,M,MALE,36.0,U,CA,H,HISPANIC,1.0,PassengerCarStationWagonJeep,1999.0,TOYT,CAMRY,GRY,False,,,,,,,,3,4.0,4.0,False
6722463,1895053,2,Driver,,False,False,M,AIR BAG NOT DEPLOYED,G,OCCUPANT LAP SHOULDER HARNESS USED,CELL PHONE NOT IN USE,NONE APPARENT,,N,US-101,65.0,A,STOPPED,A,HAD NOT BEEN DRINKING,,,M,MALE,27.0,C,CA,A,ASIAN,1.0,PassengerCarStationWagonJeep,2016.0,FORD,FIESTA,WHI,False,,,,,,,,3,4.0,4.0,False
6722462,1895053,1,Driver,True,False,False,M,AIR BAG NOT DEPLOYED,G,OCCUPANT LAP SHOULDER HARNESS USED,CELL PHONE NOT IN USE,VC SECTION VIOLATED - VC 22107,,N,US-101,65.0,R,OTHER,B,HBD-UNDER INFLUENCE,,,M,MALE,36.0,U,CA,H,HISPANIC,1.0,PassengerCarStationWagonJeep,1999.0,TOYT,CAMRY,GRY,False,,,,,,,,4,4.0,65.0,False
6722439,1895040,2,Driver,,False,False,M,AIR BAG NOT DEPLOYED,G,OCCUPANT LAP SHOULDER HARNESS USED,CELL PHONE NOT IN USE,NONE APPARENT,,N,US-101,65.0,B,PROCEEDING STRAIGHT,A,HAD NOT BEEN DRINKING,,,M,MALE,30.0,A,CA,O,OTHER,1.0,PassengerCarStationWagonJeep,2022.0,KIA,FORTE,WHI,False,,,,,,,,3,4.0,4.0,False
6722438,1895040,1,Driver,True,False,False,M,AIR BAG NOT DEPLOYED,G,OCCUPANT LAP SHOULDER HARNESS USED,CELL PHONE NOT IN USE,VC SECTION VIOLATED - VC 22107,,N,US-101,65.0,R,OTHER,B,HBD-UNDER INFLUENCE,,,M,MALE,36.0,U,CA,H,HISPANIC,1.0,PassengerCarStationWagonJeep,1999.0,TOYT,CAMRY,GRY,False,,,,,,,,4,4.0,65.0,False
6721666,1894651,1,Driver,True,False,False,L,AIR BAG DEPLOYED,G,OCCUPANT LAP SHOULDER HARNESS USED,CELL PHONE NOT IN USE,NONE APPARENT,,S,I-280 S/B,65.0,J,CHANGING LANES,A,HAD NOT BEEN DRINKING,,,F,FEMALE,76.0,C,CA,W,WHITE,1.0,PassengerCarStationWagonJeep,2008.0,CHEV,COBALT,BLK,True,,,,,,,,4,5.0,5.0,False
6721650,1894644,2,Driver,,False,False,M,AIR BAG NOT DEPLOYED,G,OCCUPANT LAP SHOULDER HARNESS USED,CELL PHONE NOT IN USE,NONE APPARENT,,N,US-101 N/B,65.0,A,STOPPED,A,HAD NOT BEEN DRINKING,,,M,MALE,47.0,C,CA,H,HISPANIC,22.0,PickupsAndPanels,2014.0,CHEV,2500,WHI,False,,,,,,,,1,5.0,5.0,False
6721649,1894644,1,Driver,True,False,False,M,AIR BAG NOT DEPLOYED,G,OCCUPANT LAP SHOULDER HARNESS USED,CELL PHONE NOT IN USE,NONE APPARENT,,N,US-101 N/B,65.0,B,PROCEEDING STRAIGHT,A,HAD NOT BEEN DRINKING,,,M,MALE,26.0,C,CA,H,HISPANIC,1.0,PassengerCarStationWagonJeep,2007.0,HOND,CIVIC,GRY,False,,,,,,,,1,5.0,5.0,False
6721628,1894633,1,Driver,,False,False,P,NOT REQUIRED,W,MOTOR BICYCLE DRIVER WITH HELMET,CELL PHONE NOT IN USE,VC SECTION VIOLATED - VC 22107,,S,US-101,65.0,R,OTHER,B,HBD-UNDER INFLUENCE,,,M,MALE,47.0,M1,CA,H,HISPANIC,2.0,Motorcycle,2008.0,HD,ELECTRA GLIDE,BLK,True,,,,,,,,1,5.0,5.0,False
6721593,1894616,2,Driver,True,False,False,M,AIR BAG NOT DEPLOYED,G,OCCUPANT LAP SHOULDER HARNESS USED,CELL PHONE NOT IN USE,NONE APPARENT,,N,I-280 N/B FROM ALMADEN BLVD,65.0,J,CHANGING LANES,A,HAD NOT BEEN DRINKING,,,F,FEMALE,33.0,C,CA,H,HISPANIC,7.0,SportUtilityVehicle,2013.0,DODG,DURANGO,WHI,False,,,,,,,,2,2.0,2.0,False
6721592,1894616,1,Driver,,False,False,P,NOT REQUIRED,W,MOTOR BICYCLE DRIVER WITH HELMET,CELL PHONE NOT IN USE,NONE APPARENT,,N,I-280 N/B FROM ALMADEN BLVD,65.0,B,PROCEEDING STRAIGHT,B,HBD-UNDER INFLUENCE,,,M,MALE,51.0,U,CA,H,HISPANIC,2.0,Motorcycle,2007.0,HD,SOFT TAIL,BLU/PNK,True,,,,,,,,1,2.0,2.0,False
6721584,1894611,2,Driver,,False,False,M,AIR BAG NOT DEPLOYED,G,OCCUPANT LAP SHOULDER HARNESS USED,CELL PHONE NOT IN USE,NONE APPARENT,,S,I-280 S/B,65.0,J,CHANGING LANES,A,HAD NOT BEEN DRINKING,,,F,FEMALE,27.0,C,CA,H,HISPANIC,1.0,PassengerCarStationWagonJeep,2004.0,HOND,ACCORD,SIL,False,,,,,,,,3,6.0,6.0,False
6721583,1894611,1,Driver,,False,False,M,AIR BAG NOT DEPLOYED,G,OCCUPANT LAP SHOULDER HARNESS USED,CELL PHONE NOT IN USE,NONE APPARENT,,S,I-280 S/B,65.0,J,CHANGING LANES,A,HAD NOT BEEN DRINKING,,,F,FEMALE,49.0,C,CA,O,OTHER,1.0,PassengerCarStationWagonJeep,2014.0,MAZD,3,BLU,False,,,,,,,,3,6.0,6.0,False
6721479,1894561,2,Driver,,False,False,M,AIR BAG NOT DEPLOYED,G,OCCUPANT LAP SHOULDER HARNESS USED,CELL PHONE NOT IN USE,NONE APPARENT,,S,I-280 S/B,65.0,A,STOPPED,A,HAD NOT BEEN DRINKING,,,F,FEMALE,37.0,C,CA,H,HISPANIC,7.0,SportUtilityVehicle,2015.0,TOYT,RAV4,GRY,False,,,,,,,,1,4.0,4.0,False
6721478,1894561,1,Driver,True,False,True,B,UNKNOWN,B,OCCUPANT UNKNOWN,CELL PHONE USE UNKNOWN,NONE APPARENT,,S,I-280 S/B,65.0,B,PROCEEDING STRAIGHT,G,IMPAIRMENT_NOT_KNOWN,,,,,,,,,,99.0,OtherUnknownHitAndRunDriver,,,,,False,,,,,,,,1,4.0,4.0,False
6721234,1894437,2,Driver,,False,False,M,AIR BAG NOT DEPLOYED,G,OCCUPANT LAP SHOULDER HARNESS USED,CELL PHONE NOT IN USE,NONE APPARENT,,W,SR-130 (ALUM ROCK AVE),40.0,A,STOPPED,A,HAD NOT BEEN DRINKING,,,M,MALE,37.0,C,CA,A,ASIAN,7.0,SportUtilityVehicle,2007.0,TOYT,HIGHLANDER,BLK,False,,,,,,,,W/B,1.0,3.0,False
6721233,1894437,1,Driver,True,False,True,B,UNKNOWN,B,OCCUPANT UNKNOWN,CELL PHONE USE UNKNOWN,NONE APPARENT,,W,SR-130 (ALUM ROCK AVE),40.0,B,PROCEEDING STRAIGHT,G,IMPAIRMENT_NOT_KNOWN,,,,,,,,,,99.0,OtherUnknownHitAndRunDriver,,,,,False,,,,,,,,W/B,1.0,3.0,False
6721201,1894421,2,Driver,,False,False,M,AIR BAG NOT DEPLOYED,G,OCCUPANT LAP SHOULDER HARNESS USED,CELL PHONE NOT IN USE,NONE APPARENT,,S,SR-17 S/B,65.0,B,PROCEEDING STRAIGHT,A,HAD NOT BEEN DRINKING,,,F,FEMALE,47.0,C,CA,A,ASIAN,1.0,PassengerCarStationWagonJeep,2013.0,LEXS,RX350,WHI,False,,,,,,,,3,3.0,4.0,False
6721200,1894421,1,Driver,True,False,False,M,AIR BAG NOT DEPLOYED,G,OCCUPANT LAP SHOULDER HARNESS USED,CELL PHONE NOT IN USE,NONE APPARENT,,S,SR-17 S/B,65.0,R,OTHER,A,HAD NOT BEEN DRINKING,,,M,MALE,49.0,C,CA,O,OTHER,1.0,PassengerCarStationWagonJeep,2020.0,TSMR,X,BLU,False,,,,,,,,2,3.0,4.0,False
6721141,1894392,2,Driver,,False,False,M,AIR BAG NOT DEPLOYED,G,OCCUPANT LAP SHOULDER HARNESS USED,CELL PHONE NOT IN USE,NONE APPARENT,,N,SR-17 N/B,65.0,B,PROCEEDING STRAIGHT,A,HAD NOT BEEN DRINKING,,,M,MALE,52.0,U,IT,A,ASIAN,7.0,SportUtilityVehicle,2017.0,MERZ,GL450,BLK,False,,,,,,,,4,4.0,4.0,False
6721140,1894392,1,Driver,True,False,False,L,AIR BAG DEPLOYED,H,OCCUPANT LAP SHOULDER HARNESS NOT USED,CELL PHONE NOT IN USE,VC SECTION VIOLATED - VC 22350,,N,SR-17 N/B,65.0,B,PROCEEDING STRAIGHT,B,HBD-UNDER INFLUENCE,,,F,FEMALE,20.0,C,CA,H,HISPANIC,1.0,PassengerCarStationWagonJeep,1998.0,TOYT,COROLLA,GRN,True,,,,,,,,4,4.0,4.0,False
6721034,1894337,2,Driver,,False,False,M,AIR BAG NOT DEPLOYED,G,OCCUPANT LAP SHOULDER HARNESS USED,CELL PHONE NOT IN USE,NONE APPARENT,,S,SR-87 S/B,65.0,B,PROCEEDING STRAIGHT,A,HAD NOT BEEN DRINKING,,,F,FEMALE,39.0,C,CA,W,WHITE,7.0,SportUtilityVehicle,2016.0,BMW,X6,WHI,False,,,,,,,,3,3.0,4.0,False
6721033,1894337,1,Driver,True,False,False,M,AIR BAG NOT DEPLOYED,G,OCCUPANT LAP SHOULDER HARNESS USED,CELL PHONE NOT IN USE,NONE APPARENT,,S,SR-87 S/B,65.0,J,CHANGING LANES,A,HAD NOT BEEN DRINKING,,,F,FEMALE,18.0,C,CA,O,OTHER,1.0,PassengerCarStationWagonJeep,2009.0,MERZ,E550,BLK,False,,,,,,,,3,3.0,4.0,False
6721027,1894333,2,Driver,,False,False,M,AIR BAG NOT DEPLOYED,G,OCCUPANT LAP SHOULDER HARNESS USED,CELL PHONE NOT IN USE,NONE APPARENT,,S,US-101 S/B,65.0,B,PROCEEDING STRAIGHT,A,HAD NOT BEEN DRINKING,,,M,MALE,48.0,C,CA,W,WHITE,1.0,PassengerCarStationWagonJeep,2008.0,TOYT,PRIUS,WHI,False,,,,,,,,3,6.0,6.0,False
6721026,1894333,1,Driver,True,False,True,B,UNKNOWN,B,OCCUPANT UNKNOWN,CELL PHONE USE UNKNOWN,NONE APPARENT,,S,US-101 S/B,65.0,R,OTHER,G,IMPAIRMENT_NOT_KNOWN,,,,,,,,,,99.0,OtherUnknownHitAndRunDriver,,,,,False,,,,,,,,4,6.0,6.0,False
6721010,1894324,2,Driver,,False,False,L,AIR BAG DEPLOYED,G,OCCUPANT LAP SHOULDER HARNESS USED,CELL PHONE NOT IN USE,NONE APPARENT,,S,I-880 S/B,65.0,B,PROCEEDING STRAIGHT,A,HAD NOT BEEN DRINKING,,,F,FEMALE,37.0,C,CA,H,HISPANIC,1.0,PassengerCarStationWagonJeep,2020.0,MERZ,C300,SIL,False,,,,,,,,1,4.0,4.0,False
6721009,1894324,1,Driver,True,False,False,M,AIR BAG NOT DEPLOYED,G,OCCUPANT LAP SHOULDER HARNESS USED,CELL PHONE NOT IN USE,NONE APPARENT,,S,I-880 S/B,65.0,R,OTHER,A,HAD NOT BEEN DRINKING,,,M,MALE,25.0,C,CA,A,ASIAN,7.0,SportUtilityVehicle,2019.0,HOND,CRV,SIL,False,,,,,,,,2,4.0,4.0,False
6720673,1894143,2,Driver,,False,False,M,AIR BAG NOT DEPLOYED,G,OCCUPANT LAP SHOULDER HARNESS USED,CELL PHONE NOT IN USE,NONE APPARENT,,S,SR-87,65.0,A,STOPPED,A,HAD NOT BEEN DRINKING,,,F,FEMALE,58.0,C,CA,H,HISPANIC,1.0,PassengerCarStationWagonJeep,2012.0,NISS,VERSAILLES,BLU,False,,,,,,,,1,3.0,3.0,False
6720672,1894143,1,Driver,True,False,False,M,AIR BAG NOT DEPLOYED,G,OCCUPANT LAP SHOULDER HARNESS USED,CELL PHONE NOT IN USE,NONE APPARENT,,S,SR-87,65.0,B,PROCEEDING STRAIGHT,A,HAD NOT BEEN DRINKING,,,M,MALE,70.0,C,CA,W,WHITE,22.0,PickupsAndPanels,1997.0,FORD,F-350,WHI/GRY,False,,,,,,,,1,3.0,3.0,False
6720587,1894097,3,Driver,,False,False,M,AIR BAG NOT DEPLOYED,G,OCCUPANT LAP SHOULDER HARNESS USED,CELL PHONE NOT IN USE,NONE APPARENT,,S,I-280 S/B TO I-880 N/B,65.0,A,STOPPED,A,HAD NOT BEEN DRINKING,,,M,MALE,51.0,C,CA,A,ASIAN,1.0,PassengerCarStationWagonJeep,2015.0,TOYT,PRIUS,BLU,False,,,,,,,,2,2.0,2.0,False
6720586,1894097,2,Driver,,False,False,M,AIR BAG NOT DEPLOYED,G,OCCUPANT LAP SHOULDER HARNESS USED,CELL PHONE NOT IN USE,NONE APPARENT,,S,I-280 S/B TO I-880 N/B,65.0,A,STOPPED,A,HAD NOT BEEN DRINKING,,,M,MALE,53.0,U,CA,W,WHITE,1.0,PassengerCarStationWagonJeep,2019.0,DODG,CHARGER,WHI,False,,,,,,,,2,2.0,2.0,False
6720585,1894097,1,Driver,True,False,False,M,AIR BAG NOT DEPLOYED,G,OCCUPANT LAP SHOULDER HARNESS USED,CELL PHONE NOT IN USE,NONE APPARENT,,S,I-280 S/B TO I-880 N/B,65.0,B,PROCEEDING STRAIGHT,A,HAD NOT BEEN DRINKING,,,M,MALE,27.0,U,CA,H,HISPANIC,1.0,PassengerCarStationWagonJeep,1998.0,VOLK,JETTA,WHI,True,,,,,,,,2,2.0,2.0,False
6720538,1894075,2,Driver,,False,False,M,AIR BAG NOT DEPLOYED,G,OCCUPANT LAP SHOULDER HARNESS USED,CELL PHONE NOT IN USE,NONE APPARENT,,S,I-880,65.0,B,PROCEEDING STRAIGHT,A,HAD NOT BEEN DRINKING,,,F,FEMALE,28.0,C,CA,A,ASIAN,1.0,PassengerCarStationWagonJeep,2017.0,SUBA,STI,BLK,False,,,,,,,,2,4.0,4.0,False
6720537,1894075,1,Driver,True,False,True,B,UNKNOWN,B,OCCUPANT UNKNOWN,CELL PHONE USE UNKNOWN,NONE APPARENT,,S,,65.0,B,PROCEEDING STRAIGHT,D,HBD-IMPAIRMENT UNKNOWN,,,,,,,,,,99.0,OtherUnknownHitAndRunDriver,,,,,False,,,,,,,,2,4.0,4.0,False
6720516,1894063,2,Driver,,False,False,M,AIR BAG NOT DEPLOYED,G,OCCUPANT LAP SHOULDER HARNESS USED,CELL PHONE NOT IN USE,ENTERING OR LEAVING RAMP,,N,I-280,65.0,H,SLOWING/STOPPING,A,HAD NOT BEEN DRINKING,,,F,FEMALE,49.0,U,CA,H,HISPANIC,1.0,PassengerCarStationWagonJeep,2010.0,TOYT,CAMRY,GRY,False,,,,,,,,2,3.0,3.0,False
6720515,1894063,1,Driver,True,False,False,M,AIR BAG NOT DEPLOYED,G,OCCUPANT LAP SHOULDER HARNESS USED,CELL PHONE NOT IN USE,ENTERING OR LEAVING RAMP,,N,I-280,65.0,B,PROCEEDING STRAIGHT,A,HAD NOT BEEN DRINKING,,,M,MALE,58.0,C,CA,H,HISPANIC,22.0,PickupsAndPanels,2022.0,CHEV,SILVERADO,SIL,False,,,,,,,,2,3.0,3.0,False
6720467,1894038,2,Driver,,False,False,M,AIR BAG NOT DEPLOYED,G,OCCUPANT LAP SHOULDER HARNESS USED,CELL PHONE NOT IN USE,NONE APPARENT,,S,SR-87,65.0,B,PROCEEDING STRAIGHT,A,HAD NOT BEEN DRINKING,,,M,MALE,32.0,C,CA,H,HISPANIC,1.0,PassengerCarStationWagonJeep,2017.0,LEXS,IS200,BLK,False,,,,,,,,2,3.0,3.0,False
6720466,1894038,1,Driver,True,False,True,B,UNKNOWN,B,OCCUPANT UNKNOWN,CELL PHONE USE UNKNOWN,NONE APPARENT,,S,SR-87,65.0,B,PROCEEDING STRAIGHT,G,IMPAIRMENT_NOT_KNOWN,,,,,,,,,,99.0,OtherUnknownHitAndRunDriver,,,,,False,,,,,,,,3,2.0,3.0,False
6720380,1893995,2,Driver,,False,False,M,AIR BAG NOT DEPLOYED,G,OCCUPANT LAP SHOULDER HARNESS USED,CELL PHONE NOT IN USE,NONE APPARENT,,N,US-101 N/B,65.0,H,SLOWING/STOPPING,A,HAD NOT BEEN DRINKING,,,M,MALE,41.0,C,CA,H,HISPANIC,22.0,PickupsAndPanels,2017.0,TOYT,TACOMA,BRO,False,,,,,,,,4,5.0,5.0,False
6720379,1893995,1,Driver,True,False,False,M,AIR BAG NOT DEPLOYED,G,OCCUPANT LAP SHOULDER HARNESS USED,CELL PHONE NOT IN USE,NONE APPARENT,,N,US-101 N/B,65.0,B,PROCEEDING STRAIGHT,A,HAD NOT BEEN DRINKING,,,M,MALE,17.0,C,CA,W,WHITE,1.0,PassengerCarStationWagonJeep,2007.0,TOYT,COROLLA,GLD,False,,,,,,,,4,5.0,5.0,False
6720343,1893978,2,Driver,,False,False,L,AIR BAG DEPLOYED,G,OCCUPANT LAP SHOULDER HARNESS USED,CELL PHONE NOT IN USE,NONE APPARENT,,E,SR-237,65.0,B,PROCEEDING STRAIGHT,A,HAD NOT BEEN DRINKING,,,F,FEMALE,37.0,C,CA,A,ASIAN,7.0,SportUtilityVehicle,2013.0,MERZ,GLK350,WHI,False,,,,,,,,3,3.0,3.0,False
6720342,1893978,1,Driver,True,False,False,L,AIR BAG DEPLOYED,G,OCCUPANT LAP SHOULDER HARNESS USED,CELL PHONE NOT IN USE,VC SECTION VIOLATED - VC 22350,,E,SR-237,65.0,B,PROCEEDING STRAIGHT,B,HBD-UNDER INFLUENCE,,,F,FEMALE,33.0,U,CA,O,OTHER,1.0,PassengerCarStationWagonJeep,2022.0,HOND,ACCORD,GRY,False,,,,,,,,3,3.0,3.0,False
6720324,1893969,3,Driver,,False,False,M,AIR BAG NOT DEPLOYED,G,OCCUPANT LAP SHOULDER HARNESS USED,CELL PHONE NOT IN USE,NONE APPARENT,,S,US-101 S/B,65.0,B,PROCEEDING STRAIGHT,A,HAD NOT BEEN DRINKING,,,M,MALE,26.0,C,CA,A,ASIAN,1.0,PassengerCarStationWagonJeep,2019.0,VOLK,GOLF,GRY,False,,,,,,,,3,4.0,4.0,False
6720323,1893969,2,Driver,,False,False,M,AIR BAG NOT DEPLOYED,G,OCCUPANT LAP SHOULDER HARNESS USED,CELL PHONE NOT IN USE,NONE APPARENT,,S,US-101 S/B,65.0,H,SLOWING/STOPPING,A,HAD NOT BEEN DRINKING,,,M,MALE,26.0,C,CA,O,OTHER,1.0,PassengerCarStationWagonJeep,2017.0,JEEP,WRANGLER,BLK,True,,,,,,,,4,4.0,4.0,False
6720322,1893969,1,Driver,True,False,False,L,AIR BAG DEPLOYED,G,OCCUPANT LAP SHOULDER HARNESS USED,CELL PHONE NOT IN USE,INATTENTION,RADIO/CD,S,US-101 S/B,65.0,R,OTHER,A,HAD NOT BEEN DRINKING,,,F,FEMALE,33.0,U,CA,W,WHITE,1.0,PassengerCarStationWagonJeep,2009.0,MITS,GALANT,WHI,True,,,,,,,,4,4.0,4.0,False
6720314,1893966,2,Driver,,False,False,M,AIR BAG NOT DEPLOYED,G,OCCUPANT LAP SHOULDER HARNESS USED,CELL PHONE NOT IN USE,NONE APPARENT,,N,US-101 N/B TO MCKEE ROAD,65.0,A,STOPPED,A,HAD NOT BEEN DRINKING,,,F,FEMALE,45.0,C,CA,H,HISPANIC,7.0,SportUtilityVehicle,2013.0,TOYT,VENZA,BLK,False,,,,,,,,RT-2,2.0,3.0,False
6720313,1893966,1,Driver,True,False,False,M,AIR BAG NOT DEPLOYED,G,OCCUPANT LAP SHOULDER HARNESS USED,CELL PHONE NOT IN USE,NONE APPARENT,,N,US-101 N/B TO MCKEE ROAD,65.0,B,PROCEEDING STRAIGHT,A,HAD NOT BEEN DRINKING,,,F,FEMALE,52.0,C,CA,H,HISPANIC,1.0,PassengerCarStationWagonJeep,2020.0,VOLK,TIGUAN,WHI,False,,,,,,,,RT-2,2.0,3.0,False
6718889,1893236,3,Driver,,False,False,M,AIR BAG NOT DEPLOYED,G,OCCUPANT LAP SHOULDER HARNESS USED,CELL PHONE NOT IN USE,NONE APPARENT,,N,US-101,65.0,A,STOPPED,B,HBD-UNDER INFLUENCE,,,F,FEMALE,30.0,C,CA,A,ASIAN,1.0,PassengerCarStationWagonJeep,2016.0,MNNI,COOPER,RED,False,,,,,,,,2,5.0,5.0,False
6718888,1893236,2,Driver,,False,False,M,AIR BAG NOT DEPLOYED,G,OCCUPANT LAP SHOULDER HARNESS USED,CELL PHONE NOT IN USE,NONE APPARENT,,S,US-101,65.0,A,STOPPED,A,HAD NOT BEEN DRINKING,,,F,FEMALE,39.0,C,CA,A,ASIAN,1.0,PassengerCarStationWagonJeep,2020.0,TOYT,PRIUS,WHI,False,,,,,,,,2,5.0,5.0,False
6718887,1893236,1,Driver,True,False,True,B,UNKNOWN,B,OCCUPANT UNKNOWN,CELL PHONE USE UNKNOWN,NONE APPARENT,,S,US-101,65.0,B,PROCEEDING STRAIGHT,G,IMPAIRMENT_NOT_KNOWN,,,,,,,,,,1.0,PassengerCarStationWagonJeep,2001.0,TOYT,COROLLA,BLK,False,,,,,,,,2,5.0,5.0,False
6718836,1893210,2,Driver,,False,False,M,AIR BAG NOT DEPLOYED,G,OCCUPANT LAP SHOULDER HARNESS USED,CELL PHONE NOT IN USE,NONE APPARENT,,E,SR-237,65.0,A,STOPPED,A,HAD NOT BEEN DRINKING,,,F,FEMALE,62.0,C,CA,W,WHITE,1.0,PassengerCarStationWagonJeep,2022.0,BMW ,330I,ONG,False,,,,,,,,3,3.0,3.0,False
6718835,1893210,1,Driver,True,False,False,M,AIR BAG NOT DEPLOYED,G,OCCUPANT LAP SHOULDER HARNESS USED,CELL PHONE NOT IN USE,NONE APPARENT,,E,SR-237,65.0,B,PROCEEDING STRAIGHT,A,HAD NOT BEEN DRINKING,,,M,MALE,45.0,C,CA,H,HISPANIC,26.0,TwoAxleTruck,2023.0,FORD,F-650,WHI,False,,,,,,,,3,3.0,3.0,False
6718811,1893197,2,Driver,,False,False,M,AIR BAG NOT DEPLOYED,G,OCCUPANT LAP SHOULDER HARNESS USED,CELL PHONE NOT IN USE,NONE APPARENT,,N,I-680 N/B,65.0,H,SLOWING/STOPPING,A,HAD NOT BEEN DRINKING,,,M,MALE,24.0,C,CA,H,HISPANIC,1.0,PassengerCarStationWagonJeep,2020.0,DODG,CHARGER,RED/BLK,False,,,,,,,,1,4.0,4.0,False
6718810,1893197,1,Driver,True,False,False,M,AIR BAG NOT DEPLOYED,G,OCCUPANT LAP SHOULDER HARNESS USED,CELL PHONE NOT IN USE,NONE APPARENT,,N,I-680 N/B,65.0,B,PROCEEDING STRAIGHT,G,IMPAIRMENT_NOT_KNOWN,,,M,MALE,37.0,U,CA,H,HISPANIC,1.0,PassengerCarStationWagonJeep,2005.0,FORD,FOCUS,SIL,False,,,,,,,,1,4.0,4.0,False
6718797,1893190,2,Driver,,False,False,M,AIR BAG NOT DEPLOYED,G,OCCUPANT LAP SHOULDER HARNESS USED,CELL PHONE NOT IN USE,NONE APPARENT,,S,I-280,65.0,B,PROCEEDING STRAIGHT,A,HAD NOT BEEN DRINKING,,,M,MALE,89.0,C,CA,W,WHITE,1.0,PassengerCarStationWagonJeep,2015.0,JEEP,CHEROKEE,GRY,False,,,,,,,,5,5.0,5.0,False
6718796,1893190,1,Driver,True,True,False,M,AIR BAG NOT DEPLOYED,G,OCCUPANT LAP SHOULDER HARNESS USED,CELL PHONE NOT IN USE,NONE APPARENT,,S,I-280,65.0,L,ENTERING TRAFFICD,A,HAD NOT BEEN DRINKING,,,M,MALE,35.0,C,CA,H,HISPANIC,48.0,PoliceCar,2016.0,FORD,EXPLORER,WHI,False,,,,,,,,5,5.0,5.0,False
6718452,1893013,2,Driver,,False,False,M,AIR BAG NOT DEPLOYED,G,OCCUPANT LAP SHOULDER HARNESS USED,CELL PHONE NOT IN USE,NONE APPARENT,,S,I-280 S/B,65.0,H,SLOWING/STOPPING,A,HAD NOT BEEN DRINKING,,,F,FEMALE,59.0,C,CA,A,ASIAN,1.0,PassengerCarStationWagonJeep,2013.0,LEXS,ES300,BLK,False,,,,,,,,4,4.0,4.0,False
6718451,1893013,1,Driver,True,False,False,M,AIR BAG NOT DEPLOYED,G,OCCUPANT LAP SHOULDER HARNESS USED,CELL PHONE NOT IN USE,NONE APPARENT,,S,I-280 S/B,65.0,B,PROCEEDING STRAIGHT,A,HAD NOT BEEN DRINKING,,,M,MALE,58.0,C,CA,W,WHITE,22.0,PickupsAndPanels,2018.0,FRHT,M2CA BOX TRUCK,WHI,False,,,,,,,,4,4.0,4.0,False
6718388,1892978,1,Driver,True,False,False,L,AIR BAG DEPLOYED,G,OCCUPANT LAP SHOULDER HARNESS USED,CELL PHONE NOT IN USE,ENTERING OR LEAVING RAMP,,N,I-280 N/B TO STEVENS CREEK BLV,65.0,R,OTHER,G,IMPAIRMENT_NOT_KNOWN,,,M,MALE,23.0,C,CA,H,HISPANIC,1.0,PassengerCarStationWagonJeep,2005.0,MAZD,MAZDA3,GRY,True,,,,,,,,EXIT-1,0.0,2.0,False
6718047,1892793,2,Driver,,False,False,M,AIR BAG NOT DEPLOYED,G,OCCUPANT LAP SHOULDER HARNESS USED,CELL PHONE NOT IN USE,NONE APPARENT,,S,US-101,65.0,B,PROCEEDING STRAIGHT,A,HAD NOT BEEN DRINKING,,,M,MALE,52.0,C,CA,A,ASIAN,22.0,PickupsAndPanels,2013.0,TOYT,TUNDRA,BLK,False,,,,,,,,4,4.0,5.0,False