PartyId,CollisionId,PartyNumber,PartyType,IsAtFault,IsOnDutyEmergencyVehicle,IsHitAndRun,AirbagCode,AirbagDescription,SafetyEquipmentCode,SafetyEquipmentDescription,Special Information,Other Associate Factor,Inattention,DirectionOfTravel,StreetOrHighwayName,SpeedLimit,MovementPrecCollCode,MovementPrecCollDescription,SobrietyDrugPhysicalCode1,SobrietyDrugPhysicalDescription1,SobrietyDrugPhysicalCode2,SobrietyDrugPhysicalDescription2,GenderCode,GenderDescription,StatedAge,DriverLicenseClass,DriverLicenseStateCode,RaceCode,RaceDesc,Vehicle1TypeId, Vehicle1TypeDesc, Vehicle1Year,Vehicle1Make,Vehicle1Model,Vehicle1Color,V1IsVehicleTowed,Vehicle2TypeId, Vehicle2TypeDesc, Vehicle2Year,Vehicle2Make,Vehicle2Model,Vehicle2Color,V2IsVehicleTowed,Lane,ThruLanes,TotalLanes,IsDREConducted
6733510,1900673,1,Driver,True,False,True,L,AIR BAG DEPLOYED,B,OCCUPANT UNKNOWN,CELL PHONE USE UNKNOWN,NONE APPARENT,,N,I-280,65.0,R,OTHER,G,IMPAIRMENT_NOT_KNOWN,,,U,UNKNOWN,,,,,,99.0,OtherUnknownHitAndRunDriver,2003.0,HOND,ACCORD,SIL,True,,,,,,,,EXIT,0.0,1.0,False
6733497,1900666,2,Driver,,False,False,M,AIR BAG NOT DEPLOYED,G,OCCUPANT LAP SHOULDER HARNESS USED,CELL PHONE NOT IN USE,NONE APPARENT,,S,SR-87 S/B TO SR-85 S/B,65.0,B,PROCEEDING STRAIGHT,A,HAD NOT BEEN DRINKING,,,M,MALE,52.0,C,CA,H,HISPANIC,1.0,PassengerCarStationWagonJeep,2018.0,MAZD,CX5,RED,False,,,,,,,,3,3.0,3.0,False
6733496,1900666,1,Driver,True,False,True,M,AIR BAG NOT DEPLOYED,B,OCCUPANT UNKNOWN,CELL PHONE USE UNKNOWN,NONE APPARENT,,S,SR-87 S/B TO SR-85 S/B ,65.0,B,PROCEEDING STRAIGHT,G,IMPAIRMENT_NOT_KNOWN,,,U,UNKNOWN,,,,,,22.0,PickupsAndPanels,2001.0,DODG,RAM 2500 PU,BLU,False,,,,,,,,3,3.0,3.0,False
6733494,1900664,2,Driver,,False,False,M,AIR BAG NOT DEPLOYED,G,OCCUPANT LAP SHOULDER HARNESS USED,CELL PHONE NOT IN USE,NONE APPARENT,,N,I-880 N/B,65.0,A,STOPPED,A,HAD NOT BEEN DRINKING,,,M,MALE,21.0,C,CA,B,BLACK,1.0,PassengerCarStationWagonJeep,2022.0,HOND,ACCORD,BLK,False,,,,,,,,3,4.0,4.0,False
6733493,1900664,1,Driver,True,False,False,L,AIR BAG DEPLOYED,G,OCCUPANT LAP SHOULDER HARNESS USED,CELL PHONE NOT IN USE,NONE APPARENT,,N,I-880 N/B,65.0,B,PROCEEDING STRAIGHT,A,HAD NOT BEEN DRINKING,,,F,FEMALE,28.0,C,CA,H,HISPANIC,1.0,PassengerCarStationWagonJeep,2005.0,HOND,ACCORD,GRY,True,,,,,,,,3,4.0,4.0,False
6732811,1900326,2,Driver,,False,False,M,AIR BAG NOT DEPLOYED,G,OCCUPANT LAP SHOULDER HARNESS USED,CELL PHONE NOT IN USE,STOP & GO TRAFFIC,,E,SR-237 E/B,65.0,H,SLOWING/STOPPING,A,HAD NOT BEEN DRINKING,,,M,MALE,45.0,C,CA,B,BLACK,22.0,PickupsAndPanels,2021.0,RAM,5500,WHI,False,,,,,,,,1,3.0,4.0,False
6732810,1900326,1,Driver,True,False,False,M,AIR BAG NOT DEPLOYED,G,OCCUPANT LAP SHOULDER HARNESS USED,CELL PHONE NOT IN USE,STOP & GO TRAFFIC,,E,SR-237 E/B,65.0,B,PROCEEDING STRAIGHT,A,HAD NOT BEEN DRINKING,,,M,MALE,21.0,C,CA,A,ASIAN,7.0,SportUtilityVehicle,2001.0,LEXS,RX300,WHI,False,,,,,,,,1,3.0,4.0,False
6732802,1900322,2,Driver,,False,True,B,UNKNOWN,B,OCCUPANT UNKNOWN,CELL PHONE USE UNKNOWN,NONE APPARENT,,S,SR 17 S/B FROMSTEVENS CREEK BL,65.0,B,PROCEEDING STRAIGHT,G,IMPAIRMENT_NOT_KNOWN,,,,,,,,,,99.0,OtherUnknownHitAndRunDriver,,,,,False,,,,,,,,S/B,1.0,1.0,False
6732801,1900322,1,Driver,True,False,False,L,AIR BAG DEPLOYED,G,OCCUPANT LAP SHOULDER HARNESS USED,CELL PHONE NOT IN USE,NONE APPARENT,,S,SR17 S/B FROM STEVENS CREEK BL,65.0,B,PROCEEDING STRAIGHT,A,HAD NOT BEEN DRINKING,,,M,MALE,38.0,C,CA,W,WHITE,1.0,PassengerCarStationWagonJeep,2015.0,TOYT,CAMRY,WHI,True,,,,,,,,S/B,1.0,1.0,False
6732677,1900259,3,Driver,,False,False,M,AIR BAG NOT DEPLOYED,G,OCCUPANT LAP SHOULDER HARNESS USED,CELL PHONE NOT IN USE,NONE APPARENT,,S,US-101 S/B,65.0,H,SLOWING/STOPPING,A,HAD NOT BEEN DRINKING,,,M,MALE,54.0,C,CA,H,HISPANIC,22.0,PickupsAndPanels,2019.0,TOYT,TACOMA,GRY,False,,,,,,,,3,4.0,4.0,False
6732676,1900259,2,Driver,,False,False,M,AIR BAG NOT DEPLOYED,G,OCCUPANT LAP SHOULDER HARNESS USED,CELL PHONE NOT IN USE,NONE APPARENT,,S,US-101 S/B,65.0,H,SLOWING/STOPPING,A,HAD NOT BEEN DRINKING,,,M,MALE,55.0,C,CA,A,ASIAN,1.0,PassengerCarStationWagonJeep,2019.0,KIA,FORTE,RED,False,,,,,,,,3,4.0,4.0,False
6732675,1900259,1,Driver,True,False,False,M,AIR BAG NOT DEPLOYED,G,OCCUPANT LAP SHOULDER HARNESS USED,CELL PHONE NOT IN USE,NONE APPARENT,,S,US-101 S/B,65.0,B,PROCEEDING STRAIGHT,A,HAD NOT BEEN DRINKING,,,M,MALE,81.0,C,CA,H,HISPANIC,22.0,PickupsAndPanels,1994.0,FORD,F150,GRN,False,,,,,,,,3,4.0,4.0,False
6732666,1900254,2,Driver,,False,False,M,AIR BAG NOT DEPLOYED,G,OCCUPANT LAP SHOULDER HARNESS USED,CELL PHONE NOT IN USE,NONE APPARENT,,N,I-680 N/B TO BERRYESSA ROAD,65.0,B,PROCEEDING STRAIGHT,A,HAD NOT BEEN DRINKING,,,F,FEMALE,72.0,C,CA,H,HISPANIC,7.0,SportUtilityVehicle,2004.0,PONT,AZTEK,BGE,False,,,,,,,,EXIT-1,0.0,2.0,False
6732665,1900254,1,Driver,True,False,True,B,UNKNOWN,B,OCCUPANT UNKNOWN,CELL PHONE NOT IN USE,NONE APPARENT,,N,I-680 N/B TO BERRYESSA ROAD,65.0,R,OTHER,A,HAD NOT BEEN DRINKING,,,,,,,,,,99.0,OtherUnknownHitAndRunDriver,,,,,False,,,,,,,,EXIT-2,0.0,2.0,False
6732563,1900203,2,Driver,,False,False,M,AIR BAG NOT DEPLOYED,G,OCCUPANT LAP SHOULDER HARNESS USED,CELL PHONE NOT IN USE,NONE APPARENT,,S,I-680 S/B,65.0,H,SLOWING/STOPPING,A,HAD NOT BEEN DRINKING,,,F,FEMALE,45.0,C,CA,W,WHITE,7.0,SportUtilityVehicle,2005.0,FORD,EXPEDITION,SIL,False,,,,,,,,2,4.0,4.0,False
6732562,1900203,1,Driver,True,False,False,L,AIR BAG DEPLOYED,G,OCCUPANT LAP SHOULDER HARNESS USED,CELL PHONE NOT IN USE,NONE APPARENT,,S,I-680 S/B,65.0,B,PROCEEDING STRAIGHT,A,HAD NOT BEEN DRINKING,,,F,FEMALE,26.0,U,CA,H,HISPANIC,7.0,SportUtilityVehicle,2013.0,TOYT,RAV4,GRY,False,,,,,,,,2,4.0,4.0,False
6732551,1900196,2,Driver,,False,False,M,AIR BAG NOT DEPLOYED,G,OCCUPANT LAP SHOULDER HARNESS USED,CELL PHONE NOT IN USE,NONE APPARENT,,S,SR-85 S/B,65.0,H,SLOWING/STOPPING,A,HAD NOT BEEN DRINKING,,,F,FEMALE,43.0,C,CA,H,HISPANIC,7.0,SportUtilityVehicle,2018.0,VOLK,TIGUAN,SIL,False,,,,,,,,1,4.0,4.0,False
6732550,1900196,1,Driver,True,False,False,L,AIR BAG DEPLOYED,G,OCCUPANT LAP SHOULDER HARNESS USED,CELL PHONE NOT IN USE,NONE APPARENT,,S,SR-85 S/B,65.0,B,PROCEEDING STRAIGHT,A,HAD NOT BEEN DRINKING,,,M,MALE,39.0,C,CA,H,HISPANIC,1.0,PassengerCarStationWagonJeep,2015.0,TOYT,PRIUS,GRY,True,,,,,,,,1,4.0,4.0,False
6732533,1900186,2,Driver,,False,False,L,AIR BAG DEPLOYED,G,OCCUPANT LAP SHOULDER HARNESS USED,CELL PHONE NOT IN USE,NONE APPARENT,,S,I-680 S/B,65.0,B,PROCEEDING STRAIGHT,A,HAD NOT BEEN DRINKING,,,M,MALE,36.0,U,CA,H,HISPANIC,1.0,PassengerCarStationWagonJeep,2008.0,HOND,CIVIC,BLU,False,,,,,,,,4,4.0,4.0,False
6732532,1900186,1,Driver,True,False,True,L,AIR BAG DEPLOYED,B,OCCUPANT UNKNOWN,CELL PHONE USE UNKNOWN,NONE APPARENT,,S,I-680 S/B,65.0,R,OTHER,G,IMPAIRMENT_NOT_KNOWN,,,,,,,,,,1.0,PassengerCarStationWagonJeep,2004.0,CHEV,CAVALIER,WHI,False,,,,,,,,3,4.0,4.0,False
6732523,1900182,2,Driver,,False,False,M,AIR BAG NOT DEPLOYED,G,OCCUPANT LAP SHOULDER HARNESS USED,CELL PHONE NOT IN USE,NONE APPARENT,,S,I-680 S/B,65.0,B,PROCEEDING STRAIGHT,A,HAD NOT BEEN DRINKING,,,M,MALE,70.0,C,CA,H,HISPANIC,1.0,PassengerCarStationWagonJeep,2016.0,TOYT,PRIUS,SIL,False,,,,,,,,4,4.0,4.0,False
6732522,1900182,1,Driver,True,False,False,M,AIR BAG NOT DEPLOYED,G,OCCUPANT LAP SHOULDER HARNESS USED,CELL PHONE NOT IN USE,NONE APPARENT,,S,I-680 S/B,65.0,R,OTHER,A,HAD NOT BEEN DRINKING,,,M,MALE,21.0,U,CA,H,HISPANIC,22.0,PickupsAndPanels,2003.0,CHEV,SILVERADO,RED,False,,,,,,,,3,4.0,4.0,False
6732146,1899987,2,Driver,,False,False,M,AIR BAG NOT DEPLOYED,G,OCCUPANT LAP SHOULDER HARNESS USED,CELL PHONE NOT IN USE,NONE APPARENT,,N,US-101 N/B FROM CAPITOL EXPY.,65.0,B,PROCEEDING STRAIGHT,A,HAD NOT BEEN DRINKING,,,F,FEMALE,21.0,C,CA,H,HISPANIC,1.0,PassengerCarStationWagonJeep,2019.0,DODG,CHALLENGER,SIL,False,,,,,,,,3,3.0,3.0,False
6732145,1899987,1,Driver,True,False,False,P,NOT REQUIRED,G,OCCUPANT LAP SHOULDER HARNESS USED,CELL PHONE NOT IN USE,NONE APPARENT,,N,US-101 N/B FROM CAPITOL EXPY. ,65.0,B,PROCEEDING STRAIGHT,A,HAD NOT BEEN DRINKING,,,M,MALE,57.0,B,CA,A,ASIAN,26.0,TwoAxleTruck,2020.0,HINO,268,WHI,False,,,,,,,,2,3.0,3.0,False
6732103,1899965,2,Driver,,False,False,M,AIR BAG NOT DEPLOYED,G,OCCUPANT LAP SHOULDER HARNESS USED,CELL PHONE NOT IN USE,NONE APPARENT,,N,US-101 N/B,65.0,B,PROCEEDING STRAIGHT,A,HAD NOT BEEN DRINKING,,,M,MALE,33.0,C,CA,H,HISPANIC,22.0,PickupsAndPanels,2021.0,DODG,5500,WHI,False,,,,,,,,3,4.0,4.0,False
6732102,1899965,1,Driver,True,False,False,M,AIR BAG NOT DEPLOYED,G,OCCUPANT LAP SHOULDER HARNESS USED,CELL PHONE NOT IN USE,NONE APPARENT,,N,US-101 N/B,65.0,B,PROCEEDING STRAIGHT,A,HAD NOT BEEN DRINKING,,,M,MALE,34.0,C,CA,W,WHITE,8.0,MiniVan,2018.0,CHEV,EXPRESS,WHI,False,,,,,,,,3,4.0,4.0,False
6731928,1899871,2,Driver,,True,False,M,AIR BAG NOT DEPLOYED,G,OCCUPANT LAP SHOULDER HARNESS USED,CELL PHONE NOT IN USE,NONE APPARENT,,N,US-101 S/B,65.0,B,PROCEEDING STRAIGHT,A,HAD NOT BEEN DRINKING,,,F,FEMALE,48.0,C,CA,H,HISPANIC,43.0,FireTruck,2018.0,SPTN,,RED/WHI,False,,,,,,,,1,5.0,5.0,False
6731927,1899871,1,Driver,True,False,False,M,AIR BAG NOT DEPLOYED,G,OCCUPANT LAP SHOULDER HARNESS USED,CELL PHONE NOT IN USE,NONE APPARENT,,S,US-101 S/B,65.0,B,PROCEEDING STRAIGHT,A,HAD NOT BEEN DRINKING,,,M,MALE,24.0,C,CA,A,ASIAN,1.0,PassengerCarStationWagonJeep,2014.0,HYUN,SONATA,GRY,False,,,,,,,,1,5.0,5.0,False
6731899,1899854,3,Driver,,False,False,M,AIR BAG NOT DEPLOYED,G,OCCUPANT LAP SHOULDER HARNESS USED,CELL PHONE NOT IN USE,NONE APPARENT,,N,I-880 N/B,65.0,A,STOPPED,A,HAD NOT BEEN DRINKING,,,F,FEMALE,41.0,C,CA,A,ASIAN,1.0,PassengerCarStationWagonJeep,2021.0,TSMR,Y,GRY,False,,,,,,,,1,4.0,4.0,False
6731898,1899854,2,Driver,,False,False,L,AIR BAG DEPLOYED,G,OCCUPANT LAP SHOULDER HARNESS USED,CELL PHONE NOT IN USE,NONE APPARENT,,N,I-880 N/B,65.0,A,STOPPED,A,HAD NOT BEEN DRINKING,,,M,MALE,27.0,C,CA,O,OTHER,1.0,PassengerCarStationWagonJeep,2001.0,LEXS,ES300,WHI,True,,,,,,,,1,4.0,4.0,False
6731897,1899854,1,Driver,True,False,False,L,AIR BAG DEPLOYED,G,OCCUPANT LAP SHOULDER HARNESS USED,CELL PHONE NOT IN USE,NONE APPARENT,,N,I-880 NB,65.0,B,PROCEEDING STRAIGHT,A,HAD NOT BEEN DRINKING,,,M,MALE,22.0,U,CA,W,WHITE,1.0,PassengerCarStationWagonJeep,1998.0,TOYT,COROLLA,TAN,True,,,,,,,,1,4.0,4.0,False
6731886,1899848,1,Driver,True,False,False,M,AIR BAG NOT DEPLOYED,G,OCCUPANT LAP SHOULDER HARNESS USED,CELL PHONE NOT IN USE,NONE APPARENT,,N,US-101 N/B,65.0,R,OTHER,A,HAD NOT BEEN DRINKING,,,F,FEMALE,22.0,C,CA,H,HISPANIC,1.0,PassengerCarStationWagonJeep,1994.0,MAZD,MIATA,BLU,True,,,,,,,,2,5.0,5.0,False
6730614,1899197,2,Driver,,False,False,M,AIR BAG NOT DEPLOYED,G,OCCUPANT LAP SHOULDER HARNESS USED,CELL PHONE NOT IN USE,NONE APPARENT,,N,I-680 N/B,65.0,B,PROCEEDING STRAIGHT,A,HAD NOT BEEN DRINKING,,,M,MALE,36.0,C,CA,A,ASIAN,7.0,SportUtilityVehicle,2021.0,TOYT,RAV4,WHI,False,,,,,,,,5,6.0,7.0,False
6730613,1899197,1,Driver,True,False,False,M,AIR BAG NOT DEPLOYED,G,OCCUPANT LAP SHOULDER HARNESS USED,CELL PHONE NOT IN USE,NONE APPARENT,,N,I-680,65.0,R,OTHER,A,HAD NOT BEEN DRINKING,,,F,FEMALE,18.0,U,CA,H,HISPANIC,1.0,PassengerCarStationWagonJeep,2015.0,MERZ,C300,BLK,False,,,,,,,,5,6.0,7.0,False
6730482,1899129,3,Driver,,False,False,M,AIR BAG NOT DEPLOYED,G,OCCUPANT LAP SHOULDER HARNESS USED,CELL PHONE NOT IN USE,NONE APPARENT,,S,I-280 S/B,65.0,A,STOPPED,A,HAD NOT BEEN DRINKING,,,M,MALE,44.0,C,CA,W,WHITE,7.0,SportUtilityVehicle,2020.0,SUBA,CROSSTREK,GRY,False,,,,,,,,4,5.0,5.0,False
6730481,1899129,2,Driver,,False,False,L,AIR BAG DEPLOYED,G,OCCUPANT LAP SHOULDER HARNESS USED,CELL PHONE NOT IN USE,NONE APPARENT,,S,I-280 S/B,65.0,A,STOPPED,A,HAD NOT BEEN DRINKING,,,F,FEMALE,21.0,C,CA,A,ASIAN,1.0,PassengerCarStationWagonJeep,2022.0,TOYT,SUPRA,WHI,False,,,,,,,,4,5.0,5.0,False
6730480,1899129,1,Driver,True,False,False,L,AIR BAG DEPLOYED,G,OCCUPANT LAP SHOULDER HARNESS USED,CELL PHONE NOT IN USE,NONE APPARENT,,S,I-280 S/B,65.0,H,SLOWING/STOPPING,A,HAD NOT BEEN DRINKING,,,M,MALE,18.0,C,CA,A,ASIAN,1.0,PassengerCarStationWagonJeep,2005.0,LEXS,IS300,GRY,False,,,,,,,,4,5.0,5.0,False
6730455,1899114,3,Driver,,False,False,M,AIR BAG NOT DEPLOYED,G,OCCUPANT LAP SHOULDER HARNESS USED,CELL PHONE NOT IN USE,NONE APPARENT,,S,US-101 S/B,65.0,H,SLOWING/STOPPING,A,HAD NOT BEEN DRINKING,,,M,MALE,32.0,C,CA,H,HISPANIC,22.0,PickupsAndPanels,2015.0,FORD,F350,BLU,False,,,,,,,,3,4.0,5.0,False
6730454,1899114,2,Driver,,False,False,M,AIR BAG NOT DEPLOYED,G,OCCUPANT LAP SHOULDER HARNESS USED,CELL PHONE NOT IN USE,NONE APPARENT,,S,US-101 S/B,65.0,H,SLOWING/STOPPING,A,HAD NOT BEEN DRINKING,,,M,MALE,23.0,C,CA,H,HISPANIC,1.0,PassengerCarStationWagonJeep,2022.0,TOYT,CAMRY,WHI,False,,,,,,,,3,4.0,5.0,False
6730453,1899114,1,Driver,True,False,False,M,AIR BAG NOT DEPLOYED,G,OCCUPANT LAP SHOULDER HARNESS USED,CELL PHONE NOT IN USE,NONE APPARENT,,S,US-101 S/B,65.0,H,SLOWING/STOPPING,A,HAD NOT BEEN DRINKING,,,M,MALE,45.0,C,CA,H,HISPANIC,22.0,PickupsAndPanels,2014.0,FORD,F150,WHI,False,,,,,,,,3,4.0,5.0,False
6730332,1899053,2,Other,,False,False,L,AIR BAG DEPLOYED,G,OCCUPANT LAP SHOULDER HARNESS USED,CELL PHONE NOT IN USE,PREVIOUS COLLISION,,N,US-101,65.0,A,STOPPED,A,HAD NOT BEEN DRINKING,,,,,,,,,,7.0,SportUtilityVehicle,2002.0,FORD,EXPLORER,BLK,False,,,,,,,,3,4.0,4.0,False
6730331,1899053,1,Driver,True,False,False,M,AIR BAG NOT DEPLOYED,G,OCCUPANT LAP SHOULDER HARNESS USED,CELL PHONE NOT IN USE,NONE APPARENT,,N,US-101 N/B,65.0,B,PROCEEDING STRAIGHT,A,HAD NOT BEEN DRINKING,,,M,MALE,25.0,A,CA,H,HISPANIC,28.0,SemiTankTrailer,2013.0,FrTLNER,CASCADE,YEL,True,,,,,,,,4,4.0,4.0,False
6730314,1899044,2,Driver,,False,False,M,AIR BAG NOT DEPLOYED,G,OCCUPANT LAP SHOULDER HARNESS USED,CELL PHONE NOT IN USE,NONE APPARENT,,N,I-280 N/B,65.0,H,SLOWING/STOPPING,G,IMPAIRMENT_NOT_KNOWN,,,M,MALE,25.0,C,CA,W,WHITE,1.0,PassengerCarStationWagonJeep,2021.0,TESL,3,GRY,False,,,,,,,,5,5.0,5.0,False
6730313,1899044,1,Driver,True,False,False,M,AIR BAG NOT DEPLOYED,G,OCCUPANT LAP SHOULDER HARNESS USED,CELL PHONE NOT IN USE,NONE APPARENT,,N,I-280 N/B,65.0,B,PROCEEDING STRAIGHT,G,IMPAIRMENT_NOT_KNOWN,,,M,MALE,24.0,U,CA,H,HISPANIC,1.0,PassengerCarStationWagonJeep,2005.0,TOYT,Corolla,GRY,False,,,,,,,,5,5.0,5.0,False
6730305,1899040,2,Other,,False,False,M,AIR BAG NOT DEPLOYED,G,OCCUPANT LAP SHOULDER HARNESS USED,CELL PHONE NOT IN USE,PREVIOUS COLLISION,,N,US-101,65.0,A,STOPPED,A,HAD NOT BEEN DRINKING,,,,,,,,,,7.0,SportUtilityVehicle,2002.0,FORD,Explorer,BLK,True,,,,,,,,3,4.0,4.0,False
6730304,1899040,1,Driver,True,False,False,L,AIR BAG DEPLOYED,G,OCCUPANT LAP SHOULDER HARNESS USED,CELL PHONE NOT IN USE,PREVIOUS COLLISION,,N,US-101,65.0,B,PROCEEDING STRAIGHT,A,HAD NOT BEEN DRINKING,,,M,MALE,61.0,C,CA,H,HISPANIC,22.0,PickupsAndPanels,2000.0,CHEVY,S10 ,BLK,True,,,,,,,,3,4.0,4.0,False
6730278,1899027,1,Driver,True,False,False,L,AIR BAG DEPLOYED,G,OCCUPANT LAP SHOULDER HARNESS USED,CELL PHONE NOT IN USE,NONE APPARENT,,N,US-101 N/B,65.0,B,PROCEEDING STRAIGHT,A,HAD NOT BEEN DRINKING,,,F,FEMALE,63.0,C,CA,B,BLACK,7.0,SportUtilityVehicle,2002.0,FORD,Explorer,BLK,True,,,,,,,,3,4.0,4.0,False
6730267,1899020,4,Driver,,False,True,B,UNKNOWN,B,OCCUPANT UNKNOWN,CELL PHONE USE UNKNOWN,NONE APPARENT,,N,US-101 N/B,65.0,A,STOPPED,D,HBD-IMPAIRMENT UNKNOWN,,,,,,,,,,99.0,OtherUnknownHitAndRunDriver,,,,,False,,,,,,,,5 ,5.0,5.0,False
6730266,1899020,3,Driver,,False,False,M,AIR BAG NOT DEPLOYED,G,OCCUPANT LAP SHOULDER HARNESS USED,CELL PHONE NOT IN USE,NONE APPARENT,,N,US-101 N/B,65.0,A,STOPPED,A,HAD NOT BEEN DRINKING,,,F,FEMALE,29.0,C,CA,A,ASIAN,1.0,PassengerCarStationWagonJeep,2013.0,TOYT,PRIUS,TEA,False,,,,,,,,5,5.0,6.0,False
6730265,1899020,2,Driver,,False,False,M,AIR BAG NOT DEPLOYED,G,OCCUPANT LAP SHOULDER HARNESS USED,CELL PHONE USE UNKNOWN,VC SECTION VIOLATED - VC 22350,,N,I-880 N/B,65.0,B,PROCEEDING STRAIGHT,A,HAD NOT BEEN DRINKING,,,F,FEMALE,25.0,C,CA,W,WHITE,1.0,PassengerCarStationWagonJeep,2019.0,ADUI,Q7,GRY,False,,,,,,,,5,5.0,5.0,False
6730264,1899020,1,Driver,,False,False,M,AIR BAG NOT DEPLOYED,G,OCCUPANT LAP SHOULDER HARNESS USED,CELL PHONE NOT IN USE,NONE APPARENT,,N,US-101 N/B,65.0,B,PROCEEDING STRAIGHT,A,HAD NOT BEEN DRINKING,,,M,MALE,39.0,C,CA,O,OTHER,1.0,PassengerCarStationWagonJeep,2010.0,MAZD,CX7,BLK,False,,,,,,,,5,5.0,5.0,False
6730261,1899017,2,Driver,,False,False,M,AIR BAG NOT DEPLOYED,G,OCCUPANT LAP SHOULDER HARNESS USED,CELL PHONE NOT IN USE,NONE APPARENT,,N,SR-87 N/B TO I-280,65.0,B,PROCEEDING STRAIGHT,A,HAD NOT BEEN DRINKING,,,M,MALE,48.0,C,CA,A,ASIAN,7.0,SportUtilityVehicle,2016.0,TOYT,HIGHLANDER,SIL,False,,,,,,,,2,2.0,2.0,False
6730260,1899017,1,Driver,True,False,True,B,UNKNOWN,B,OCCUPANT UNKNOWN,CELL PHONE USE UNKNOWN,NONE APPARENT,,N,SR-87 N/B TO I-280,65.0,B,PROCEEDING STRAIGHT,G,IMPAIRMENT_NOT_KNOWN,,,,,,,,,,99.0,OtherUnknownHitAndRunDriver,,,,,False,,,,,,,,2,2.0,2.0,False
6730257,1899015,1,Driver,,False,False,M,AIR BAG NOT DEPLOYED,G,OCCUPANT LAP SHOULDER HARNESS USED,CELL PHONE NOT IN USE,NONE APPARENT,,S,I-680 S/B,65.0,H,SLOWING/STOPPING,A,HAD NOT BEEN DRINKING,,,F,FEMALE,42.0,C,CA,W,WHITE,1.0,PassengerCarStationWagonJeep,1985.0,BMW,325E,BLK,False,,,,,,,,3,4.0,5.0,False
6730231,1899000,2,Driver,,False,False,M,AIR BAG NOT DEPLOYED,G,OCCUPANT LAP SHOULDER HARNESS USED,CELL PHONE NOT IN USE,NONE APPARENT,,N,US-101 N/B,65.0,H,SLOWING/STOPPING,A,HAD NOT BEEN DRINKING,,,M,MALE,45.0,C,CA,,,8.0,MiniVan,2002.0,CHRY,PACIFICA,GRY,False,,,,,,,,4,4.0,4.0,False
6730230,1899000,1,Driver,True,False,True,L,AIR BAG DEPLOYED,B,OCCUPANT UNKNOWN,CELL PHONE USE UNKNOWN,NONE APPARENT,,N,US-101 N/B,65.0,B,PROCEEDING STRAIGHT,G,IMPAIRMENT_NOT_KNOWN,,,,,,,,,,8.0,MiniVan,2013.0,NISS,SV,WHI,False,,,,,,,,4,4.0,4.0,False
6730221,1898995,4,Driver,,False,False,M,AIR BAG NOT DEPLOYED,G,OCCUPANT LAP SHOULDER HARNESS USED,CELL PHONE NOT IN USE,NONE APPARENT,,S,US-101,65.0,B,PROCEEDING STRAIGHT,G,IMPAIRMENT_NOT_KNOWN,,,M,MALE,29.0,C,CA,H,HISPANIC,8.0,MiniVan,2014.0,FORD,TRANSIT,BLU,False,,,,,,,,2,4.0,4.0,False
6730220,1898995,3,Driver,,False,False,M,AIR BAG NOT DEPLOYED,G,OCCUPANT LAP SHOULDER HARNESS USED,CELL PHONE USE UNKNOWN,NONE APPARENT,,S,US-101,65.0,B,PROCEEDING STRAIGHT,G,IMPAIRMENT_NOT_KNOWN,,,M,MALE,49.0,C,CA,W,WHITE,7.0,SportUtilityVehicle,2011.0,FORD,EDGE,GRY,False,,,,,,,,2,4.0,4.0,False
6730219,1898995,2,Driver,,False,False,M,AIR BAG NOT DEPLOYED,G,OCCUPANT LAP SHOULDER HARNESS USED,CELL PHONE NOT IN USE,NONE APPARENT,,S,US-101,65.0,B,PROCEEDING STRAIGHT,G,IMPAIRMENT_NOT_KNOWN,,,M,MALE,42.0,C,CA,H,HISPANIC,1.0,PassengerCarStationWagonJeep,2002.0,HOND,CIVIC,BLK,True,,,,,,,,4,4.0,4.0,False
6730218,1898995,1,Driver,True,False,False,M,AIR BAG NOT DEPLOYED,G,OCCUPANT LAP SHOULDER HARNESS USED,CELL PHONE NOT IN USE,NONE APPARENT,,S,US-101,65.0,J,CHANGING LANES,G,IMPAIRMENT_NOT_KNOWN,,,M,MALE,64.0,C,CA,A,ASIAN,7.0,SportUtilityVehicle,2019.0,LEXS,RX350,WHI,False,,,,,,,,3,4.0,4.0,False
6730130,1898950,2,Driver,,False,False,M,AIR BAG NOT DEPLOYED,G,OCCUPANT LAP SHOULDER HARNESS USED,CELL PHONE NOT IN USE,NONE APPARENT,,S,SR-85 S/B TO BLOSSOM HILL RD,65.0,A,STOPPED,A,HAD NOT BEEN DRINKING,,,M,MALE,31.0,C,CA,B,BLACK,1.0,PassengerCarStationWagonJeep,2021.0,TOYT,PRIUS,SIL,False,,,,,,,,EXIT-2,0.0,2.0,False
6730129,1898950,1,Driver,True,False,False,M,AIR BAG NOT DEPLOYED,G,OCCUPANT LAP SHOULDER HARNESS USED,CELL PHONE NOT IN USE,NONE APPARENT,,S,SR-85 S/B TO BLOSSOM HILL RD,65.0,H,SLOWING/STOPPING,A,HAD NOT BEEN DRINKING,,,M,MALE,18.0,C,CA,H,HISPANIC,1.0,PassengerCarStationWagonJeep,2004.0,HOND,ELEMENT,BLU,False,,,,,,,,EXIT-2,0.0,2.0,False