PartyId,CollisionId,PartyNumber,PartyType,IsAtFault,IsOnDutyEmergencyVehicle,IsHitAndRun,AirbagCode,AirbagDescription,SafetyEquipmentCode,SafetyEquipmentDescription,Special Information,Other Associate Factor,Inattention,DirectionOfTravel,StreetOrHighwayName,SpeedLimit,MovementPrecCollCode,MovementPrecCollDescription,SobrietyDrugPhysicalCode1,SobrietyDrugPhysicalDescription1,SobrietyDrugPhysicalCode2,SobrietyDrugPhysicalDescription2,GenderCode,GenderDescription,StatedAge,DriverLicenseClass,DriverLicenseStateCode,RaceCode,RaceDesc,Vehicle1TypeId, Vehicle1TypeDesc, Vehicle1Year,Vehicle1Make,Vehicle1Model,Vehicle1Color,V1IsVehicleTowed,Vehicle2TypeId, Vehicle2TypeDesc, Vehicle2Year,Vehicle2Make,Vehicle2Model,Vehicle2Color,V2IsVehicleTowed,Lane,ThruLanes,TotalLanes,IsDREConducted
6752684,1911461,1,Driver,True,False,False,L,AIR BAG DEPLOYED,G,OCCUPANT LAP SHOULDER HARNESS USED,CELL PHONE NOT IN USE,NONE APPARENT,,N,I-280 N/B,65.0,B,PROCEEDING STRAIGHT,A,HAD NOT BEEN DRINKING,,,M,MALE,41.0,U,,H,HISPANIC,22.0,PickupsAndPanels,2001.0,TOYT,TACOMA,SIL,False,,,,,,,,2,4.0,4.0,False
6752402,1911317,2,Driver,,False,False,M,AIR BAG NOT DEPLOYED,G,OCCUPANT LAP SHOULDER HARNESS USED,CELL PHONE NOT IN USE,NONE APPARENT,,N,I-880 N/B,65.0,H,SLOWING/STOPPING,A,HAD NOT BEEN DRINKING,,,M,MALE,65.0,C,CA,W,WHITE,1.0,PassengerCarStationWagonJeep,2016.0,HYUN,ELANTRA,RED,False,,,,,,,,1,4.0,4.0,False
6752401,1911317,1,Driver,True,False,False,L,AIR BAG DEPLOYED,G,OCCUPANT LAP SHOULDER HARNESS USED,CELL PHONE NOT IN USE,NONE APPARENT,,N,I-880 N/B,65.0,B,PROCEEDING STRAIGHT,A,HAD NOT BEEN DRINKING,,,M,MALE,30.0,C,CA,H,HISPANIC,1.0,PassengerCarStationWagonJeep,2017.0,HOND,ACCORD,WHI,False,,,,,,,,1,4.0,4.0,False
6752108,1911161,1,Driver,,False,False,P,NOT REQUIRED,G,OCCUPANT LAP SHOULDER HARNESS USED,SCHOOL BUS RELATED,NONE APPARENT,,S,BUS ACCESS ROAD,,H,SLOWING/STOPPING,A,HAD NOT BEEN DRINKING,,,M,MALE,44.0,B,CA,O,OTHER,13.0,SchoolBusPublicTypeI,2008.0,BLBRD,SCHOOL BUS,YEL,False,,,,,,,,,1.0,1.0,False
6751909,1911061,1,Driver,True,False,False,L,AIR BAG DEPLOYED,G,OCCUPANT LAP SHOULDER HARNESS USED,CELL PHONE NOT IN USE,VC SECTION VIOLATED - VC 22350,,S,I-880 S/B TO BASCOM AVENUE,65.0,B,PROCEEDING STRAIGHT,B,HBD-UNDER INFLUENCE,,,M,MALE,21.0,C,CA,H,HISPANIC,1.0,PassengerCarStationWagonJeep,2018.0,TSMR,MODEL 3,BLK,True,,,,,,,,EXIT,0.0,1.0,False
6751894,1911053,1,Driver,True,False,False,L,AIR BAG DEPLOYED,G,OCCUPANT LAP SHOULDER HARNESS USED,CELL PHONE NOT IN USE,NONE APPARENT,,S,US-101 S/B,65.0,R,OTHER,A,HAD NOT BEEN DRINKING,,,M,MALE,55.0,C,CA,H,HISPANIC,1.0,PassengerCarStationWagonJeep,1997.0,VOLK,Jetta,BLK,True,,,,,,,,2,4.0,4.0,False
6751344,1910764,2,Driver,,False,False,M,AIR BAG NOT DEPLOYED,G,OCCUPANT LAP SHOULDER HARNESS USED,CELL PHONE NOT IN USE,NONE APPARENT,,N,I-880 N/B,65.0,A,STOPPED,A,HAD NOT BEEN DRINKING,,,M,MALE,42.0,C,CA,O,OTHER,7.0,SportUtilityVehicle,2019.0,MAZD,CX9,GRY,False,,,,,,,,3,3.0,3.0,False
6751343,1910764,1,Driver,True,False,False,M,AIR BAG NOT DEPLOYED,G,OCCUPANT LAP SHOULDER HARNESS USED,CELL PHONE NOT IN USE,NONE APPARENT,,N,I-880 N/B,65.0,B,PROCEEDING STRAIGHT,A,HAD NOT BEEN DRINKING,,,F,FEMALE,67.0,C,CA,A,ASIAN,1.0,PassengerCarStationWagonJeep,2016.0,VOLV,XC70,BLK,False,,,,,,,,3,3.0,3.0,False
6751340,1910762,2,Driver,,False,False,M,AIR BAG NOT DEPLOYED,G,OCCUPANT LAP SHOULDER HARNESS USED,CELL PHONE HANDSFREE IN USE,NONE APPARENT,,S,US-101 S/B,65.0,B,PROCEEDING STRAIGHT,A,HAD NOT BEEN DRINKING,,,M,MALE,31.0,C,CA,A,ASIAN,1.0,PassengerCarStationWagonJeep,2013.0,HYUN,ACCENT,BLK,False,,,,,,,,2,4.0,4.0,False
6751339,1910762,1,Driver,True,False,True,B,UNKNOWN,B,OCCUPANT UNKNOWN,CELL PHONE USE UNKNOWN,NONE APPARENT,,S,US-101 S/B,65.0,R,OTHER,G,IMPAIRMENT_NOT_KNOWN,,,,,,,,,,99.0,OtherUnknownHitAndRunDriver,,,,,False,,,,,,,,3,4.0,4.0,False
6751234,1910701,2,Driver,,False,False,M,AIR BAG NOT DEPLOYED,G,OCCUPANT LAP SHOULDER HARNESS USED,CELL PHONE NOT IN USE,NONE APPARENT,,N,I-280 N/B,65.0,H,SLOWING/STOPPING,A,HAD NOT BEEN DRINKING,,,F,FEMALE,40.0,C,CA,H,HISPANIC,1.0,PassengerCarStationWagonJeep,2009.0,TOYT,CAMRY,GRY,False,,,,,,,,1,5.0,5.0,False
6751233,1910701,1,Driver,True,False,False,L,AIR BAG DEPLOYED,G,OCCUPANT LAP SHOULDER HARNESS USED,CELL PHONE NOT IN USE,NONE APPARENT,,N,I-280 N/B,65.0,B,PROCEEDING STRAIGHT,A,HAD NOT BEEN DRINKING,,,M,MALE,,C,CA,A,ASIAN,1.0,PassengerCarStationWagonJeep,2014.0,TOYT,PRIUS,GRY,False,,,,,,,,1,5.0,5.0,False
6750945,1910556,2,Driver,,False,False,M,AIR BAG NOT DEPLOYED,G,OCCUPANT LAP SHOULDER HARNESS USED,CELL PHONE NOT IN USE,NONE APPARENT,,S,SR-87 S/B,65.0,B,PROCEEDING STRAIGHT,A,HAD NOT BEEN DRINKING,,,M,MALE,34.0,C,CA,O,OTHER,7.0,SportUtilityVehicle,2023.0,MAZD,  6,RED,False,,,,,,,,2,3.0,4.0,False
6750944,1910556,1,Driver,True,False,False,M,AIR BAG NOT DEPLOYED,G,OCCUPANT LAP SHOULDER HARNESS USED,CELL PHONE NOT IN USE,NONE APPARENT,,S,SR-87 S/B,65.0,B,PROCEEDING STRAIGHT,A,HAD NOT BEEN DRINKING,,,F,FEMALE,36.0,C,CA,W,WHITE,1.0,PassengerCarStationWagonJeep,2015.0,TOYT,CAMRY,WHI,False,,,,,,,,2,3.0,4.0,False
6750943,1910555,2,Driver,,False,False,M,AIR BAG NOT DEPLOYED,G,OCCUPANT LAP SHOULDER HARNESS USED,CELL PHONE NOT IN USE,STOP & GO TRAFFIC,,N,SR-87,65.0,A,STOPPED,A,HAD NOT BEEN DRINKING,,,F,FEMALE,58.0,C,CA,B,BLACK,7.0,SportUtilityVehicle,2016.0,FORD,EXPLORER,WHI,False,,,,,,,,4,4.0,4.0,False
6750942,1910555,1,Driver,True,False,False,M,AIR BAG NOT DEPLOYED,G,OCCUPANT LAP SHOULDER HARNESS USED,CELL PHONE NOT IN USE,STOP & GO TRAFFIC,,N,SR-87,65.0,B,PROCEEDING STRAIGHT,A,HAD NOT BEEN DRINKING,,,F,FEMALE,61.0,C,CA,O,OTHER,1.0,PassengerCarStationWagonJeep,2012.0,AUDI,A6,BRZ,False,,,,,,,,4,4.0,4.0,False
6750936,1910551,2,Driver,,False,False,N,OTHER,G,OCCUPANT LAP SHOULDER HARNESS USED,CELL PHONE NOT IN USE,NONE APPARENT,,N,I-280 N/B,65.0,H,SLOWING/STOPPING,A,HAD NOT BEEN DRINKING,,,F,FEMALE,58.0,C,CA,H,HISPANIC,7.0,SportUtilityVehicle,2017.0,GMC,TERRAIN,WHI,False,,,,,,,,3,5.0,5.0,False
6750935,1910551,1,Driver,True,False,False,L,AIR BAG DEPLOYED,G,OCCUPANT LAP SHOULDER HARNESS USED,CELL PHONE NOT IN USE,NONE APPARENT,,N,I-280 N/B,65.0,H,SLOWING/STOPPING,A,HAD NOT BEEN DRINKING,,,M,MALE,,C,CA,W,WHITE,1.0,PassengerCarStationWagonJeep,2008.0,NISS,ALTIMA,GRY,True,,,,,,,,3,5.0,5.0,False
6750879,1910522,2,Driver,True,False,False,M,AIR BAG NOT DEPLOYED,G,OCCUPANT LAP SHOULDER HARNESS USED,CELL PHONE NOT IN USE,NONE APPARENT,,N,US-101 N/B,65.0,R,OTHER,A,HAD NOT BEEN DRINKING,,,M,MALE,81.0,C,CA,W,WHITE,8.0,MiniVan,2018.0,DODG,CARAVAN,WHI,False,,,,,,,,4,5.0,5.0,False
6750878,1910522,1,Driver,,False,False,M,AIR BAG NOT DEPLOYED,G,OCCUPANT LAP SHOULDER HARNESS USED,CELL PHONE NOT IN USE,NONE APPARENT,,N,US-101 N/B,65.0,B,PROCEEDING STRAIGHT,A,HAD NOT BEEN DRINKING,,,M,MALE,21.0,C,CA,A,ASIAN,1.0,PassengerCarStationWagonJeep,2022.0,HOND,CIVIC,WHI,False,,,,,,,,3,5.0,5.0,False
6750858,1910510,2,Driver,,False,False,M,AIR BAG NOT DEPLOYED,G,OCCUPANT LAP SHOULDER HARNESS USED,CELL PHONE NOT IN USE,NONE APPARENT,,S,I-680,65.0,B,PROCEEDING STRAIGHT,A,HAD NOT BEEN DRINKING,,,F,FEMALE,68.0,C,CA,A,ASIAN,7.0,SportUtilityVehicle,2017.0,HOND,HRV,SIL,False,,,,,,,,4,5.0,5.0,False
6750857,1910510,1,Driver,True,False,True,,,B,OCCUPANT UNKNOWN,CELL PHONE USE UNKNOWN,NONE APPARENT,,S,I-680,65.0,B,PROCEEDING STRAIGHT,G,IMPAIRMENT_NOT_KNOWN,,,,,,,,,,7.0,SportUtilityVehicle,2007.0,JEEP,Cherokee,SIL,False,,,,,,,,4,5.0,5.0,False
6749883,1910011,2,Driver,,False,False,M,AIR BAG NOT DEPLOYED,G,OCCUPANT LAP SHOULDER HARNESS USED,CELL PHONE NOT IN USE,NONE APPARENT,,S,US-101 S/B,65.0,A,STOPPED,A,HAD NOT BEEN DRINKING,,,F,FEMALE,55.0,C,CA,H,HISPANIC,1.0,PassengerCarStationWagonJeep,2020.0,ACUR,ACURA,WHI,False,,,,,,,,1,4.0,5.0,False
6749882,1910011,1,Driver,True,False,False,L,AIR BAG DEPLOYED,G,OCCUPANT LAP SHOULDER HARNESS USED,CELL PHONE NOT IN USE,NONE APPARENT,,S,US-101 S/B,65.0,B,PROCEEDING STRAIGHT,A,HAD NOT BEEN DRINKING,,,M,MALE,51.0,C,CA,O,OTHER,1.0,PassengerCarStationWagonJeep,2017.0,FORD,FUSION,YEL,False,,,,,,,,1,4.0,5.0,False
6749845,1909991,2,Driver,,False,False,M,AIR BAG NOT DEPLOYED,G,OCCUPANT LAP SHOULDER HARNESS USED,CELL PHONE NOT IN USE,NONE APPARENT,,S,I-880,65.0,H,SLOWING/STOPPING,A,HAD NOT BEEN DRINKING,,,M,MALE,62.0,C,CA,W,WHITE,1.0,PassengerCarStationWagonJeep,1999.0,TOYT,COROLLA,WHI,False,,,,,,,,2,4.0,4.0,False
6749844,1909991,1,Driver,True,False,False,M,AIR BAG NOT DEPLOYED,G,OCCUPANT LAP SHOULDER HARNESS USED,CELL PHONE NOT IN USE,NONE APPARENT,,S,I-880,65.0,B,PROCEEDING STRAIGHT,G,IMPAIRMENT_NOT_KNOWN,,,F,FEMALE,23.0,U,,H,HISPANIC,1.0,PassengerCarStationWagonJeep,2008.0,TOYT,PRIUS,GRN,False,,,,,,,,2,4.0,4.0,False
6749840,1909988,2,Driver,,False,False,M,AIR BAG NOT DEPLOYED,K,OCCUPANT PASSIVE RESTRAINT NOT USED,CELL PHONE NOT IN USE,NONE APPARENT,,N,US-101 N/B,65.0,A,STOPPED,A,HAD NOT BEEN DRINKING,,,F,FEMALE,52.0,C,CA,H,HISPANIC,22.0,PickupsAndPanels,2007.0,TOYT,TACOMA,WHI,False,,,,,,,,3,6.0,6.0,False
6749839,1909988,1,Driver,True,False,False,M,AIR BAG NOT DEPLOYED,G,OCCUPANT LAP SHOULDER HARNESS USED,CELL PHONE NOT IN USE,NONE APPARENT,,N,US-101 N/B,65.0,B,PROCEEDING STRAIGHT,A,HAD NOT BEEN DRINKING,,,F,FEMALE,25.0,C,CA,H,HISPANIC,1.0,PassengerCarStationWagonJeep,2021.0,HOND,ACCORD,WHI,False,,,,,,,,3,6.0,6.0,False
6749809,1909971,2,Driver,,False,False,M,AIR BAG NOT DEPLOYED,G,OCCUPANT LAP SHOULDER HARNESS USED,CELL PHONE NOT IN USE,STOP & GO TRAFFIC,,N,SR-85,65.0,H,SLOWING/STOPPING,A,HAD NOT BEEN DRINKING,,,F,FEMALE,45.0,C,CA,W,WHITE,7.0,SportUtilityVehicle,2021.0,FORD,EXPLORER,SIL,True,,,,,,,,HOV,3.0,3.0,False
6749808,1909971,1,Driver,True,False,False,M,AIR BAG NOT DEPLOYED,G,OCCUPANT LAP SHOULDER HARNESS USED,CELL PHONE NOT IN USE,STOP & GO TRAFFIC,,N,SR-85,65.0,B,PROCEEDING STRAIGHT,A,HAD NOT BEEN DRINKING,,,M,MALE,38.0,C,CA,W,WHITE,1.0,PassengerCarStationWagonJeep,2016.0,VOLK,E-GOLF,BLU,True,,,,,,,,HOV,3.0,3.0,False
6749613,1909873,2,Driver,,False,False,M,AIR BAG NOT DEPLOYED,G,OCCUPANT LAP SHOULDER HARNESS USED,CELL PHONE NOT IN USE,NONE APPARENT,,S,US-101 S/B,65.0,B,PROCEEDING STRAIGHT,A,HAD NOT BEEN DRINKING,,,M,MALE,44.0,C,CA,W,WHITE,1.0,PassengerCarStationWagonJeep,2021.0,TESL,MODEL 3,RED,True,,,,,,,,1,4.0,4.0,False
6749612,1909873,1,Driver,True,False,True,,,,,CELL PHONE NOT IN USE,NONE APPARENT,,S,US-101 S/B,65.0,R,OTHER,G,IMPAIRMENT_NOT_KNOWN,,,,,,,,,,99.0,OtherUnknownHitAndRunDriver,,,,,False,,,,,,,,2,4.0,4.0,False
6749606,1909869,2,Driver,,False,False,M,AIR BAG NOT DEPLOYED,G,OCCUPANT LAP SHOULDER HARNESS USED,CELL PHONE NOT IN USE,NONE APPARENT,,N,I-680 S/B,65.0,B,PROCEEDING STRAIGHT,A,HAD NOT BEEN DRINKING,,,M,MALE,27.0,C,CA,O,OTHER,1.0,PassengerCarStationWagonJeep,2019.0,TOYT,Prius,RED,False,,,,,,,,3,4.0,4.0,False
6749605,1909869,1,Driver,,False,False,M,AIR BAG NOT DEPLOYED,G,OCCUPANT LAP SHOULDER HARNESS USED,CELL PHONE NOT IN USE,NONE APPARENT,,N,I-680 S/B,65.0,B,PROCEEDING STRAIGHT,A,HAD NOT BEEN DRINKING,,,M,MALE,29.0,C,CA,H,HISPANIC,7.0,SportUtilityVehicle,2020.0,HYUN,Santa Fe,BLK,False,,,,,,,,2,4.0,4.0,False
6749515,1909819,2,Driver,,False,False,M,AIR BAG NOT DEPLOYED,G,OCCUPANT LAP SHOULDER HARNESS USED,CELL PHONE NOT IN USE,NONE APPARENT,,N,I-280 N/B TO SR-87,65.0,B,PROCEEDING STRAIGHT,A,HAD NOT BEEN DRINKING,,,M,MALE,25.0,C,CA,W,WHITE,1.0,PassengerCarStationWagonJeep,2006.0,HOND,ACCORD,RED,False,,,,,,,,2,2.0,2.0,False
6749514,1909819,1,Driver,True,False,True,B,UNKNOWN,B,OCCUPANT UNKNOWN,CELL PHONE USE UNKNOWN,NONE APPARENT,,N,I-280 N/B TO SR-87 ,65.0,B,PROCEEDING STRAIGHT,G,IMPAIRMENT_NOT_KNOWN,,,,,,,,,,99.0,OtherUnknownHitAndRunDriver,,,,,False,,,,,,,,1,2.0,2.0,False
6749503,1909812,2,Driver,,False,False,M,AIR BAG NOT DEPLOYED,G,OCCUPANT LAP SHOULDER HARNESS USED,CELL PHONE NOT IN USE,NONE APPARENT,,S,I-880,65.0,H,SLOWING/STOPPING,A,HAD NOT BEEN DRINKING,,,F,FEMALE,40.0,C,CA,O,OTHER,7.0,SportUtilityVehicle,2021.0,TSMR,Y,WHI,False,,,,,,,,3,4.0,4.0,False
6749502,1909812,1,Driver,True,False,False,M,AIR BAG NOT DEPLOYED,G,OCCUPANT LAP SHOULDER HARNESS USED,CELL PHONE NOT IN USE,NONE APPARENT,,S,I-880,65.0,B,PROCEEDING STRAIGHT,A,HAD NOT BEEN DRINKING,,,M,MALE,38.0,C,CA,H,HISPANIC,7.0,SportUtilityVehicle,2014.0,TOYT,RAV4,SIL,False,,,,,,,,3,4.0,4.0,False
6749495,1909808,1,Driver,True,False,False,M,AIR BAG NOT DEPLOYED,G,OCCUPANT LAP SHOULDER HARNESS USED,CELL PHONE NOT IN USE,NONE APPARENT,,S,US-101 S/B TO SR-237 E/B,65.0,B,PROCEEDING STRAIGHT,A,HAD NOT BEEN DRINKING,,,M,MALE,37.0,A,CA,B,BLACK,25.0,TruckTractor,2019.0,FRHT,FRHT,WHI,True,31.0,SemiTrailer,2014.0,CHERO,TRAILER,WHI,,S/B,1.0,1.0,False
6749238,1909677,2,Driver,,False,False,M,AIR BAG NOT DEPLOYED,G,OCCUPANT LAP SHOULDER HARNESS USED,CELL PHONE NOT IN USE,NONE APPARENT,,S,I-280 S/B,65.0,H,SLOWING/STOPPING,A,HAD NOT BEEN DRINKING,,,M,MALE,61.0,C,CA,A,ASIAN,1.0,PassengerCarStationWagonJeep,2022.0,TOYT,CAMRY,WHI,False,,,,,,,,6,6.0,6.0,False
6749237,1909677,1,Driver,,False,True,B,UNKNOWN,B,OCCUPANT UNKNOWN,CELL PHONE USE UNKNOWN,NONE APPARENT,,S,I-280 S/B,65.0,B,PROCEEDING STRAIGHT,G,IMPAIRMENT_NOT_KNOWN,,,,,,,,,,99.0,OtherUnknownHitAndRunDriver,,,,,False,,,,,,,,6,6.0,6.0,False
6749229,1909672,3,Driver,,False,False,M,AIR BAG NOT DEPLOYED,G,OCCUPANT LAP SHOULDER HARNESS USED,CELL PHONE NOT IN USE,NONE APPARENT,,N,US-101 N/B,65.0,A,STOPPED,A,HAD NOT BEEN DRINKING,,,F,FEMALE,45.0,C,CA,H,HISPANIC,7.0,SportUtilityVehicle,2016.0,NISS,ROGUE,WHI,False,,,,,,,,1,4.0,4.0,False
6749228,1909672,2,Driver,,False,False,M,AIR BAG NOT DEPLOYED,G,OCCUPANT LAP SHOULDER HARNESS USED,CELL PHONE NOT IN USE,NONE APPARENT,,N,US-101 N/B,65.0,A,STOPPED,A,HAD NOT BEEN DRINKING,,,M,MALE,42.0,C,CA,W,WHITE,1.0,PassengerCarStationWagonJeep,2019.0,SUBA,IMPREZA,WHI,False,,,,,,,,1,4.0,4.0,False
6749227,1909672,1,Driver,True,False,False,M,AIR BAG NOT DEPLOYED,G,OCCUPANT LAP SHOULDER HARNESS USED,CELL PHONE NOT IN USE,NONE APPARENT,,N,US-101 N/B,65.0,B,PROCEEDING STRAIGHT,A,HAD NOT BEEN DRINKING,,,M,MALE,42.0,C,CA,H,HISPANIC,22.0,PickupsAndPanels,2000.0,TOYT,TACOMA,SIL,False,,,,,,,,1,4.0,4.0,False
6749104,1909610,1,Driver,True,False,False,M,AIR BAG NOT DEPLOYED,G,OCCUPANT LAP SHOULDER HARNESS USED,CELL PHONE NOT IN USE,NONE APPARENT,,N,SR-87 N/B,65.0,R,OTHER,A,HAD NOT BEEN DRINKING,,,F,FEMALE,22.0,U,CA,H,HISPANIC,1.0,PassengerCarStationWagonJeep,1999.0,TOYT,CAMRY,BGE,True,,,,,,,,2,3.0,4.0,False
6749077,1909597,2,Driver,,False,False,M,AIR BAG NOT DEPLOYED,G,OCCUPANT LAP SHOULDER HARNESS USED,CELL PHONE NOT IN USE,NONE APPARENT,,N,US-101 FROM W/B CAPITOL EXPY,20.0,B,PROCEEDING STRAIGHT,A,HAD NOT BEEN DRINKING,,,F,FEMALE,26.0,C,CA,A,ASIAN,1.0,PassengerCarStationWagonJeep,2019.0,TOYT,COROLLA,WHI,False,,,,,,,,2,3.0,3.0,False
6749076,1909597,1,Driver,True,False,False,M,AIR BAG NOT DEPLOYED,G,OCCUPANT LAP SHOULDER HARNESS USED,CELL PHONE NOT IN USE,NONE APPARENT,,N,US-101 N/B FROM W/B CAPITOL EX,20.0,R,OTHER,D,HBD-IMPAIRMENT UNKNOWN,,,F,FEMALE,75.0,C,CA,A,ASIAN,1.0,PassengerCarStationWagonJeep,2011.0,TOYT,COROLLA,SIL,False,,,,,,,,1,3.0,3.0,False
6748411,1909261,1,Driver,True,False,False,L,AIR BAG DEPLOYED,G,OCCUPANT LAP SHOULDER HARNESS USED,CELL PHONE NOT IN USE,NONE APPARENT,,E,SR-237 E/B TO N. FIRST ST,65.0,R,OTHER,A,HAD NOT BEEN DRINKING,,,M,MALE,37.0,C,CA,W,WHITE,1.0,PassengerCarStationWagonJeep,2022.0,AUDI,A4,SIL,True,,,,,,,,LT,1.0,3.0,False
6748404,1909257,2,Driver,,False,False,M,AIR BAG NOT DEPLOYED,G,OCCUPANT LAP SHOULDER HARNESS USED,CELL PHONE NOT IN USE,NONE APPARENT,,N,US-101 N/B,65.0,A,STOPPED,A,HAD NOT BEEN DRINKING,,,M,MALE,47.0,C,CA,A,ASIAN,8.0,MiniVan,2004.0,TOYT,SIENNA,GRY,False,,,,,,,,4,6.0,6.0,False
6748403,1909257,1,Driver,True,False,False,M,AIR BAG NOT DEPLOYED,G,OCCUPANT LAP SHOULDER HARNESS USED,CELL PHONE NOT IN USE,NONE APPARENT,,N,US-101 N/B,65.0,B,PROCEEDING STRAIGHT,A,HAD NOT BEEN DRINKING,,,M,MALE,30.0,U,CA,H,HISPANIC,22.0,PickupsAndPanels,2012.0,TOYT,TACOMA,SIL,False,,,,,,,,4,6.0,6.0,False
6747988,1909042,3,Driver,,False,False,M,AIR BAG NOT DEPLOYED,G,OCCUPANT LAP SHOULDER HARNESS USED,CELL PHONE NOT IN USE,NONE APPARENT,,S,SR-85 S/B,65.0,H,SLOWING/STOPPING,A,HAD NOT BEEN DRINKING,,,F,FEMALE,29.0,C,CA,W,WHITE,7.0,SportUtilityVehicle,2012.0,TOYT,RAV4,SIL,False,,,,,,,,3,3.0,5.0,False
6747987,1909042,2,Driver,,False,False,M,AIR BAG NOT DEPLOYED,G,OCCUPANT LAP SHOULDER HARNESS USED,CELL PHONE NOT IN USE,NONE APPARENT,,S,SR-85 S/B,65.0,H,SLOWING/STOPPING,A,HAD NOT BEEN DRINKING,,,F,FEMALE,57.0,C,CA,W,WHITE,7.0,SportUtilityVehicle,2020.0,CHEV,Equinox,WHI,False,,,,,,,,3,3.0,5.0,False
6747986,1909042,1,Driver,True,False,False,L,AIR BAG DEPLOYED,G,OCCUPANT LAP SHOULDER HARNESS USED,CELL PHONE NOT IN USE,NONE APPARENT,,S,SR-85 S/B,65.0,B,PROCEEDING STRAIGHT,A,HAD NOT BEEN DRINKING,,,M,MALE,35.0,C,CA,O,OTHER,1.0,PassengerCarStationWagonJeep,2013.0,TOYT,CAMRY,RED,False,,,,,,,,3,3.0,5.0,False
6767756,1919336,2,Driver,,False,False,M,AIR BAG NOT DEPLOYED,G,OCCUPANT LAP SHOULDER HARNESS USED,CELL PHONE NOT IN USE,NONE APPARENT,,S,I-280 S/B,65.0,A,STOPPED,A,HAD NOT BEEN DRINKING,,,M,MALE,23.0,U,CA,H,HISPANIC,1.0,PassengerCarStationWagonJeep,2004.0,HOND,CIVIC,BLK,False,,,,,,,,1,4.0,4.0,False
6767755,1919336,1,Driver,True,False,False,M,AIR BAG NOT DEPLOYED,G,OCCUPANT LAP SHOULDER HARNESS USED,CELL PHONE NOT IN USE,NONE APPARENT,,S,I-280 S/B,65.0,B,PROCEEDING STRAIGHT,A,HAD NOT BEEN DRINKING,,,M,MALE,58.0,C,CA,O,OTHER,1.0,PassengerCarStationWagonJeep,1999.0,TOYT,COROLLA,SIL,False,,,,,,,,1,4.0,4.0,False
6767751,1919333,2,Driver,,False,False,M,AIR BAG NOT DEPLOYED,G,OCCUPANT LAP SHOULDER HARNESS USED,CELL PHONE NOT IN USE,NONE APPARENT,,S,SR-17 S/B FROM STEVENS CREEK ,65.0,A,STOPPED,A,HAD NOT BEEN DRINKING,,,M,MALE,62.0,C,CA,W,WHITE,1.0,PassengerCarStationWagonJeep,2015.0,MERZ,C300,GRY,False,,,,,,,,S/B,1.0,1.0,False
6767750,1919333,1,Driver,True,False,False,M,AIR BAG NOT DEPLOYED,G,OCCUPANT LAP SHOULDER HARNESS USED,CELL PHONE NOT IN USE,NONE APPARENT,,S,SR-17 S/B FROM STEVENS CREEK ,65.0,B,PROCEEDING STRAIGHT,A,HAD NOT BEEN DRINKING,,,F,FEMALE,35.0,C,CA,O,OTHER,7.0,SportUtilityVehicle,2017.0,MASE,LEVANTE S ,RED,False,,,,,,,,S/B,1.0,1.0,False
6767729,1919320,2,Driver,,False,False,M,AIR BAG NOT DEPLOYED,G,OCCUPANT LAP SHOULDER HARNESS USED,CELL PHONE NOT IN USE,NONE APPARENT,,N,US-101 N/B,65.0,B,PROCEEDING STRAIGHT,A,HAD NOT BEEN DRINKING,,,M,MALE,25.0,C,CA,H,HISPANIC,7.0,SportUtilityVehicle,2000.0,JEEP,CHEROKEE,WHI,False,,,,,,,,3,4.0,4.0,False
6767728,1919320,1,Driver,True,False,True,B,UNKNOWN,B,OCCUPANT UNKNOWN,CELL PHONE USE UNKNOWN,NONE APPARENT,,N,US-101 N/B,65.0,R,OTHER,G,IMPAIRMENT_NOT_KNOWN,,,,,,,,,,99.0,OtherUnknownHitAndRunDriver,,,,,False,,,,,,,,2,4.0,4.0,False
6767352,1919115,1,Driver,True,False,False,M,AIR BAG NOT DEPLOYED,G,OCCUPANT LAP SHOULDER HARNESS USED,CELL PHONE NOT IN USE,VC SECTION VIOLATED - VC 22107,,N,I-680 N/B,65.0,R,OTHER,B,HBD-UNDER INFLUENCE,,,M,MALE,33.0,C,CA,H,HISPANIC,22.0,PickupsAndPanels,2015.0,TOYT,TACOMA,WHI,True,,,,,,,,RT-SHLD,4.0,4.0,False
6767226,1919049,1,Driver,True,False,False,M,AIR BAG NOT DEPLOYED,G,OCCUPANT LAP SHOULDER HARNESS USED,CELL PHONE NOT IN USE,NONE APPARENT,,E,SUGAR PLUM DRIVE,25.0,E,MAKING LEFT TURN,A,HAD NOT BEEN DRINKING,,,M,MALE,52.0,B,CA,A,ASIAN,18.0,SchoolBusContractualTypeII,2012.0,THOB,BUILT BUSES,YEL,False,,,,,,,,E/B,1.0,1.0,False
6766939,1918911,3,Driver,,False,False,M,AIR BAG NOT DEPLOYED,G,OCCUPANT LAP SHOULDER HARNESS USED,CELL PHONE NOT IN USE,NONE APPARENT,,N,I-280 ,65.0,E,MAKING LEFT TURN,A,HAD NOT BEEN DRINKING,,,M,MALE,34.0,C,CA,W,WHITE,7.0,SportUtilityVehicle,2015.0,SUBA,CROSSTREK,ONG,False,,,,,,,,3,4.0,4.0,False