PartyId,CollisionId,PartyNumber,PartyType,IsAtFault,IsOnDutyEmergencyVehicle,IsHitAndRun,AirbagCode,AirbagDescription,SafetyEquipmentCode,SafetyEquipmentDescription,Special Information,Other Associate Factor,Inattention,DirectionOfTravel,StreetOrHighwayName,SpeedLimit,MovementPrecCollCode,MovementPrecCollDescription,SobrietyDrugPhysicalCode1,SobrietyDrugPhysicalDescription1,SobrietyDrugPhysicalCode2,SobrietyDrugPhysicalDescription2,GenderCode,GenderDescription,StatedAge,DriverLicenseClass,DriverLicenseStateCode,RaceCode,RaceDesc,Vehicle1TypeId, Vehicle1TypeDesc, Vehicle1Year,Vehicle1Make,Vehicle1Model,Vehicle1Color,V1IsVehicleTowed,Vehicle2TypeId, Vehicle2TypeDesc, Vehicle2Year,Vehicle2Make,Vehicle2Model,Vehicle2Color,V2IsVehicleTowed,Lane,ThruLanes,TotalLanes,IsDREConducted
6933880,1956237,1,Driver,True,False,False,M,AIR BAG NOT DEPLOYED,G,OCCUPANT LAP SHOULDER HARNESS USED,CELL PHONE NOT IN USE,NONE APPARENT,,N,SR-85 N/B,65.0,B,PROCEEDING STRAIGHT,A,HAD NOT BEEN DRINKING,,,M,MALE,19.0,C,CA,W,WHITE,1.0,PassengerCarStationWagonJeep,2007.0,TOYT,SCION TC,GRY,False,,,,,,,,4,4.0,4.0,False
6933875,1956233,1,Driver,True,False,False,L,AIR BAG DEPLOYED,G,OCCUPANT LAP SHOULDER HARNESS USED,CELL PHONE NOT IN USE,NONE APPARENT,,N,US-101 N/B TO E. CAPITOL EXPWY,65.0,B,PROCEEDING STRAIGHT,A,HAD NOT BEEN DRINKING,,,M,MALE,24.0,C,CA,H,HISPANIC,1.0,PassengerCarStationWagonJeep,2015.0,INFI,Q40,GRY,True,,,,,,,,EXIT-1,,2.0,False
6933869,1956229,1,Driver,True,False,False,L,AIR BAG DEPLOYED,G,OCCUPANT LAP SHOULDER HARNESS USED,CELL PHONE NOT IN USE,VC SECTION VIOLATED - VC 22107,,N,I-280 N/B,65.0,R,OTHER,B,HBD-UNDER INFLUENCE,,,F,FEMALE,23.0,C,CA,H,HISPANIC,1.0,PassengerCarStationWagonJeep,2021.0,MAZD,3,BLK,True,,,,,,,,4,4.0,4.0,False
6933405,1955981,1,Driver,True,False,False,M,AIR BAG NOT DEPLOYED,G,OCCUPANT LAP SHOULDER HARNESS USED,CELL PHONE NOT IN USE,VC SECTION VIOLATED - VC 22107,,E,US-101 N/B FROM TULLY RD. E/B,65.0,R,OTHER,B,HBD-UNDER INFLUENCE,,,M,MALE,46.0,C,CA,H,HISPANIC,1.0,PassengerCarStationWagonJeep,2001.0,VOLK,PASSAT,SIL,False,,,,,,,,2,2.0,2.0,False
6933403,1955979,1,Driver,True,False,False,L,AIR BAG DEPLOYED,G,OCCUPANT LAP SHOULDER HARNESS USED,CELL PHONE NOT IN USE,NONE APPARENT,,S,US-101 S/B,65.0,R,OTHER,A,HAD NOT BEEN DRINKING,,,M,MALE,29.0,U,CA,H,HISPANIC,1.0,PassengerCarStationWagonJeep,2011.0,BMW,328I,WHI,True,,,,,,,,2,4.0,5.0,False
6933142,1955847,4,Driver,,False,False,L,AIR BAG DEPLOYED,G,OCCUPANT LAP SHOULDER HARNESS USED,CELL PHONE NOT IN USE,VC SECTION VIOLATED - VC 22350,,N,I-280 N/B,65.0,B,PROCEEDING STRAIGHT,A,HAD NOT BEEN DRINKING,,,M,MALE,35.0,C,CA,H,HISPANIC,1.0,PassengerCarStationWagonJeep,2019.0,HOND,ACCORD SPORT,WHI,True,,,,,,,,4,5.0,5.0,False
6933141,1955847,3,Driver,,False,False,M,AIR BAG NOT DEPLOYED,G,OCCUPANT LAP SHOULDER HARNESS USED,CELL PHONE NOT IN USE,NONE APPARENT,,N,I-280 N/B,65.0,A,STOPPED,A,HAD NOT BEEN DRINKING,,,M,MALE,63.0,C,CA,A,ASIAN,1.0,PassengerCarStationWagonJeep,2016.0,NISS,ALTIMA,BLK,False,,,,,,,,4,5.0,5.0,False
6933140,1955847,2,Driver,,False,False,M,AIR BAG NOT DEPLOYED,G,OCCUPANT LAP SHOULDER HARNESS USED,CELL PHONE NOT IN USE,NONE APPARENT,,N,I-280 N/B,65.0,A,STOPPED,A,HAD NOT BEEN DRINKING,,,M,MALE,62.0,C,CA,A,ASIAN,1.0,PassengerCarStationWagonJeep,2020.0,TOYT,PRIUS,WHI,False,,,,,,,,4,5.0,5.0,False
6933139,1955847,1,Driver,True,False,False,M,AIR BAG NOT DEPLOYED,G,OCCUPANT LAP SHOULDER HARNESS USED,CELL PHONE NOT IN USE,NONE APPARENT,,N,I-280 N/B,65.0,B,PROCEEDING STRAIGHT,A,HAD NOT BEEN DRINKING,,,F,FEMALE,27.0,C,CA,W,WHITE,1.0,PassengerCarStationWagonJeep,2021.0,HOND,CRV,WHI,False,,,,,,,,4,5.0,5.0,False
6933059,1955808,2,Driver,,False,False,M,AIR BAG NOT DEPLOYED,G,OCCUPANT LAP SHOULDER HARNESS USED,CELL PHONE NOT IN USE,STOP & GO TRAFFIC,,N,SR-87 N/B,65.0,A,STOPPED,A,HAD NOT BEEN DRINKING,,,F,FEMALE,22.0,C,CA,A,ASIAN,7.0,SportUtilityVehicle,2021.0,LEXS,RX350,WHI,False,,,,,,,,3,4.0,4.0,False
6933058,1955808,1,Driver,True,False,False,M,AIR BAG NOT DEPLOYED,G,OCCUPANT LAP SHOULDER HARNESS USED,CELL PHONE NOT IN USE,STOP & GO TRAFFIC,,N,SR-87 N/B,65.0,B,PROCEEDING STRAIGHT,A,HAD NOT BEEN DRINKING,,,M,MALE,23.0,C,CA,A,ASIAN,1.0,PassengerCarStationWagonJeep,2006.0,HOND,ACCORD,GLD,False,,,,,,,,3,4.0,4.0,False
6932838,1955690,2,Driver,,False,False,M,AIR BAG NOT DEPLOYED,G,OCCUPANT LAP SHOULDER HARNESS USED,CELL PHONE NOT IN USE,NONE APPARENT,,N,I-880 N/B,65.0,B,PROCEEDING STRAIGHT,A,HAD NOT BEEN DRINKING,,,F,FEMALE,45.0,C,CA,A,ASIAN,1.0,PassengerCarStationWagonJeep,2012.0,MNNI,MINI COOPER,RED,False,,,,,,,,2,3.0,4.0,False
6932837,1955690,1,Driver,True,False,False,M,AIR BAG NOT DEPLOYED,G,OCCUPANT LAP SHOULDER HARNESS USED,CELL PHONE NOT IN USE,NONE APPARENT,,N,I-880 N /B,65.0,B,PROCEEDING STRAIGHT,A,HAD NOT BEEN DRINKING,,,M,MALE,24.0,C,CA,H,HISPANIC,22.0,PickupsAndPanels,2002.0,FORD,F150,SIL,False,,,,,,,,2,3.0,4.0,False
6932770,1955655,2,Driver,,False,False,M,AIR BAG NOT DEPLOYED,G,OCCUPANT LAP SHOULDER HARNESS USED,CELL PHONE NOT IN USE,NONE APPARENT,,N,US-101 N/B,65.0,A,STOPPED,A,HAD NOT BEEN DRINKING,,,F,FEMALE,52.0,C,CA,H,HISPANIC,1.0,PassengerCarStationWagonJeep,2014.0,KIA,FORTE,BLK,False,,,,,,,,2,4.0,5.0,False
6932769,1955655,1,Driver,True,False,False,M,AIR BAG NOT DEPLOYED,G,OCCUPANT LAP SHOULDER HARNESS USED,CELL PHONE NOT IN USE,NONE APPARENT,,N,US-101 N/B,65.0,B,PROCEEDING STRAIGHT,A,HAD NOT BEEN DRINKING,,,M,MALE,59.0,C,CA,H,HISPANIC,22.0,PickupsAndPanels,2020.0,FORD,F250,WHI/GRN,False,,,,,,,,2,4.0,5.0,False
6932763,1955652,2,Driver,,False,False,M,AIR BAG NOT DEPLOYED,G,OCCUPANT LAP SHOULDER HARNESS USED,CELL PHONE NOT IN USE,NONE APPARENT,,N,US-101 N/B,65.0,A,STOPPED,A,HAD NOT BEEN DRINKING,,,M,MALE,18.0,C,CA,B,BLACK,1.0,PassengerCarStationWagonJeep,2018.0,TOYT,CAMRY,GRY,False,,,,,,,,2,4.0,4.0,False
6932762,1955652,1,Driver,True,False,False,M,AIR BAG NOT DEPLOYED,G,OCCUPANT LAP SHOULDER HARNESS USED,CELL PHONE NOT IN USE,NONE APPARENT,,N,US-101 N/B,65.0,B,PROCEEDING STRAIGHT,A,HAD NOT BEEN DRINKING,,,F,FEMALE,23.0,C,CA,A,ASIAN,1.0,PassengerCarStationWagonJeep,2021.0,NISS,ROGUE,BLK,False,,,,,,,,2,4.0,4.0,False
6932745,1955643,2,Driver,,False,False,M,AIR BAG NOT DEPLOYED,G,OCCUPANT LAP SHOULDER HARNESS USED,CELL PHONE NOT IN USE,NONE APPARENT,,S,I-680 S/B TO US-101 S/B,65.0,H,SLOWING/STOPPING,A,HAD NOT BEEN DRINKING,,,M,MALE,50.0,C,CA,H,HISPANIC,1.0,PassengerCarStationWagonJeep,2020.0,HOND,CIVIC,GRY,False,,,,,,,,1,2.0,2.0,False
6932744,1955643,1,Driver,True,False,False,M,AIR BAG NOT DEPLOYED,G,OCCUPANT LAP SHOULDER HARNESS USED,CELL PHONE NOT IN USE,NONE APPARENT,,S,I-680 S/B TO US-101 S/B,65.0,B,PROCEEDING STRAIGHT,A,HAD NOT BEEN DRINKING,,,F,FEMALE,19.0,C,CA,H,HISPANIC,1.0,PassengerCarStationWagonJeep,2016.0,TOYT,CAMRY,BLK,False,,,,,,,,1,2.0,2.0,False
6932562,1955548,2,Driver,,False,False,M,AIR BAG NOT DEPLOYED,G,OCCUPANT LAP SHOULDER HARNESS USED,CELL PHONE NOT IN USE,NONE APPARENT,,N,I-280 N/B,65.0,H,SLOWING/STOPPING,A,HAD NOT BEEN DRINKING,,,M,MALE,38.0,F,MO,A,ASIAN,1.0,PassengerCarStationWagonJeep,2022.0,TSMR,MODEL 3,WHI,False,,,,,,,,4,5.0,5.0,False
6932561,1955548,1,Driver,True,False,False,M,AIR BAG NOT DEPLOYED,G,OCCUPANT LAP SHOULDER HARNESS USED,CELL PHONE NOT IN USE,NONE APPARENT,,N,I-280 N/B,65.0,B,PROCEEDING STRAIGHT,A,HAD NOT BEEN DRINKING,,,F,FEMALE,34.0,U,,H,HISPANIC,1.0,PassengerCarStationWagonJeep,1993.0,TOYT,COROLLA,GRY,False,,,,,,,,4,5.0,5.0,False
6932508,1955516,2,Driver,,False,False,M,AIR BAG NOT DEPLOYED,G,OCCUPANT LAP SHOULDER HARNESS USED,CELL PHONE NOT IN USE,NONE APPARENT,,S,I-280 S/B,65.0,A,STOPPED,A,HAD NOT BEEN DRINKING,,,M,MALE,19.0,C,CA,O,OTHER,1.0,PassengerCarStationWagonJeep,2013.0,TOYT,CAMRY,SIL,False,,,,,,,,2,4.0,4.0,False
6932507,1955516,1,Driver,True,False,True,B,UNKNOWN,B,OCCUPANT UNKNOWN,CELL PHONE USE UNKNOWN,NONE APPARENT,,S,I-280 S/B,65.0,R,OTHER,G,IMPAIRMENT_NOT_KNOWN,,,,,,,,,,99.0,OtherUnknownHitAndRunDriver,,,,,False,,,,,,,,1,4.0,4.0,False
6932456,1955491,2,Driver,,False,False,M,AIR BAG NOT DEPLOYED,G,OCCUPANT LAP SHOULDER HARNESS USED,CELL PHONE NOT IN USE,NONE APPARENT,,N,SR-85 N/B,65.0,B,PROCEEDING STRAIGHT,A,HAD NOT BEEN DRINKING,,,M,MALE,62.0,C,CA,W,WHITE,7.0,SportUtilityVehicle,2020.0,LNDR,RANGE ROVER,RED,False,,,,,,,,2,3.0,3.0,False
6932455,1955491,1,Driver,True,False,True,B,UNKNOWN,B,OCCUPANT UNKNOWN,CELL PHONE USE UNKNOWN,NONE APPARENT,,N,SR-85 N/B,65.0,R,OTHER,G,IMPAIRMENT_NOT_KNOWN,,,,,,,,,,99.0,OtherUnknownHitAndRunDriver,,,,,False,,,,,,,,1,3.0,3.0,False
6932309,1955418,3,Driver,,False,True,B,UNKNOWN,B,OCCUPANT UNKNOWN,CELL PHONE USE UNKNOWN,NONE APPARENT,,S,I-880 S/B,65.0,A,STOPPED,G,IMPAIRMENT_NOT_KNOWN,,,,,,,,,,1.0,PassengerCarStationWagonJeep,2008.0,TOYT,YARIS,BLU,False,,,,,,,,1,4.0,4.0,False
6932308,1955418,2,Driver,,False,False,M,AIR BAG NOT DEPLOYED,G,OCCUPANT LAP SHOULDER HARNESS USED,CELL PHONE NOT IN USE,NONE APPARENT,,S,I-880 S/B,65.0,A,STOPPED,A,HAD NOT BEEN DRINKING,,,M,MALE,32.0,C,CA,B,BLACK,1.0,PassengerCarStationWagonJeep,2023.0,TESL,MODEL Y,GRY,False,,,,,,,,1,4.0,4.0,False
6932307,1955418,1,Driver,True,False,False,B,UNKNOWN,B,OCCUPANT UNKNOWN,CELL PHONE NOT IN USE,NONE APPARENT,,S,I-880 S/B,65.0,B,PROCEEDING STRAIGHT,G,IMPAIRMENT_NOT_KNOWN,,,M,MALE,18.0,C,CA,B,BLACK,8.0,MiniVan,2004.0,HOND,ODYSSEY,BLU,False,,,,,,,,1,4.0,4.0,False
6932283,1955403,1,Driver,True,False,False,L,AIR BAG DEPLOYED,G,OCCUPANT LAP SHOULDER HARNESS USED,CELL PHONE NOT IN USE,NONE APPARENT,,N,I-280 N/B TO STEVENS CREEK,65.0,C,RAN OFF ROAD,A,HAD NOT BEEN DRINKING,,,F,FEMALE,37.0,C,CA,W,WHITE,1.0,PassengerCarStationWagonJeep,2006.0,HOND,ACCORD,BLU,False,,,,,,,,EXIT-1,,3.0,False
6932241,1955382,2,Driver,,False,False,M,AIR BAG NOT DEPLOYED,G,OCCUPANT LAP SHOULDER HARNESS USED,CELL PHONE NOT IN USE,NONE APPARENT,,N,SR-85 N/B FROM BLOSSOM HILL RD,65.0,H,SLOWING/STOPPING,A,HAD NOT BEEN DRINKING,,,M,MALE,33.0,C,CA,W,WHITE,1.0,PassengerCarStationWagonJeep,2022.0,TSMR,3,BLU,False,,,,,,,,2,2.0,2.0,False
6932240,1955382,1,Driver,True,False,False,L,AIR BAG DEPLOYED,G,OCCUPANT LAP SHOULDER HARNESS USED,CELL PHONE NOT IN USE,NONE APPARENT,,N,SR-85 N/B FROM BLOSSOM HILL RD,65.0,B,PROCEEDING STRAIGHT,A,HAD NOT BEEN DRINKING,,,M,MALE,23.0,C,CA,H,HISPANIC,1.0,PassengerCarStationWagonJeep,2014.0,VOLK,JETTA,GRY,False,,,,,,,,2,2.0,2.0,False
6932125,1955323,3,Driver,,False,False,M,AIR BAG NOT DEPLOYED,G,OCCUPANT LAP SHOULDER HARNESS USED,CELL PHONE NOT IN USE,NONE APPARENT,,S,SR-17 S/B TO HAMILTON AVE,65.0,H,SLOWING/STOPPING,A,HAD NOT BEEN DRINKING,,,M,MALE,53.0,C,CA,A,ASIAN,22.0,PickupsAndPanels,2019.0,FORD,F150,RED,False,,,,,,,,EXIT-2,,2.0,False
6932124,1955323,2,Driver,,False,False,M,AIR BAG NOT DEPLOYED,G,OCCUPANT LAP SHOULDER HARNESS USED,CELL PHONE NOT IN USE,NONE APPARENT,,S,SR-17 S/B TO HAMILTON AVE,65.0,H,SLOWING/STOPPING,A,HAD NOT BEEN DRINKING,,,M,MALE,28.0,C,CA,H,HISPANIC,1.0,PassengerCarStationWagonJeep,2020.0,TOYT,CAMRY,WHI,False,,,,,,,,EXIT-1,,2.0,False
6932123,1955323,1,Driver,True,False,False,M,AIR BAG NOT DEPLOYED,G,OCCUPANT LAP SHOULDER HARNESS USED,CELL PHONE NOT IN USE,NONE APPARENT,,S,SR-17 S/B TO HAMILTON AVE,65.0,B,PROCEEDING STRAIGHT,A,HAD NOT BEEN DRINKING,,,F,FEMALE,48.0,C,CA,W,WHITE,1.0,PassengerCarStationWagonJeep,2018.0,KIA,SORENTO,GRY,False,,,,,,,,EXIT-1,,2.0,False
6932115,1955319,2,Driver,,False,False,M,AIR BAG NOT DEPLOYED,G,OCCUPANT LAP SHOULDER HARNESS USED,CELL PHONE NOT IN USE,NONE APPARENT,,S,SR-87 S/B,65.0,H,SLOWING/STOPPING,A,HAD NOT BEEN DRINKING,,,M,MALE,27.0,C,CA,H,HISPANIC,22.0,PickupsAndPanels,2001.0,TOYT,TACOMA,BLK,False,,,,,,,,3,4.0,4.0,False
6932114,1955319,1,Driver,True,False,False,M,AIR BAG NOT DEPLOYED,G,OCCUPANT LAP SHOULDER HARNESS USED,CELL PHONE NOT IN USE,NONE APPARENT,,N,SR-87 N/B,65.0,B,PROCEEDING STRAIGHT,A,HAD NOT BEEN DRINKING,,,F,FEMALE,51.0,C,CA,A,ASIAN,1.0,PassengerCarStationWagonJeep,2011.0,TOYT,COROLLA,WHI,False,,,,,,,,3,4.0,4.0,False
6932105,1955313,4,Driver,,False,False,M,AIR BAG NOT DEPLOYED,G,OCCUPANT LAP SHOULDER HARNESS USED,CELL PHONE NOT IN USE,NONE APPARENT,,S,I-280 S/B,65.0,A,STOPPED,A,HAD NOT BEEN DRINKING,,,M,MALE,58.0,C,CA,A,ASIAN,7.0,SportUtilityVehicle,2011.0,HOND,PILOT,GRY,False,,,,,,,,4,5.0,5.0,False
6932104,1955313,3,Driver,,False,False,M,AIR BAG NOT DEPLOYED,G,OCCUPANT LAP SHOULDER HARNESS USED,CELL PHONE NOT IN USE,NONE APPARENT,,S,I-280 S/B,65.0,A,STOPPED,A,HAD NOT BEEN DRINKING,,,F,FEMALE,44.0,C,CA,A,ASIAN,1.0,PassengerCarStationWagonJeep,2022.0,TSMR,Y,WHI,False,,,,,,,,4,5.0,5.0,False
6932103,1955313,2,Driver,,False,False,M,AIR BAG NOT DEPLOYED,G,OCCUPANT LAP SHOULDER HARNESS USED,CELL PHONE NOT IN USE,NONE APPARENT,,S,I-280 S/B,65.0,B,PROCEEDING STRAIGHT,A,HAD NOT BEEN DRINKING,,,M,MALE,25.0,C,CA,W,WHITE,1.0,PassengerCarStationWagonJeep,2012.0,CHEV,CRUZ,SIL,False,,,,,,,,5,5.0,5.0,False
6932102,1955313,1,Driver,True,False,True,B,UNKNOWN,B,OCCUPANT UNKNOWN,CELL PHONE USE UNKNOWN,NONE APPARENT,,S,I-280 S/B,65.0,R,OTHER,G,IMPAIRMENT_NOT_KNOWN,,,,,,,,,,1.0,PassengerCarStationWagonJeep,2004.0,BMW,530I,BLK,False,,,,,,,,4,5.0,5.0,False
6931990,1955248,2,Driver,,False,False,M,AIR BAG NOT DEPLOYED,G,OCCUPANT LAP SHOULDER HARNESS USED,CELL PHONE NOT IN USE,NONE APPARENT,,N,I-680 N/B,65.0,B,PROCEEDING STRAIGHT,A,HAD NOT BEEN DRINKING,,,F,FEMALE,50.0,C,CA,A,ASIAN,7.0,SportUtilityVehicle,2018.0,LEXS,LX570,WHI,False,,,,,,,,2,4.0,4.0,False
6931989,1955248,1,Driver,True,False,False,M,AIR BAG NOT DEPLOYED,G,OCCUPANT LAP SHOULDER HARNESS USED,CELL PHONE NOT IN USE,NONE APPARENT,,N,I-680 N/B,65.0,J,CHANGING LANES,A,HAD NOT BEEN DRINKING,,,M,MALE,22.0,C,CA,H,HISPANIC,1.0,PassengerCarStationWagonJeep,2013.0,ACUR,ILX,WHI,False,,,,,,,,2,4.0,4.0,False
6931988,1955247,3,Driver,,False,False,M,AIR BAG NOT DEPLOYED,G,OCCUPANT LAP SHOULDER HARNESS USED,CELL PHONE NOT IN USE,NONE APPARENT,,W,SR-237 W/B,65.0,B,PROCEEDING STRAIGHT,A,HAD NOT BEEN DRINKING,,,M,MALE,60.0,C,CA,A,ASIAN,8.0,MiniVan,2017.0,TOYT,SIENNA,TAN,False,,,,,,,,1,2.0,3.0,False
6931987,1955247,2,Driver,,False,False,M,AIR BAG NOT DEPLOYED,G,OCCUPANT LAP SHOULDER HARNESS USED,CELL PHONE NOT IN USE,NONE APPARENT,,W,SR-237 W/B,65.0,B,PROCEEDING STRAIGHT,A,HAD NOT BEEN DRINKING,,,M,MALE,24.0,C,CA,H,HISPANIC,22.0,PickupsAndPanels,2018.0,RAM,1500,BLK,False,,,,,,,,XPRS,2.0,3.0,False
6931986,1955247,1,Driver,True,False,False,M,AIR BAG NOT DEPLOYED,G,OCCUPANT LAP SHOULDER HARNESS USED,CELL PHONE NOT IN USE,NONE APPARENT,,W,SR-237 W/B,65.0,R,OTHER,A,HAD NOT BEEN DRINKING,,,M,MALE,53.0,C,CA,H,HISPANIC,1.0,PassengerCarStationWagonJeep,2012.0,HYUN,ELANTRA,GRY,False,,,,,,,,XPRS,2.0,3.0,False
6931932,1955219,2,Driver,,False,True,B,UNKNOWN,B,OCCUPANT UNKNOWN,CELL PHONE USE UNKNOWN,NONE APPARENT,,N,SR-87 N/B,65.0,A,STOPPED,G,IMPAIRMENT_NOT_KNOWN,,,,,,,,,,99.0,OtherUnknownHitAndRunDriver,,,,,False,,,,,,,,2,2.0,2.0,False
6931931,1955219,1,Driver,True,False,False,M,AIR BAG NOT DEPLOYED,G,OCCUPANT LAP SHOULDER HARNESS USED,CELL PHONE NOT IN USE,NONE APPARENT,,N,SR-87 N/B,65.0,B,PROCEEDING STRAIGHT,A,HAD NOT BEEN DRINKING,,,M,MALE,24.0,C,CA,H,HISPANIC,1.0,PassengerCarStationWagonJeep,2013.0,HOND,CIVIC,RED,False,,,,,,,,2,2.0,2.0,False
6931802,1955152,1,Driver,True,False,False,L,AIR BAG DEPLOYED,G,OCCUPANT LAP SHOULDER HARNESS USED,CELL PHONE NOT IN USE,NONE APPARENT,,S,I-280 S/B,65.0,R,OTHER,A,HAD NOT BEEN DRINKING,,,F,FEMALE,54.0,F,TX,W,WHITE,7.0,SportUtilityVehicle,2015.0,AUDI,Q7,WHI,True,,,,,,,,2,4.0,4.0,False
6931767,1955134,1,Driver,True,False,False,L,AIR BAG DEPLOYED,G,OCCUPANT LAP SHOULDER HARNESS USED,CELL PHONE NOT IN USE,VC SECTION VIOLATED - VC 22107,,N,US-101 N/B,65.0,R,OTHER,B,HBD-UNDER INFLUENCE,,,M,MALE,27.0,C,CA,H,HISPANIC,1.0,PassengerCarStationWagonJeep,2013.0,SUBA,LEGACY,SIL,False,,,,,,,,3,5.0,5.0,False
6931765,1955132,3,Driver,True,False,False,M,AIR BAG NOT DEPLOYED,G,OCCUPANT LAP SHOULDER HARNESS USED,CELL PHONE NOT IN USE,NONE APPARENT,,N,SR-85 N/B,65.0,B,PROCEEDING STRAIGHT,A,HAD NOT BEEN DRINKING,,,M,MALE,29.0,C,CA,H,HISPANIC,1.0,PassengerCarStationWagonJeep,2008.0,MERZ,E350,BLK,True,,,,,,,,1,3.0,3.0,False
6931764,1955132,2,Driver,,False,False,M,AIR BAG NOT DEPLOYED,G,OCCUPANT LAP SHOULDER HARNESS USED,CELL PHONE NOT IN USE,NONE APPARENT,,N,SR-85 N/B,65.0,B,PROCEEDING STRAIGHT,A,HAD NOT BEEN DRINKING,,,F,FEMALE,20.0,C,CA,W,WHITE,1.0,PassengerCarStationWagonJeep,2007.0,VOLV,S40,SIL,True,,,,,,,,2,3.0,3.0,False
6931763,1955132,1,Driver,,False,False,L,AIR BAG DEPLOYED,G,OCCUPANT LAP SHOULDER HARNESS USED,CELL PHONE NOT IN USE,NONE APPARENT,,N,SR-85 N/B,65.0,B,PROCEEDING STRAIGHT,A,HAD NOT BEEN DRINKING,,,F,FEMALE,76.0,C,CA,W,WHITE,1.0,PassengerCarStationWagonJeep,2014.0,HOND,ACCORD,BLU,True,,,,,,,,2,3.0,3.0,False
6931746,1955123,4,Driver,,False,False,M,AIR BAG NOT DEPLOYED,G,OCCUPANT LAP SHOULDER HARNESS USED,CELL PHONE NOT IN USE,NONE APPARENT,,N,I-280 N/B,65.0,A,STOPPED,A,HAD NOT BEEN DRINKING,,,M,MALE,24.0,C,CA,H,HISPANIC,8.0,MiniVan,2020.0,FORD,TRANSIT CONNECT,RED,False,,,,,,,,5,4.0,5.0,False
6931745,1955123,3,Driver,,False,False,M,AIR BAG NOT DEPLOYED,G,OCCUPANT LAP SHOULDER HARNESS USED,CELL PHONE NOT IN USE,NONE APPARENT,,N,I-280 N/B,65.0,A,STOPPED,A,HAD NOT BEEN DRINKING,,,M,MALE,31.0,F,WA,A,ASIAN,1.0,PassengerCarStationWagonJeep,2021.0,TOYT,COROLLA,SIL,False,,,,,,,,5,4.0,5.0,False
6931744,1955123,2,Driver,,False,False,L,AIR BAG DEPLOYED,G,OCCUPANT LAP SHOULDER HARNESS USED,CELL PHONE NOT IN USE,NONE APPARENT,,N,I-280 N/B,65.0,A,STOPPED,A,HAD NOT BEEN DRINKING,,,F,FEMALE,33.0,C,CA,H,HISPANIC,1.0,PassengerCarStationWagonJeep,2008.0,VOLK,JETTA,BLK,False,,,,,,,,5,4.0,5.0,False
6931743,1955123,1,Driver,True,False,False,L,AIR BAG DEPLOYED,G,OCCUPANT LAP SHOULDER HARNESS USED,CELL PHONE NOT IN USE,NONE APPARENT,,N,I-280 N/B,65.0,B,PROCEEDING STRAIGHT,A,HAD NOT BEEN DRINKING,,,M,MALE,76.0,C,CA,A,ASIAN,7.0,SportUtilityVehicle,2006.0,HOND,CRV,GRY,False,,,,,,,,5,4.0,5.0,False
6931168,1954829,2,Driver,,False,False,M,AIR BAG NOT DEPLOYED,G,OCCUPANT LAP SHOULDER HARNESS USED,CELL PHONE NOT IN USE,NONE APPARENT,,N,SR-87 N/B TO I-280,65.0,A,STOPPED,A,HAD NOT BEEN DRINKING,,,M,MALE,31.0,C,CA,H,HISPANIC,22.0,PickupsAndPanels,1999.0,TOYT,TACOMA,WHI,False,,,,,,,,2,2.0,2.0,False
6931167,1954829,1,Driver,True,False,True,,,,,CELL PHONE USE UNKNOWN,NONE APPARENT,,N,SR-87 N/B TO I-280,65.0,B,PROCEEDING STRAIGHT,G,IMPAIRMENT_NOT_KNOWN,,,,,,,,,,7.0,SportUtilityVehicle,2002.0,BMW,X5,SIL,False,,,,,,,,2,2.0,2.0,False
6931155,1954822,2,Driver,,False,False,M,AIR BAG NOT DEPLOYED,G,OCCUPANT LAP SHOULDER HARNESS USED,CELL PHONE NOT IN USE,NONE APPARENT,,S,SR-87S/B,65.0,B,PROCEEDING STRAIGHT,A,HAD NOT BEEN DRINKING,,,M,MALE,39.0,C,CA,O,OTHER,7.0,SportUtilityVehicle,2021.0,HOND,CR-V,GRY,False,,,,,,,,1,3.0,3.0,False
6931154,1954822,1,Driver,True,False,True,B,UNKNOWN,B,OCCUPANT UNKNOWN,CELL PHONE NOT IN USE,NONE APPARENT,,S,SR-87 S/B,65.0,R,OTHER,G,IMPAIRMENT_NOT_KNOWN,,,,,,,,,,99.0,OtherUnknownHitAndRunDriver,,,,,False,,,,,,,,1,3.0,3.0,False
6931151,1954820,1,Driver,,False,False,M,AIR BAG NOT DEPLOYED,G,OCCUPANT LAP SHOULDER HARNESS USED,CELL PHONE NOT IN USE,NONE APPARENT,,N,BUENA VISTA AVE ,25.0,B,PROCEEDING STRAIGHT,A,HAD NOT BEEN DRINKING,,,F,FEMALE,48.0,B,CA,H,HISPANIC,13.0,SchoolBusPublicTypeI,2018.0,FRHT,THOMAS,YEL,False,,,,,,,,1,1.0,2.0,False
6930883,1954671,2,Driver,,False,False,M,AIR BAG NOT DEPLOYED,G,OCCUPANT LAP SHOULDER HARNESS USED,CELL PHONE NOT IN USE,NONE APPARENT,,S,SR-85 S/B,65.0,A,STOPPED,A,HAD NOT BEEN DRINKING,,,F,FEMALE,42.0,C,CA,O,OTHER,8.0,MiniVan,2022.0,CHRY,PACIFICA,BLU,False,,,,,,,,2,3.0,3.0,False