PartyId,CollisionId,PartyNumber,PartyType,IsAtFault,IsOnDutyEmergencyVehicle,IsHitAndRun,AirbagCode,AirbagDescription,SafetyEquipmentCode,SafetyEquipmentDescription,Special Information,Other Associate Factor,Inattention,DirectionOfTravel,StreetOrHighwayName,SpeedLimit,MovementPrecCollCode,MovementPrecCollDescription,SobrietyDrugPhysicalCode1,SobrietyDrugPhysicalDescription1,SobrietyDrugPhysicalCode2,SobrietyDrugPhysicalDescription2,GenderCode,GenderDescription,StatedAge,DriverLicenseClass,DriverLicenseStateCode,RaceCode,RaceDesc,Vehicle1TypeId, Vehicle1TypeDesc, Vehicle1Year,Vehicle1Make,Vehicle1Model,Vehicle1Color,V1IsVehicleTowed,Vehicle2TypeId, Vehicle2TypeDesc, Vehicle2Year,Vehicle2Make,Vehicle2Model,Vehicle2Color,V2IsVehicleTowed,Lane,ThruLanes,TotalLanes,IsDREConducted
6940555,1959746,1,Driver,True,False,False,M,AIR BAG NOT DEPLOYED,G,OCCUPANT LAP SHOULDER HARNESS USED,CELL PHONE NOT IN USE,NONE APPARENT,,S,I-880 S/B,65.0,J,CHANGING LANES,A,HAD NOT BEEN DRINKING,,,M,MALE,17.0,C,CA,H,HISPANIC,1.0,PassengerCarStationWagonJeep,2001.0,ACUR,INTEGRA,GRN,False,,,,,,,,2,3.0,3.0,False
6940512,1959722,1,Driver,,False,False,M,AIR BAG NOT DEPLOYED,G,OCCUPANT LAP SHOULDER HARNESS USED,CELL PHONE USE UNKNOWN,NONE APPARENT,,N,US-101,65.0,B,PROCEEDING STRAIGHT,A,HAD NOT BEEN DRINKING,,,M,MALE,49.0,C,CA,H,HISPANIC,22.0,PickupsAndPanels,2019.0,FORD,F150,BLU,True,,,,,,,,1,4.0,4.0,False
6940106,1959498,3,Driver,,False,False,M,AIR BAG NOT DEPLOYED,G,OCCUPANT LAP SHOULDER HARNESS USED,CELL PHONE NOT IN USE,NONE APPARENT,,S,I-280 S/B TO SR-87 S/B,65.0,H,SLOWING/STOPPING,A,HAD NOT BEEN DRINKING,,,M,MALE,28.0,C,CA,A,ASIAN,1.0,PassengerCarStationWagonJeep,2018.0,MAZD,MAZDA 6,BLU,False,,,,,,,,1,1.0,2.0,False
6940105,1959498,2,Driver,,False,False,M,AIR BAG NOT DEPLOYED,G,OCCUPANT LAP SHOULDER HARNESS USED,CELL PHONE NOT IN USE,VC SECTION VIOLATED - VC 22350,,S,I-280 S/B TO SR-87 S/B,65.0,B,PROCEEDING STRAIGHT,A,HAD NOT BEEN DRINKING,,,F,FEMALE,35.0,C,CA,H,HISPANIC,8.0,MiniVan,2012.0,DODG,GRAND CARAVAN,WHI,False,,,,,,,,1,1.0,2.0,False
6940104,1959498,1,Driver,,False,False,M,AIR BAG NOT DEPLOYED,G,OCCUPANT LAP SHOULDER HARNESS USED,CELL PHONE NOT IN USE,NONE APPARENT,,S,I-280 S/B TO SR-87 S/B,65.0,B,PROCEEDING STRAIGHT,A,HAD NOT BEEN DRINKING,,,F,FEMALE,42.0,C,CA,H,HISPANIC,1.0,PassengerCarStationWagonJeep,2014.0,BUIC,VERANO,GRY,False,,,,,,,,1,1.0,2.0,False
6940095,1959493,1,Driver,True,False,False,L,AIR BAG DEPLOYED,G,OCCUPANT LAP SHOULDER HARNESS USED,CELL PHONE NOT IN USE,NONE APPARENT,,S,I-280 S/B,65.0,B,PROCEEDING STRAIGHT,A,HAD NOT BEEN DRINKING,,,M,MALE,37.0,U,,H,HISPANIC,1.0,PassengerCarStationWagonJeep,2006.0,TOYT,CAMRY,BLU,False,,,,,,,,2,4.0,5.0,False
6940086,1959487,2,Driver,,False,False,M,AIR BAG NOT DEPLOYED,G,OCCUPANT LAP SHOULDER HARNESS USED,CELL PHONE NOT IN USE,NONE APPARENT,,N,US-101 N/B,65.0,H,SLOWING/STOPPING,A,HAD NOT BEEN DRINKING,,,M,MALE,28.0,A,CA,O,OTHER,1.0,PassengerCarStationWagonJeep,2016.0,DODG,CHALLENGER,BLK,False,,,,,,,,4,5.0,5.0,False
6940085,1959487,1,Driver,True,False,False,L,AIR BAG DEPLOYED,G,OCCUPANT LAP SHOULDER HARNESS USED,CELL PHONE NOT IN USE,NONE APPARENT,,N,US-101 N/B,65.0,B,PROCEEDING STRAIGHT,A,HAD NOT BEEN DRINKING,,,M,MALE,23.0,C,CA,A,ASIAN,7.0,SportUtilityVehicle,2006.0,TOYT,HIGHLANDER,GRN,True,,,,,,,,4,5.0,5.0,False
6940084,1959486,2,Driver,,False,False,L,AIR BAG DEPLOYED,G,OCCUPANT LAP SHOULDER HARNESS USED,CELL PHONE NOT IN USE,NONE APPARENT,,N,I-680 N/B,65.0,B,PROCEEDING STRAIGHT,A,HAD NOT BEEN DRINKING,,,F,FEMALE,19.0,C,CA,A,ASIAN,1.0,PassengerCarStationWagonJeep,2011.0,SCIO,TC,BLK,True,,,,,,,,EXIT-2,4.0,6.0,False
6940083,1959486,1,Driver,True,False,False,M,AIR BAG NOT DEPLOYED,G,OCCUPANT LAP SHOULDER HARNESS USED,CELL PHONE NOT IN USE,NONE APPARENT,,N,I-680 N/B,65.0,B,PROCEEDING STRAIGHT,A,HAD NOT BEEN DRINKING,,,M,MALE,37.0,F,IT,H,HISPANIC,1.0,PassengerCarStationWagonJeep,2009.0,HOND,ACCORD,RED,True,,,,,,,,EXIT- 2,4.0,6.0,False
6939342,1959097,1,Driver,True,False,True,L,AIR BAG DEPLOYED,B,OCCUPANT UNKNOWN,CELL PHONE USE UNKNOWN,NONE APPARENT,,S,I-880 S/B TO BASCOM AVE,65.0,C,RAN OFF ROAD,G,IMPAIRMENT_NOT_KNOWN,,,,,,,,,,1.0,PassengerCarStationWagonJeep,1995.0,BUIC,REGAL,RED,True,,,,,,,,EXIT,,1.0,False
6939186,1959012,2,Driver,,False,False,M,AIR BAG NOT DEPLOYED,G,OCCUPANT LAP SHOULDER HARNESS USED,CELL PHONE NOT IN USE,NONE APPARENT,,N,I-280 N/B TO I-880 N/B,65.0,A,STOPPED,A,HAD NOT BEEN DRINKING,,,M,MALE,25.0,C,CA,H,HISPANIC,7.0,SportUtilityVehicle,2003.0,GMC,YUKON,BLK,False,,,,,,,,N/B,1.0,1.0,False
6939185,1959012,1,Driver,True,False,False,L,AIR BAG DEPLOYED,G,OCCUPANT LAP SHOULDER HARNESS USED,CELL PHONE NOT IN USE,NONE APPARENT,,N,I-280 N/B TO I-880 N/B,65.0,B,PROCEEDING STRAIGHT,A,HAD NOT BEEN DRINKING,,,F,FEMALE,57.0,C,CA,B,BLACK,1.0,PassengerCarStationWagonJeep,2015.0,NISS,ROGUE,SIL,True,,,,,,,,N/B,1.0,1.0,False
6939164,1959001,3,Driver,,False,False,M,AIR BAG NOT DEPLOYED,G,OCCUPANT LAP SHOULDER HARNESS USED,CELL PHONE NOT IN USE,NONE APPARENT,,N,SR-17 N/B,65.0,H,SLOWING/STOPPING,A,HAD NOT BEEN DRINKING,,,F,FEMALE,51.0,C,CA,W,WHITE,22.0,PickupsAndPanels,2017.0,FORD,F150,GRY,False,,,,,,,,4,4.0,4.0,False
6939163,1959001,2,Driver,,False,False,M,AIR BAG NOT DEPLOYED,G,OCCUPANT LAP SHOULDER HARNESS USED,CELL PHONE NOT IN USE,NONE APPARENT,,N,SR-17 N/B,65.0,B,PROCEEDING STRAIGHT,A,HAD NOT BEEN DRINKING,,,F,FEMALE,22.0,C,CA,W,WHITE,22.0,PickupsAndPanels,2019.0,GMC,DENALI,BLK,False,,,,,,,,3,4.0,4.0,False
6939162,1959001,1,Driver,True,False,False,M,AIR BAG NOT DEPLOYED,G,OCCUPANT LAP SHOULDER HARNESS USED,CELL PHONE NOT IN USE,NONE APPARENT,,N,SR-17 N/B,65.0,B,PROCEEDING STRAIGHT,A,HAD NOT BEEN DRINKING,,,M,MALE,55.0,C,CA,A,ASIAN,1.0,PassengerCarStationWagonJeep,2015.0,BMW,X1,BLU,True,,,,,,,,4,4.0,4.0,False
6939087,1958962,1,Driver,,False,False,M,AIR BAG NOT DEPLOYED,G,OCCUPANT LAP SHOULDER HARNESS USED,CELL PHONE NOT IN USE,NONE APPARENT,,N,US-101 N/B,65.0,B,PROCEEDING STRAIGHT,A,HAD NOT BEEN DRINKING,,,M,MALE,24.0,C,CA,A,ASIAN,1.0,PassengerCarStationWagonJeep,2008.0,BMW,328I,BLK,False,,,,,,,,1,4.0,5.0,False
6938905,1958865,4,Driver,,False,False,M,AIR BAG NOT DEPLOYED,G,OCCUPANT LAP SHOULDER HARNESS USED,CELL PHONE NOT IN USE,NONE APPARENT,,N,SR-87 N/B,65.0,B,PROCEEDING STRAIGHT,A,HAD NOT BEEN DRINKING,,,M,MALE,47.0,C,CA,O,OTHER,1.0,PassengerCarStationWagonJeep,2001.0,TOYT,CAMRY,SIL,False,,,,,,,,1,3.0,3.0,False
6938904,1958865,3,Driver,,False,False,L,AIR BAG DEPLOYED,G,OCCUPANT LAP SHOULDER HARNESS USED,CELL PHONE NOT IN USE,NONE APPARENT,,N,SR-87 N/B,65.0,B,PROCEEDING STRAIGHT,A,HAD NOT BEEN DRINKING,,,M,MALE,48.0,C,CA,H,HISPANIC,22.0,PickupsAndPanels,2009.0,TOYT,TACOMA,GRY,False,,,,,,,,3,3.0,3.0,False
6938903,1958865,2,Driver,,False,False,L,AIR BAG DEPLOYED,G,OCCUPANT LAP SHOULDER HARNESS USED,CELL PHONE NOT IN USE,NONE APPARENT,,N,SR-87 N/B,65.0,A,STOPPED,A,HAD NOT BEEN DRINKING,,,M,MALE,61.0,C,CA,H,HISPANIC,1.0,PassengerCarStationWagonJeep,2005.0,HOND,ACCORD,GRY,True,,,,,,,,2,3.0,3.0,False
6938902,1958865,1,Driver,True,False,False,L,AIR BAG DEPLOYED,G,OCCUPANT LAP SHOULDER HARNESS USED,CELL PHONE NOT IN USE,NONE APPARENT,,N,SR-87 N/B,65.0,B,PROCEEDING STRAIGHT,A,HAD NOT BEEN DRINKING,,,M,MALE,54.0,C,CA,W,WHITE,1.0,PassengerCarStationWagonJeep,2011.0,MAZD,6,GRY,True,,,,,,,,2,3.0,3.0,False
6938645,1958734,1,Driver,True,False,False,L,AIR BAG DEPLOYED,G,OCCUPANT LAP SHOULDER HARNESS USED,CELL PHONE NOT IN USE,NONE APPARENT,,N,I-280,65.0,J,CHANGING LANES,A,HAD NOT BEEN DRINKING,,,F,FEMALE,51.0,C,CA,W,WHITE,7.0,SportUtilityVehicle,2009.0,HOND,CRV,BLK,True,,,,,,,,1,4.0,4.0,False
6938607,1958710,2,Driver,,False,False,M,AIR BAG NOT DEPLOYED,G,OCCUPANT LAP SHOULDER HARNESS USED,CELL PHONE NOT IN USE,NONE APPARENT,,W,SR-237 W/B,65.0,J,CHANGING LANES,A,HAD NOT BEEN DRINKING,,,M,MALE,46.0,C,CA,A,ASIAN,1.0,PassengerCarStationWagonJeep,2020.0,HOND,ACCORD,WHI,False,,,,,,,,1,2.0,4.0,False
6938606,1958710,1,Driver,True,False,False,M,AIR BAG NOT DEPLOYED,G,OCCUPANT LAP SHOULDER HARNESS USED,CELL PHONE NOT IN USE,NONE APPARENT,,W,SR-237 W/B,65.0,B,PROCEEDING STRAIGHT,A,HAD NOT BEEN DRINKING,,,M,MALE,28.0,C,CA,H,HISPANIC,1.0,PassengerCarStationWagonJeep,2020.0,NISS,370Z,BLK,False,,,,,,,,XPRS,2.0,4.0,False
6938452,1958626,2,Driver,,False,False,M,AIR BAG NOT DEPLOYED,G,OCCUPANT LAP SHOULDER HARNESS USED,CELL PHONE NOT IN USE,NONE APPARENT,,N,SR-87 N/B TO US-101 N/B,65.0,R,OTHER,A,HAD NOT BEEN DRINKING,,,F,FEMALE,36.0,C,CA,O,OTHER,7.0,SportUtilityVehicle,2013.0,HOND,PILOT,BLK,False,,,,,,,,HOV,3.0,3.0,False
6938451,1958626,1,Driver,,False,False,M,AIR BAG NOT DEPLOYED,G,OCCUPANT LAP SHOULDER HARNESS USED,CELL PHONE NOT IN USE,NONE APPARENT,,N,SR-87 N/B TO US-101 N/B,65.0,R,OTHER,A,HAD NOT BEEN DRINKING,,,M,MALE,50.0,U,CA,H,HISPANIC,8.0,MiniVan,1989.0,DODG,CARAVAN,SIL,False,,,,,,,,1,3.0,3.0,False
6938431,1958613,2,Driver,,False,False,M,AIR BAG NOT DEPLOYED,G,OCCUPANT LAP SHOULDER HARNESS USED,CELL PHONE NOT IN USE,NONE APPARENT,,S,I-880 S/B,65.0,A,STOPPED,A,HAD NOT BEEN DRINKING,,,M,MALE,17.0,C,CA,H,HISPANIC,7.0,SportUtilityVehicle,2008.0,BUIC,ENCLAVE,WHI,False,,,,,,,,3,4.0,4.0,False
6938430,1958613,1,Driver,True,False,False,L,AIR BAG DEPLOYED,G,OCCUPANT LAP SHOULDER HARNESS USED,CELL PHONE NOT IN USE,NONE APPARENT,,S,I-880 S/B,65.0,B,PROCEEDING STRAIGHT,A,HAD NOT BEEN DRINKING,,,M,MALE,29.0,U,CA,H,HISPANIC,1.0,PassengerCarStationWagonJeep,2018.0,MITS,MIRAGE,WHI,False,,,,,,,,3,4.0,4.0,False
6938161,1958449,2,Driver,,False,False,M,AIR BAG NOT DEPLOYED,G,OCCUPANT LAP SHOULDER HARNESS USED,CELL PHONE NOT IN USE,NONE APPARENT,,N,I-680 N/B,65.0,B,PROCEEDING STRAIGHT,A,HAD NOT BEEN DRINKING,,,F,FEMALE,51.0,C,CA,A,ASIAN,7.0,SportUtilityVehicle,2014.0,BMW,X3,WHI,False,,,,,,,,3,4.0,4.0,False
6938160,1958449,1,Driver,True,False,False,M,AIR BAG NOT DEPLOYED,G,OCCUPANT LAP SHOULDER HARNESS USED,CELL PHONE NOT IN USE,NONE APPARENT,,N,I-680 N/B,65.0,B,PROCEEDING STRAIGHT,A,HAD NOT BEEN DRINKING,,,M,MALE,50.0,C,CA,A,ASIAN,22.0,PickupsAndPanels,2000.0,CHEV,1500,WHI,False,,,,,,,,3,4.0,4.0,False
6938141,1958437,2,Driver,,False,False,M,AIR BAG NOT DEPLOYED,G,OCCUPANT LAP SHOULDER HARNESS USED,CELL PHONE NOT IN USE,NONE APPARENT,,S,SR-87 S/B,65.0,H,SLOWING/STOPPING,A,HAD NOT BEEN DRINKING,,,M,MALE,39.0,C,CA,W,WHITE,1.0,PassengerCarStationWagonJeep,2020.0,HOND,HRV,WHI,False,,,,,,,,2,2.0,2.0,False
6938140,1958437,1,Driver,True,False,True,B,UNKNOWN,B,OCCUPANT UNKNOWN,CELL PHONE USE UNKNOWN,NONE APPARENT,,S,SR-87 S/B,65.0,B,PROCEEDING STRAIGHT,G,IMPAIRMENT_NOT_KNOWN,,,,,,,,,,99.0,OtherUnknownHitAndRunDriver,,,,,False,,,,,,,,2,2.0,2.0,False
6938115,1958424,2,Driver,,False,False,M,AIR BAG NOT DEPLOYED,G,OCCUPANT LAP SHOULDER HARNESS USED,CELL PHONE NOT IN USE,NONE APPARENT,,S,I-280 S/B,65.0,A,STOPPED,A,HAD NOT BEEN DRINKING,,,F,FEMALE,31.0,C,CA,W,WHITE,1.0,PassengerCarStationWagonJeep,2010.0,MAZD,3,SIL,False,,,,,,,,1,4.0,4.0,False
6938114,1958424,1,Driver,True,False,True,B,UNKNOWN,B,OCCUPANT UNKNOWN,CELL PHONE USE UNKNOWN,NONE APPARENT,,S,I-280 S/B,65.0,B,PROCEEDING STRAIGHT,G,IMPAIRMENT_NOT_KNOWN,,,,,,,,,,1.0,PassengerCarStationWagonJeep,2013.0,HOND,CIVIC LX,BLU,False,,,,,,,,1,4.0,4.0,False
6938031,1958384,2,Driver,,False,False,M,AIR BAG NOT DEPLOYED,G,OCCUPANT LAP SHOULDER HARNESS USED,CELL PHONE NOT IN USE,NONE APPARENT,,S,US-101 S/B,65.0,B,PROCEEDING STRAIGHT,B,HBD-UNDER INFLUENCE,,,M,MALE,60.0,C,CA,A,ASIAN,1.0,PassengerCarStationWagonJeep,2000.0,HOND,ACCORD,DGR,False,,,,,,,,5,6.0,6.0,False
6938030,1958384,1,Driver,True,False,False,M,AIR BAG NOT DEPLOYED,G,OCCUPANT LAP SHOULDER HARNESS USED,CELL PHONE NOT IN USE,NONE APPARENT,,S,US-101 S/B,65.0,R,OTHER,A,HAD NOT BEEN DRINKING,,,M,MALE,35.0,A,CA,H,HISPANIC,27.0,ThreeOrMoreAxleTruck,2014.0,INTL,PROSTAR LF687,BLU,False,,,,,,,,4,6.0,6.0,False
6937930,1958328,1,Driver,True,False,False,L,AIR BAG DEPLOYED,G,OCCUPANT LAP SHOULDER HARNESS USED,CELL PHONE NOT IN USE,NONE APPARENT,,S,I-680 S/B,65.0,R,OTHER,A,HAD NOT BEEN DRINKING,,,M,MALE,20.0,C,CA,H,HISPANIC,1.0,PassengerCarStationWagonJeep,2022.0,TOYT,CAMRY,WHI,True,,,,,,,,4,4.0,4.0,False
6937919,1958321,1,Driver,True,False,False,M,AIR BAG NOT DEPLOYED,G,OCCUPANT LAP SHOULDER HARNESS USED,CELL PHONE NOT IN USE,NONE APPARENT,,N,SR-87 N/B,65.0,R,OTHER,A,HAD NOT BEEN DRINKING,,,M,MALE,31.0,U,,H,HISPANIC,1.0,PassengerCarStationWagonJeep,2008.0,TOYT,YARIS,SIL,True,,,,,,,,2,3.0,3.0,False
6937897,1958308,1,Driver,True,False,True,L,AIR BAG DEPLOYED,G,OCCUPANT LAP SHOULDER HARNESS USED,CELL PHONE USE UNKNOWN,NONE APPARENT,,S,US-101 S/B TO DE LA CRUZ BLVD.,65.0,R,OTHER,G,IMPAIRMENT_NOT_KNOWN,,,,,,,,,,99.0,OtherUnknownHitAndRunDriver,2002.0,VOLK,GTI,GRN,True,,,,,,,,4,4.0,5.0,False
6937063,1957877,2,Driver,,False,False,M,AIR BAG NOT DEPLOYED,G,OCCUPANT LAP SHOULDER HARNESS USED,CELL PHONE NOT IN USE,NONE APPARENT,,S,SR-87 S/B,65.0,B,PROCEEDING STRAIGHT,A,HAD NOT BEEN DRINKING,,,F,FEMALE,50.0,C,CA,O,OTHER,1.0,PassengerCarStationWagonJeep,2016.0,MERZ,CLA250,BLK,False,,,,,,,,HOV,3.0,3.0,False
6937062,1957877,1,Driver,True,False,False,M,AIR BAG NOT DEPLOYED,G,OCCUPANT LAP SHOULDER HARNESS USED,CELL PHONE NOT IN USE,NONE APPARENT,,S,SR-87 S/B,65.0,J,CHANGING LANES,A,HAD NOT BEEN DRINKING,,,M,MALE,32.0,U,CA,H,HISPANIC,1.0,PassengerCarStationWagonJeep,2006.0,MITS,GALANT,WHI,False,,,,,,,,1,3.0,3.0,False
6937043,1957865,2,Driver,,False,False,M,AIR BAG NOT DEPLOYED,G,OCCUPANT LAP SHOULDER HARNESS USED,CELL PHONE NOT IN USE,NONE APPARENT,,S,SR-85 S/B,65.0,B,PROCEEDING STRAIGHT,A,HAD NOT BEEN DRINKING,,,F,FEMALE,21.0,C,CA,O,OTHER,1.0,PassengerCarStationWagonJeep,2022.0,TOYT,COROLLA,GRY,False,,,,,,,,HOV,4.0,4.0,False
6937042,1957865,1,Driver,True,False,True,B,UNKNOWN,B,OCCUPANT UNKNOWN,CELL PHONE USE UNKNOWN,NONE APPARENT,,S,SR-85 S/B,65.0,R,OTHER,G,IMPAIRMENT_NOT_KNOWN,,,,,,,,,,99.0,OtherUnknownHitAndRunDriver,,,,,False,,,,,,,,1,4.0,4.0,False
6936980,1957832,2,Driver,,False,False,M,AIR BAG NOT DEPLOYED,G,OCCUPANT LAP SHOULDER HARNESS USED,CELL PHONE NOT IN USE,NONE APPARENT,,S,US-101 S/B TO SANTA CLARA ST.,65.0,A,STOPPED,A,HAD NOT BEEN DRINKING,,,M,MALE,28.0,C,CA,B,BLACK,1.0,PassengerCarStationWagonJeep,2010.0,LEXS,RX350,BLK,False,,,,,,,,RT,1.0,3.0,False
6936979,1957832,1,Driver,True,False,False,M,AIR BAG NOT DEPLOYED,G,OCCUPANT LAP SHOULDER HARNESS USED,CELL PHONE NOT IN USE,NONE APPARENT,,S,US-101 S/B TO SANTA CLARA ST.,65.0,B,PROCEEDING STRAIGHT,A,HAD NOT BEEN DRINKING,,,F,FEMALE,34.0,U,TX,A,ASIAN,1.0,PassengerCarStationWagonJeep,2021.0,MERZ,C300,WHI,False,,,,,,,,RT,1.0,3.0,False
6936977,1957830,1,Driver,True,False,False,M,AIR BAG NOT DEPLOYED,G,OCCUPANT LAP SHOULDER HARNESS USED,CELL PHONE NOT IN USE,NONE APPARENT,,N,US-101 N/B,65.0,R,OTHER,A,HAD NOT BEEN DRINKING,,,M,MALE,21.0,C,CA,H,HISPANIC,22.0,PickupsAndPanels,2012.0,FORD,F-350,BLU,False,,,,,,,,HOV,5.0,5.0,False
6936975,1957828,2,Driver,,False,False,M,AIR BAG NOT DEPLOYED,G,OCCUPANT LAP SHOULDER HARNESS USED,CELL PHONE NOT IN USE,NONE APPARENT,,N,I-280 N/B,65.0,A,STOPPED,A,HAD NOT BEEN DRINKING,,,M,MALE,37.0,U,CA,W,WHITE,8.0,MiniVan,2014.0,GMC,SAVANNA,WHI,False,,,,,,,,4,5.0,5.0,False
6936974,1957828,1,Driver,True,False,False,L,AIR BAG DEPLOYED,G,OCCUPANT LAP SHOULDER HARNESS USED,CELL PHONE NOT IN USE,NONE APPARENT,,N,I-280 N/B,65.0,B,PROCEEDING STRAIGHT,A,HAD NOT BEEN DRINKING,,,M,MALE,82.0,C,CA,H,HISPANIC,8.0,MiniVan,1997.0,HOND,ACCORD,RED,True,,,,,,,,4,5.0,5.0,False
6936894,1957788,2,Driver,,False,False,M,AIR BAG NOT DEPLOYED,G,OCCUPANT LAP SHOULDER HARNESS USED,CELL PHONE NOT IN USE,NONE APPARENT,,N,I-280 N/B,65.0,R,OTHER,A,HAD NOT BEEN DRINKING,,,M,MALE,47.0,C,CA,W,WHITE,22.0,PickupsAndPanels,2015.0,GMC,SIERRA,WHI,False,,,,,,,,5,5.0,5.0,False
6936893,1957788,1,Driver,,False,False,M,AIR BAG NOT DEPLOYED,G,OCCUPANT LAP SHOULDER HARNESS USED,CELL PHONE NOT IN USE,NONE APPARENT,,N,I-280 N/B,65.0,R,OTHER,A,HAD NOT BEEN DRINKING,,,M,MALE,47.0,C,CA,H,HISPANIC,1.0,PassengerCarStationWagonJeep,2018.0,NISS,ALTIMA,BLK,False,,,,,,,,4,5.0,5.0,False
6936720,1957700,2,Driver,,False,False,M,AIR BAG NOT DEPLOYED,G,OCCUPANT LAP SHOULDER HARNESS USED,CELL PHONE NOT IN USE,NONE APPARENT,,N,US-101 N/B,65.0,B,PROCEEDING STRAIGHT,A,HAD NOT BEEN DRINKING,,,F,FEMALE,78.0,C,CA,W,WHITE,7.0,SportUtilityVehicle,2021.0,PORS,CAYENNE S,GRY,False,,,,,,,,2,4.0,4.0,False
6936719,1957700,1,Driver,True,False,False,M,AIR BAG NOT DEPLOYED,G,OCCUPANT LAP SHOULDER HARNESS USED,CELL PHONE NOT IN USE,NONE APPARENT,,N,US-101 N/B,65.0,R,OTHER,A,HAD NOT BEEN DRINKING,,,M,MALE,76.0,C,CA,A,ASIAN,1.0,PassengerCarStationWagonJeep,2011.0,HOND,CIVIC,RED,False,,,,,,,,2,4.0,4.0,False
6936697,1957691,3,Driver,,False,False,M,AIR BAG NOT DEPLOYED,G,OCCUPANT LAP SHOULDER HARNESS USED,CELL PHONE NOT IN USE,NONE APPARENT,,S,I-280 S/B,65.0,B,PROCEEDING STRAIGHT,A,HAD NOT BEEN DRINKING,,,F,FEMALE,81.0,C,CA,H,HISPANIC,1.0,PassengerCarStationWagonJeep,1993.0,HOND,ACCORD,WHI,True,,,,,,,,4,4.0,4.0,False
6936696,1957691,2,Driver,,False,False,M,AIR BAG NOT DEPLOYED,G,OCCUPANT LAP SHOULDER HARNESS USED,CELL PHONE NOT IN USE,NONE APPARENT,,S,I-280 S/B,65.0,B,PROCEEDING STRAIGHT,A,HAD NOT BEEN DRINKING,,,F,FEMALE,41.0,C,CA,A,ASIAN,7.0,SportUtilityVehicle,2019.0,TOYT,CHR,BLK,False,,,,,,,,4,4.0,4.0,False
6936695,1957691,1,Driver,,False,False,M,AIR BAG NOT DEPLOYED,G,OCCUPANT LAP SHOULDER HARNESS USED,CELL PHONE NOT IN USE,NONE APPARENT,,S,I-280 S/B,65.0,H,SLOWING/STOPPING,A,HAD NOT BEEN DRINKING,,,M,MALE,72.0,C,CA,W,WHITE,7.0,SportUtilityVehicle,2010.0,MERZ,ML350,GRY,False,,,,,,,,4,4.0,4.0,False
6936677,1957681,2,Driver,,False,False,M,AIR BAG NOT DEPLOYED,G,OCCUPANT LAP SHOULDER HARNESS USED,CELL PHONE NOT IN USE,NONE APPARENT,,S,I-280 S/B TO VINE ST.,65.0,H,SLOWING/STOPPING,A,HAD NOT BEEN DRINKING,,,F,FEMALE,48.0,C,CA,H,HISPANIC,1.0,PassengerCarStationWagonJeep,2017.0,HYUN,ELANTRA,BLU,False,,,,,,,,EXIT-2,,2.0,False
6936676,1957681,1,Driver,True,False,False,M,AIR BAG NOT DEPLOYED,G,OCCUPANT LAP SHOULDER HARNESS USED,CELL PHONE NOT IN USE,NONE APPARENT,,S,I-280 S/B TO VINE ST.,65.0,B,PROCEEDING STRAIGHT,A,HAD NOT BEEN DRINKING,,,M,MALE,19.0,U,CA,H,HISPANIC,1.0,PassengerCarStationWagonJeep,2006.0,MERZ,E63 AMG,SIL,False,,,,,,,,EXIT-2,,2.0,False
6936642,1957662,2,Driver,,False,False,M,AIR BAG NOT DEPLOYED,G,OCCUPANT LAP SHOULDER HARNESS USED,CELL PHONE NOT IN USE,NONE APPARENT,,N,I-280 N/B,65.0,B,PROCEEDING STRAIGHT,A,HAD NOT BEEN DRINKING,,,M,MALE,33.0,C,CA,A,ASIAN,1.0,PassengerCarStationWagonJeep,2020.0,TESL,2,GRY,False,,,,,,,,2,3.0,3.0,False
6936641,1957662,1,Driver,,False,False,M,AIR BAG NOT DEPLOYED,G,OCCUPANT LAP SHOULDER HARNESS USED,CELL PHONE NOT IN USE,NONE APPARENT,,N,I-280 N/B,65.0,B,PROCEEDING STRAIGHT,A,HAD NOT BEEN DRINKING,,,F,FEMALE,27.0,U,CA,H,HISPANIC,8.0,MiniVan,2008.0,NISS,QUEST,SIL,False,,,,,,,,3,3.0,3.0,False
6936612,1957648,2,Driver,,False,False,M,AIR BAG NOT DEPLOYED,G,OCCUPANT LAP SHOULDER HARNESS USED,CELL PHONE NOT IN USE,NONE APPARENT,,N,SR-17 N/B TO STEVENS CREEK BLV,65.0,A,STOPPED,A,HAD NOT BEEN DRINKING,,,F,FEMALE,17.0,C,CA,B,BLACK,7.0,SportUtilityVehicle,2014.0,FORD,ESCAPE,RED,False,,,,,,,,1,1.0,1.0,False
6936611,1957648,1,Driver,True,False,False,M,AIR BAG NOT DEPLOYED,G,OCCUPANT LAP SHOULDER HARNESS USED,CELL PHONE NOT IN USE,NONE APPARENT,,N,SR-17 N/B TO STEVENS CREEK BLV,65.0,B,PROCEEDING STRAIGHT,A,HAD NOT BEEN DRINKING,,,F,FEMALE,19.0,C,CA,W,WHITE,7.0,SportUtilityVehicle,2004.0,SCIO,XB,MAR/COL,False,,,,,,,,1,1.0,1.0,False