PartyId,CollisionId,PartyNumber,PartyType,IsAtFault,IsOnDutyEmergencyVehicle,IsHitAndRun,AirbagCode,AirbagDescription,SafetyEquipmentCode,SafetyEquipmentDescription,Special Information,Other Associate Factor,Inattention,DirectionOfTravel,StreetOrHighwayName,SpeedLimit,MovementPrecCollCode,MovementPrecCollDescription,SobrietyDrugPhysicalCode1,SobrietyDrugPhysicalDescription1,SobrietyDrugPhysicalCode2,SobrietyDrugPhysicalDescription2,GenderCode,GenderDescription,StatedAge,DriverLicenseClass,DriverLicenseStateCode,RaceCode,RaceDesc,Vehicle1TypeId, Vehicle1TypeDesc, Vehicle1Year,Vehicle1Make,Vehicle1Model,Vehicle1Color,V1IsVehicleTowed,Vehicle2TypeId, Vehicle2TypeDesc, Vehicle2Year,Vehicle2Make,Vehicle2Model,Vehicle2Color,V2IsVehicleTowed,Lane,ThruLanes,TotalLanes,IsDREConducted
10070746,2643469,1,Driver,True,False,,M,AIR BAG NOT DEPLOYED,B,OCCUPANT UNKNOWN,,STOP & GO TRAFFIC,,E,,,E,MAKING LEFT TURN,G,IMPAIRMENT_NOT_KNOWN,,,,,,,,,,,,2000.0,GMC,,,,,,,,,,,,,,
10070745,2643468,2,Driver,,False,,M,AIR BAG NOT DEPLOYED,C,OCCUPANT LAP BELT USED,,,,E,,,A,STOPPED,A,HAD NOT BEEN DRINKING,,,F,FEMALE,,C,CA,A,ASIAN,,,2014.0,TOYOTA,,,,,,,,,,,,,,
10070744,2643468,1,Driver,True,False,,M,AIR BAG NOT DEPLOYED,W,MOTOR BICYCLE DRIVER WITH HELMET,,VC SECTION VIOLATED - 22350 / INATTENTION,OTHER,E,,,D,MAKING RIGHT TURN,B,HBD-UNDER INFLUENCE,,,M,MALE,,U,CA,,,,,1999.0,SUZUKI,,,,,,,,,,,,,,
10070743,2643467,2,Bicyclist,,False,,,,,,,NONE APPARENT,,W,,,P,MERGING,H,NOT APPLICABLE,,,M,MALE,,,,H,HISPANIC,4.0,Bicycle,,,,,,,,,,,,,,,,
10070742,2643467,1,Driver,True,False,,M,AIR BAG NOT DEPLOYED,B,OCCUPANT UNKNOWN,,,,W,,,B,PROCEEDING STRAIGHT,G,IMPAIRMENT_NOT_KNOWN,,,F,FEMALE,,,,H,HISPANIC,,,,,,,,,,,,,,,,,,
10070741,2643466,2,Driver,,False,,L,AIR BAG DEPLOYED,E,OCCUPANT SHOULDER HARNESS USED,,NONE APPARENT,,E,,,E,MAKING LEFT TURN,A,HAD NOT BEEN DRINKING,,,F,FEMALE,,,CA,W,WHITE,,,2006.0,KIA,,,,,,,,,,,,,,
10070740,2643466,1,Driver,True,False,,B,UNKNOWN,,,,NONE APPARENT,,N,,,B,PROCEEDING STRAIGHT,G,IMPAIRMENT_NOT_KNOWN,,,,,,,,,,,,2005.0,NISSAN,,,,,,,,,,,,,,
10070739,2643465,3,Driver,,False,,B,UNKNOWN,G,OCCUPANT LAP SHOULDER HARNESS USED,,NONE APPARENT,,E,,,A,STOPPED,A,HAD NOT BEEN DRINKING,,,F,FEMALE,,,CA,H,HISPANIC,,,2021.0,TOYOTA,,,,,,,,,,,,,,
10070738,2643465,2,Driver,,False,,M,AIR BAG NOT DEPLOYED,G,OCCUPANT LAP SHOULDER HARNESS USED,,NONE APPARENT,,E,,,B,PROCEEDING STRAIGHT,A,HAD NOT BEEN DRINKING,,,M,MALE,,,CA,A,ASIAN,,,2007.0,MERCEDES-BENZ,,,,,,,,,,,,,,
10070737,2643465,1,Driver,True,False,,,,,,,NONE APPARENT,,E,,,B,PROCEEDING STRAIGHT,D,HBD-IMPAIRMENT UNKNOWN,,,,,,,,,,,,,,,,,,,,,,,,,,,
10070736,2643464,2,Driver,,False,,M,AIR BAG NOT DEPLOYED,B,OCCUPANT UNKNOWN,,,,W,,,A,STOPPED,H,NOT APPLICABLE,,,M,MALE,,,,H,HISPANIC,,,2012.0,ACURA,,,,,,,,,,,,,,
10070735,2643464,1,Driver,True,False,,B,UNKNOWN,,,,,,W,,,F,MAKING U TURN,H,NOT APPLICABLE,,,M,MALE,,,CA,H,HISPANIC,,,2007.0,FORD,,,,,,,,,,,,,,
10070734,2643463,2,Driver,,False,,L,AIR BAG DEPLOYED,G,OCCUPANT LAP SHOULDER HARNESS USED,,NONE APPARENT,,N,,,E,MAKING LEFT TURN,H,NOT APPLICABLE,,,M,MALE,,,CA,W,WHITE,,,2020.0,GMC,,,,,,,,,,,,,,
10070733,2643463,1,Driver,True,False,,L,AIR BAG DEPLOYED,G,OCCUPANT LAP SHOULDER HARNESS USED,,NONE APPARENT,,S,,,B,PROCEEDING STRAIGHT,H,NOT APPLICABLE,,,M,MALE,,,CA,W,WHITE,,,2015.0,DODGE,,,,,,,,,,,,,,
10070732,2643462,1,Driver,True,False,,L,AIR BAG DEPLOYED,E,OCCUPANT SHOULDER HARNESS USED,,,,N,,,B,PROCEEDING STRAIGHT,B,HBD-UNDER INFLUENCE,,,F,FEMALE,,,CA,,,,,2021.0,MINI,,,,,,,,,,,,,,
10070731,2643461,2,Driver,,False,,L,AIR BAG DEPLOYED,C,OCCUPANT LAP BELT USED,CELL PHONE NOT IN USE,NONE APPARENT,,N,,,B,PROCEEDING STRAIGHT,A,HAD NOT BEEN DRINKING,,,M,MALE,,,CA,W,WHITE,,,2018.0,VOLKSWAGEN,,,,,,,,,,,,,,
10070730,2643461,1,Driver,True,False,,M,AIR BAG NOT DEPLOYED,C,OCCUPANT LAP BELT USED,CELL PHONE NOT IN USE,NONE APPARENT,,E,,,B,PROCEEDING STRAIGHT,A,HAD NOT BEEN DRINKING,,,M,MALE,,,,H,HISPANIC,,,1996.0,HONDA,,,,,,,,,,,,,,
10070729,2643460,2,Driver,,False,,L,AIR BAG DEPLOYED,G,OCCUPANT LAP SHOULDER HARNESS USED,CELL PHONE NOT IN USE,NONE APPARENT,,E,,,B,PROCEEDING STRAIGHT,H,NOT APPLICABLE,,,M,MALE,,,,W,WHITE,,,2018.0,FORD,,,,,,,,,,,,,,
10070728,2643460,1,Driver,True,False,,L,AIR BAG DEPLOYED,B,OCCUPANT UNKNOWN,CELL PHONE NOT IN USE,VC SECTION VIOLATED - 20001,,W,,,E,MAKING LEFT TURN,G,IMPAIRMENT_NOT_KNOWN,,,M,MALE,,,CA,H,HISPANIC,,,2021.0,TOYOTA,,,,,,,,,,,,,,
10070727,2643459,2,Pedestrian,,False,,,,,,,,,N,,,B,PROCEEDING STRAIGHT,A,HAD NOT BEEN DRINKING,,,F,FEMALE,,,,W,WHITE,60.0,Pedestrian,,,,,,,,,,,,,,,,
10070726,2643459,1,Driver,True,False,,B,UNKNOWN,,,,,,W,,,E,MAKING LEFT TURN,A,HAD NOT BEEN DRINKING,,,,,,,,,,,,,,,,,,,,,,,,,,,
10070725,2643458,2,Driver,,False,,L,AIR BAG DEPLOYED,C,OCCUPANT LAP BELT USED,,NONE APPARENT,,W,,,A,STOPPED,A,HAD NOT BEEN DRINKING,,,F,FEMALE,,,CA,H,HISPANIC,,,2019.0,FORD,,,,,,,,,,,,,,
10070724,2643458,1,Driver,True,False,,B,UNKNOWN,,,,NONE APPARENT,,E,,,G,BACKING,G,IMPAIRMENT_NOT_KNOWN,,,,,,,,,,,,2006.0,MAZDA,,,,,,,,,,,,,,
10070723,2643457,2,Pedestrian,,False,,,,,,,NONE APPARENT,,N,,,B,PROCEEDING STRAIGHT,A,HAD NOT BEEN DRINKING,,,M,MALE,,,,A,ASIAN,60.0,Pedestrian,,,,,,,,,,,,,,,,
10070722,2643457,1,Driver,True,False,,B,UNKNOWN,,,,NONE APPARENT,,E,,,B,PROCEEDING STRAIGHT,G,IMPAIRMENT_NOT_KNOWN,,,,,,,,,,,,,,,,,,,,,,,,,,,
10070721,2643455,2,Driver,,False,,M,AIR BAG NOT DEPLOYED,,,CELL PHONE NOT IN USE,NONE APPARENT,,S,,,A,STOPPED,C,HBD-NOT UNDER INFLUENCE,,,F,FEMALE,,,CA,,,,,2014.0,LEXUS,,,,,,,,,,,,,,
10070720,2643455,1,Driver,True,False,,L,AIR BAG DEPLOYED,G,OCCUPANT LAP SHOULDER HARNESS USED,CELL PHONE NOT IN USE,NONE APPARENT,,S,,,B,PROCEEDING STRAIGHT,C,HBD-NOT UNDER INFLUENCE,,,F,FEMALE,,,CA,,,,,2012.0,MAZDA,,,,,,,,,,,,,,
10070719,2643456,1,Driver,True,False,,L,AIR BAG DEPLOYED,,,CELL PHONE NOT IN USE,NONE APPARENT,,S,,,B,PROCEEDING STRAIGHT,A,HAD NOT BEEN DRINKING,,,M,MALE,,,CA,H,HISPANIC,,,2003.0,INF,,,,,,,,,,,,,,
10070718,2643454,1,Driver,,False,,L,AIR BAG DEPLOYED,,,,NONE APPARENT,,N,,,E,MAKING LEFT TURN,G,IMPAIRMENT_NOT_KNOWN,,,M,MALE,,,CA,W,WHITE,,,2012.0,HONDA,,,,,,,,,,,,,,
10070685,2643438,2,Driver,True,False,,B,UNKNOWN,,,,NONE APPARENT,,N,,,B,PROCEEDING STRAIGHT,G,IMPAIRMENT_NOT_KNOWN,,,,,,,,,,,,,,,,,,,,,,,,,,,
10070684,2643438,1,Driver,,False,,M,AIR BAG NOT DEPLOYED,G,OCCUPANT LAP SHOULDER HARNESS USED,,,,W,,,E,MAKING LEFT TURN,A,HAD NOT BEEN DRINKING,,,F,FEMALE,,,CA,B,BLACK,,,2019.0,FORD,,,,,,,,,,,,,,
10070683,2643437,2,Driver,,False,,L,AIR BAG DEPLOYED,G,OCCUPANT LAP SHOULDER HARNESS USED,CELL PHONE NOT IN USE,NONE APPARENT,,W,,,A,STOPPED,C,HBD-NOT UNDER INFLUENCE,,,F,FEMALE,,,CA,W,WHITE,,,2021.0,BUICK,,,,,,,,,,,,,,
10070682,2643437,1,Driver,True,False,,L,AIR BAG DEPLOYED,B,OCCUPANT UNKNOWN,CELL PHONE NOT IN USE,NONE APPARENT,,E,,,D,MAKING RIGHT TURN,C,HBD-NOT UNDER INFLUENCE,,,,,,,,,,,,2014.0,SUBARU,,,,,,,,,,,,,,
10070681,2643436,2,Pedestrian,,False,,,,,,CELL PHONE NOT IN USE,NONE APPARENT,,S,,,R,OTHER,D,HBD-IMPAIRMENT UNKNOWN,,,M,MALE,,,,H,HISPANIC,60.0,Pedestrian,,,,,,,,,,,,,,,,
10070680,2643436,1,Driver,True,False,,B,UNKNOWN,,,CELL PHONE NOT IN USE,NONE APPARENT,,W,,,B,PROCEEDING STRAIGHT,G,IMPAIRMENT_NOT_KNOWN,,,M,MALE,,,CA,O,OTHER,,,2004.0,MERCEDES-BENZ,,,,,,,,,,,,,,
10070679,2643435,2,Pedestrian,,False,,,,,,,,,,,,R,OTHER,,,,,M,MALE,,,,H,HISPANIC,60.0,Pedestrian,,,,,,,,,,,,,,,,
10070678,2643435,1,Driver,,False,,,,,,,RUNAWAY VEHICLE,,E,,,O,PARKED,,,,,,,,,,,,,,2018.0,ISUZU,,,,,,,,,,,,,,
10070673,2643433,2,Driver,,False,,M,AIR BAG NOT DEPLOYED,V,MOTOR BICYCLE DRIVER NO HELMET,,,,W,,,B,PROCEEDING STRAIGHT,A,HAD NOT BEEN DRINKING,,,M,MALE,,,CA,W,WHITE,,,2006.0,HARLEY-DAVIDSON,,,,,,,,,,,,,,
10070672,2643433,1,Driver,True,False,,M,AIR BAG NOT DEPLOYED,G,OCCUPANT LAP SHOULDER HARNESS USED,,VC SECTION VIOLATED - 21453 C,,E,,,F,MAKING U TURN,A,HAD NOT BEEN DRINKING,,,M,MALE,,,CA,A,ASIAN,,,2013.0,MITSUBISHI,,,,,,,,,,,,,,
10069750,2642972,2,Driver,,True,,M,AIR BAG NOT DEPLOYED,G,OCCUPANT LAP SHOULDER HARNESS USED,CELL PHONE NOT IN USE,NONE APPARENT,,E,,,B,PROCEEDING STRAIGHT,A,HAD NOT BEEN DRINKING,,,M,MALE,,,CA,H,HISPANIC,48.0,PoliceCar,2021.0,GMC,,,,,,,,,,,,,,
10069749,2642972,1,Driver,,False,,L,AIR BAG DEPLOYED,G,OCCUPANT LAP SHOULDER HARNESS USED,CELL PHONE NOT IN USE,NONE APPARENT,,S,,,B,PROCEEDING STRAIGHT,A,HAD NOT BEEN DRINKING,,,F,FEMALE,,,CA,H,HISPANIC,7.0,SportUtilityVehicle,2019.0,TOYOTA,,,,,,,,,,,,,,
10069748,2642971,2,Driver,,False,,M,AIR BAG NOT DEPLOYED,C,OCCUPANT LAP BELT USED,CELL PHONE NOT IN USE,NONE APPARENT,,E,,,J,CHANGING LANES,A,HAD NOT BEEN DRINKING,,,M,MALE,,,CA,H,HISPANIC,7.0,SportUtilityVehicle,2021.0,FORD,,,,,,,,,,,,,,
10069747,2642971,1,Driver,True,True,,M,AIR BAG NOT DEPLOYED,C,OCCUPANT LAP BELT USED,,NONE APPARENT,,E,,,L,ENTERING TRAFFICD,G,IMPAIRMENT_NOT_KNOWN,,,M,MALE,,,CA,W,WHITE,48.0,PoliceCar,,DODGE,,,,,,,,,,,,,,
10068498,2642356,5,Driver,,False,,M,AIR BAG NOT DEPLOYED,G,OCCUPANT LAP SHOULDER HARNESS USED,,,,,,,,,,,,,M,MALE,,,CA,H,HISPANIC,,,2014.0,CHEVROLET,,,,,,,,,,,,,,
10068497,2642356,4,Driver,,False,,M,AIR BAG NOT DEPLOYED,G,OCCUPANT LAP SHOULDER HARNESS USED,,,,N,,,,,,,,,M,MALE,,,CA,H,HISPANIC,,,2020.0,FORD,,,,,,,,,,,,,,
10068496,2642356,3,Driver,,False,,M,AIR BAG NOT DEPLOYED,G,OCCUPANT LAP SHOULDER HARNESS USED,,NONE APPARENT,,N,,,A,STOPPED,A,HAD NOT BEEN DRINKING,,,U,UNKNOWN,,,CA,A,ASIAN,,,2006.0,HONDA,,,,,,,,,,,,,,
10068495,2642356,2,Driver,,False,,M,AIR BAG NOT DEPLOYED,G,OCCUPANT LAP SHOULDER HARNESS USED,,NONE APPARENT,,N,,,A,STOPPED,A,HAD NOT BEEN DRINKING,,,F,FEMALE,,,CA,H,HISPANIC,,,2006.0,VOLKSWAGEN,,,,,,,,,,,,,,
10068494,2642356,1,Driver,True,False,,M,AIR BAG NOT DEPLOYED,G,OCCUPANT LAP SHOULDER HARNESS USED,,NONE APPARENT,,N,,,B,PROCEEDING STRAIGHT,A,HAD NOT BEEN DRINKING,,,F,FEMALE,,,CA,,,,,2010.0,FORD,,,,,,,,,,,,,,
10068049,2642139,2,Driver,,False,,M,AIR BAG NOT DEPLOYED,G,OCCUPANT LAP SHOULDER HARNESS USED,,ENTERING OR LEAVING RAMP,,E,,,A,STOPPED,A,HAD NOT BEEN DRINKING,,,M,MALE,,,CA,H,HISPANIC,,,2017.0,TOYOTA,,,,,,,,,,,,,,
10068048,2642139,1,Driver,True,False,,B,UNKNOWN,,,,ENTERING OR LEAVING RAMP,,E,,,D,MAKING RIGHT TURN,G,IMPAIRMENT_NOT_KNOWN,,,,,,,,,,,,,FORD,,,,,,,,,,,,,,
10068047,2642138,1,Driver,True,False,,B,UNKNOWN,G,OCCUPANT LAP SHOULDER HARNESS USED,,VC SECTION VIOLATED - 22350,,W,,,B,PROCEEDING STRAIGHT,B,HBD-UNDER INFLUENCE,,,M,MALE,,,CA,H,HISPANIC,,,2001.0,FORD,,,,,,,,,,,,,,
10065286,2640828,2,Driver,,False,,M,AIR BAG NOT DEPLOYED,G,OCCUPANT LAP SHOULDER HARNESS USED,CELL PHONE NOT IN USE,NONE APPARENT,,N,,,B,PROCEEDING STRAIGHT,A,HAD NOT BEEN DRINKING,,,F,FEMALE,,,CA,H,HISPANIC,,,2017.0,SUBARU,,,,,,,,,,,,,,
10065285,2640828,1,Driver,True,False,,L,AIR BAG DEPLOYED,G,OCCUPANT LAP SHOULDER HARNESS USED,CELL PHONE NOT IN USE,VC SECTION VIOLATED - 16028 A,,E,,,E,MAKING LEFT TURN,A,HAD NOT BEEN DRINKING,,,M,MALE,,,CA,H,HISPANIC,,,2008.0,BMW,,,,,,,,,,,,,,
10065283,2640827,2,Bicyclist,,False,,,,,,,,,S,,,,,H,NOT APPLICABLE,,,M,MALE,,,,H,HISPANIC,4.0,Bicycle,,,,,,,,,,,,,,,,
10065281,2640827,1,Driver,True,False,,P,NOT REQUIRED,R,CHILD IN VEHICLE NOT USED,,,,S,,,D,MAKING RIGHT TURN,H,NOT APPLICABLE,,,F,FEMALE,,,CA,,,,,1999.0,HONDA,,,,,,,,,,,,,,
10065280,2640825,2,Driver,,False,,L,AIR BAG DEPLOYED,C,OCCUPANT LAP BELT USED,CELL PHONE NOT IN USE,NONE APPARENT,,N,,,B,PROCEEDING STRAIGHT,H,NOT APPLICABLE,,,F,FEMALE,,,CA,W,WHITE,,,2011.0,NISSAN,,,,,,,,,,,,,,
10065279,2640825,1,Driver,True,False,,L,AIR BAG DEPLOYED,C,OCCUPANT LAP BELT USED,CELL PHONE NOT IN USE,NONE APPARENT,,S,,,E,MAKING LEFT TURN,H,NOT APPLICABLE,,,M,MALE,,,,H,HISPANIC,,,2019.0,NISSAN,,,,,,,,,,,,,,
10065278,2640824,3,Driver,,False,,M,AIR BAG NOT DEPLOYED,G,OCCUPANT LAP SHOULDER HARNESS USED,CELL PHONE NOT IN USE,NONE APPARENT,,N,,,E,MAKING LEFT TURN,H,NOT APPLICABLE,,,M,MALE,,,CA,W,WHITE,,,2018.0,NISSAN,,,,,,,,,,,,,,
10065277,2640824,2,Driver,,False,,L,AIR BAG DEPLOYED,G,OCCUPANT LAP SHOULDER HARNESS USED,CELL PHONE NOT IN USE,NONE APPARENT,,N,,,E,MAKING LEFT TURN,H,NOT APPLICABLE,,,F,FEMALE,,,CA,A,ASIAN,,,2022.0,SUBARU,,,,,,,,,,,,,,
10065276,2640824,1,Driver,True,False,,L,AIR BAG DEPLOYED,G,OCCUPANT LAP SHOULDER HARNESS USED,CELL PHONE NOT IN USE,NONE APPARENT,,E,,,B,PROCEEDING STRAIGHT,H,NOT APPLICABLE,,,M,MALE,,,CA,,,,,2012.0,MERD,,,,,,,,,,,,,,
10065275,2640823,2,Driver,,False,,M,AIR BAG NOT DEPLOYED,G,OCCUPANT LAP SHOULDER HARNESS USED,,,,E,,,B,PROCEEDING STRAIGHT,A,HAD NOT BEEN DRINKING,,,F,FEMALE,,,CA,A,ASIAN,,,2021.0,LEXUS,,,,,,,,,,,,,,
10065274,2640823,1,Driver,True,False,,M,AIR BAG NOT DEPLOYED,G,OCCUPANT LAP SHOULDER HARNESS USED,,VC SECTION VIOLATED - 22350,,E,,,D,MAKING RIGHT TURN,A,HAD NOT BEEN DRINKING,,,M,MALE,,,CA,A,ASIAN,,,2017.0,TOYOTA,,,,,,,,,,,,,,
10065263,2640817,2,Driver,,False,,M,AIR BAG NOT DEPLOYED,G,OCCUPANT LAP SHOULDER HARNESS USED,CELL PHONE NOT IN USE,NONE APPARENT,,W,,,B,PROCEEDING STRAIGHT,A,HAD NOT BEEN DRINKING,,,F,FEMALE,,,CA,H,HISPANIC,,,2016.0,TOYOTA,,,,,,,,,,,,,,
10065262,2640817,1,Driver,True,False,,M,AIR BAG NOT DEPLOYED,G,OCCUPANT LAP SHOULDER HARNESS USED,CELL PHONE NOT IN USE,NONE APPARENT,,S,,,B,PROCEEDING STRAIGHT,A,HAD NOT BEEN DRINKING,,,F,FEMALE,,,CA,H,HISPANIC,,,2007.0,TOYOTA,,,,,,,,,,,,,,
10065261,2640818,2,Driver,,False,,L,AIR BAG DEPLOYED,G,OCCUPANT LAP SHOULDER HARNESS USED,CELL PHONE NOT IN USE,STOP & GO TRAFFIC,,E,,,B,PROCEEDING STRAIGHT,C,HBD-NOT UNDER INFLUENCE,,,M,MALE,,,CA,A,ASIAN,,,,TOYOTA,,,,,,,,,,,,,,
10065260,2640818,1,Driver,True,False,,L,AIR BAG DEPLOYED,G,OCCUPANT LAP SHOULDER HARNESS USED,CELL PHONE NOT IN USE,STOP & GO TRAFFIC,,W,,,E,MAKING LEFT TURN,C,HBD-NOT UNDER INFLUENCE,,,F,FEMALE,,,CA,W,WHITE,,,2022.0,TOYOTA,,,,,,,,,,,,,,
10065259,2640816,4,Driver,,False,,B,UNKNOWN,,,,NONE APPARENT,,W,,,H,SLOWING/STOPPING,H,NOT APPLICABLE,,,M,MALE,,,CA,W,WHITE,,,2022.0,HONDA,,,,,,,,,,,,,,
10065258,2640816,3,Driver,,False,,B,UNKNOWN,,,,NONE APPARENT,,W,,,H,SLOWING/STOPPING,H,NOT APPLICABLE,,,M,MALE,,,CA,A,ASIAN,,,2014.0,LEXUS,,,,,,,,,,,,,,
10065257,2640816,2,Driver,,False,,,,,,,NONE APPARENT,,W,,,H,SLOWING/STOPPING,H,NOT APPLICABLE,,,M,MALE,,,CA,H,HISPANIC,,,2006.0,HONDA,,,,,,,,,,,,,,
10065256,2640816,1,Driver,True,False,,P,NOT REQUIRED,B,OCCUPANT UNKNOWN,,NONE APPARENT,,W,,,B,PROCEEDING STRAIGHT,H,NOT APPLICABLE,,,M,MALE,,,CA,H,HISPANIC,,,2019.0,CHEVROLET,,,,,,,,,,,,,,
10065255,2640815,2,Driver,,False,,M,AIR BAG NOT DEPLOYED,G,OCCUPANT LAP SHOULDER HARNESS USED,,NONE APPARENT,,E,,,B,PROCEEDING STRAIGHT,A,HAD NOT BEEN DRINKING,,,M,MALE,,,CA,H,HISPANIC,,,2010.0,FORD,,,,,,,,,,,,,,
10065254,2640815,1,Pedestrian,True,False,,,,V,MOTOR BICYCLE DRIVER NO HELMET,,INATTENTION,OTHER,S,,,B,PROCEEDING STRAIGHT,B,HBD-UNDER INFLUENCE,,,M,MALE,,,,H,HISPANIC,60.0,Pedestrian,,,,,,,,,,,,,,,,
10065253,2640814,2,Driver,,False,,M,AIR BAG NOT DEPLOYED,G,OCCUPANT LAP SHOULDER HARNESS USED,,NONE APPARENT,,N,,,B,PROCEEDING STRAIGHT,B,HBD-UNDER INFLUENCE,,,F,FEMALE,,,CA,H,HISPANIC,,,2007.0,HONDA,,,,,,,,,,,,,,
10065252,2640814,1,Driver,True,False,,M,AIR BAG NOT DEPLOYED,G,OCCUPANT LAP SHOULDER HARNESS USED,,NONE APPARENT,,E,,,B,PROCEEDING STRAIGHT,B,HBD-UNDER INFLUENCE,,,F,FEMALE,,,CA,,,,,1998.0,TOYOTA,,,,,,,,,,,,,,
10065251,2640813,2,Driver,,False,,M,AIR BAG NOT DEPLOYED,G,OCCUPANT LAP SHOULDER HARNESS USED,,,,N,,,B,PROCEEDING STRAIGHT,H,NOT APPLICABLE,,,M,MALE,,,CA,H,HISPANIC,,,2006.0,DODGE,,,,,,,,,,,,,,
10065250,2640813,1,Driver,True,False,,L,AIR BAG DEPLOYED,G,OCCUPANT LAP SHOULDER HARNESS USED,,,,S,,,E,MAKING LEFT TURN,H,NOT APPLICABLE,,,F,FEMALE,,,CA,H,HISPANIC,,,2006.0,NISSAN,,,,,,,,,,,,,,
10065249,2640812,2,ParkedVehicle,,False,,,,,,,,,N,,,O,PARKED,,,,,,,,,,,,,,,,,,,,,,,,,,,,,
10065248,2640812,1,Driver,True,False,,L,AIR BAG DEPLOYED,G,OCCUPANT LAP SHOULDER HARNESS USED,,,,N,,,B,PROCEEDING STRAIGHT,G,IMPAIRMENT_NOT_KNOWN,,,M,MALE,,,CA,W,WHITE,,,2019.0,SUBARU,,,,,,,,,,,,,,
10065247,2640811,2,Driver,,False,,L,AIR BAG DEPLOYED,G,OCCUPANT LAP SHOULDER HARNESS USED,CELL PHONE NOT IN USE,NONE APPARENT,,S,,,B,PROCEEDING STRAIGHT,H,NOT APPLICABLE,,,F,FEMALE,,,CA,,,,,2017.0,KIA,,,,,,,,,,,,,,
10065246,2640811,1,Driver,True,False,,L,AIR BAG DEPLOYED,G,OCCUPANT LAP SHOULDER HARNESS USED,CELL PHONE NOT IN USE,NONE APPARENT,,E,,,B,PROCEEDING STRAIGHT,H,NOT APPLICABLE,,,M,MALE,,,CA,H,HISPANIC,,,2015.0,FORD,,,,,,,,,,,,,,
10065245,2640810,2,ParkedVehicle,,False,,,,,,,VC SECTION VIOLATED - 21651,,,,,O,PARKED,,,,,,,,,,,,,,2019.0,DODGE,,,,,,,,,,,,,,
10065244,2640810,1,Driver,True,False,,L,AIR BAG DEPLOYED,C,OCCUPANT LAP BELT USED,,,,S,,,N,XING INTO OPPOSING LANE,A,HAD NOT BEEN DRINKING,,,F,FEMALE,,,CA,H,HISPANIC,,,2009.0,NISSAN,,,,,,,,,,,,,,
10065243,2640809,2,Driver,,False,,,,,,,NONE APPARENT,,E,,,B,PROCEEDING STRAIGHT,G,IMPAIRMENT_NOT_KNOWN,,,M,MALE,,,CA,W,WHITE,,,2022.0,DODGE,,,,,,,,,,,,,,
10065242,2640809,1,Other,True,False,,,,,,,NONE APPARENT,,N,,,B,PROCEEDING STRAIGHT,G,IMPAIRMENT_NOT_KNOWN,,,,,,,,,,,,,,,,,,,,,,,,,,,
10065241,2640808,2,Driver,,False,,,,,,,,,E,,,B,PROCEEDING STRAIGHT,A,HAD NOT BEEN DRINKING,,,M,MALE,,,,H,HISPANIC,,,2008.0,INFINITI,,,,,,,,,,,,,,
10065240,2640808,1,Driver,True,False,,L,AIR BAG DEPLOYED,G,OCCUPANT LAP SHOULDER HARNESS USED,,INATTENTION,OTHER,N,,,B,PROCEEDING STRAIGHT,A,HAD NOT BEEN DRINKING,,,F,FEMALE,,,CA,H,HISPANIC,,,2013.0,HYUNDAI,,,,,,,,,,,,,,
10065239,2640807,2,Driver,,False,,P,NOT REQUIRED,A,OCCUPANT NONE IN VEHICLE,CELL PHONE NOT IN USE,NONE APPARENT,,S,,,B,PROCEEDING STRAIGHT,A,HAD NOT BEEN DRINKING,,,M,MALE,,,CA,W,WHITE,,,1994.0,HONDA,,,,,,,,,,,,,,
10065238,2640807,1,Driver,True,False,,M,AIR BAG NOT DEPLOYED,G,OCCUPANT LAP SHOULDER HARNESS USED,CELL PHONE NOT IN USE,NONE APPARENT,,N,,,E,MAKING LEFT TURN,A,HAD NOT BEEN DRINKING,,,F,FEMALE,,,CA,H,HISPANIC,,,2007.0,KIA,,,,,,,,,,,,,,
10065237,2640806,4,Driver,,False,,M,AIR BAG NOT DEPLOYED,G,OCCUPANT LAP SHOULDER HARNESS USED,,NONE APPARENT,,W,,,B,PROCEEDING STRAIGHT,G,IMPAIRMENT_NOT_KNOWN,,,F,FEMALE,,,CA,A,ASIAN,,,2004.0,LEXUS,,,,,,,,,,,,,,
10065236,2640806,3,Driver,,False,,M,AIR BAG NOT DEPLOYED,G,OCCUPANT LAP SHOULDER HARNESS USED,,NONE APPARENT,,W,,,D,MAKING RIGHT TURN,G,IMPAIRMENT_NOT_KNOWN,,,M,MALE,,,CA,H,HISPANIC,,,2000.0,MERCEDES-BENZ,,,,,,,,,,,,,,
10065235,2640806,2,Driver,,False,,M,AIR BAG NOT DEPLOYED,G,OCCUPANT LAP SHOULDER HARNESS USED,,NONE APPARENT,,E,,,B,PROCEEDING STRAIGHT,G,IMPAIRMENT_NOT_KNOWN,,,F,FEMALE,,,CA,H,HISPANIC,,,2013.0,CHEVROLET,,,,,,,,,,,,,,
10065234,2640806,1,Driver,True,False,,L,AIR BAG DEPLOYED,G,OCCUPANT LAP SHOULDER HARNESS USED,,NONE APPARENT,,N,,,B,PROCEEDING STRAIGHT,G,IMPAIRMENT_NOT_KNOWN,,,M,MALE,,,CA,H,HISPANIC,,,2013.0,HONDA,,,,,,,,,,,,,,
10065233,2640805,2,Driver,,False,,M,AIR BAG NOT DEPLOYED,B,OCCUPANT UNKNOWN,,,,N,,,E,MAKING LEFT TURN,A,HAD NOT BEEN DRINKING,,,M,MALE,,,CA,H,HISPANIC,,,2019.0,FORD,,,,,,,,,,,,,,
10065232,2640805,1,Driver,,False,,L,AIR BAG DEPLOYED,B,OCCUPANT UNKNOWN,,INATTENTION,OTHER,E,,,B,PROCEEDING STRAIGHT,A,HAD NOT BEEN DRINKING,,,F,FEMALE,,,CA,A,ASIAN,,,1996.0,TOYOTA,,,,,,,,,,,,,,
10065231,2640804,2,Driver,,False,,L,AIR BAG DEPLOYED,G,OCCUPANT LAP SHOULDER HARNESS USED,CELL PHONE NOT IN USE,NONE APPARENT,,S,,,B,PROCEEDING STRAIGHT,A,HAD NOT BEEN DRINKING,,,M,MALE,,,CA,,,,,2007.0,CHEVROLET,,,,,,,,,,,,,,
10065230,2640804,1,Driver,True,False,,L,AIR BAG DEPLOYED,G,OCCUPANT LAP SHOULDER HARNESS USED,CELL PHONE NOT IN USE,NONE APPARENT,,N,,,E,MAKING LEFT TURN,A,HAD NOT BEEN DRINKING,,,F,FEMALE,,,CA,H,HISPANIC,,,1999.0,HONDA,,,,,,,,,,,,,,