PartyId,CollisionId,PartyNumber,PartyType,IsAtFault,IsOnDutyEmergencyVehicle,IsHitAndRun,AirbagCode,AirbagDescription,SafetyEquipmentCode,SafetyEquipmentDescription,Special Information,Other Associate Factor,Inattention,DirectionOfTravel,StreetOrHighwayName,SpeedLimit,MovementPrecCollCode,MovementPrecCollDescription,SobrietyDrugPhysicalCode1,SobrietyDrugPhysicalDescription1,SobrietyDrugPhysicalCode2,SobrietyDrugPhysicalDescription2,GenderCode,GenderDescription,StatedAge,DriverLicenseClass,DriverLicenseStateCode,RaceCode,RaceDesc,Vehicle1TypeId, Vehicle1TypeDesc, Vehicle1Year,Vehicle1Make,Vehicle1Model,Vehicle1Color,V1IsVehicleTowed,Vehicle2TypeId, Vehicle2TypeDesc, Vehicle2Year,Vehicle2Make,Vehicle2Model,Vehicle2Color,V2IsVehicleTowed,Lane,ThruLanes,TotalLanes,IsDREConducted
10081714,2648854,2,Driver,,False,,M,AIR BAG NOT DEPLOYED,C,OCCUPANT LAP BELT USED,,NONE APPARENT,,N,,,A,STOPPED,A,HAD NOT BEEN DRINKING,,,M,MALE,,,CA,B,BLACK,,,2016.0,GILLIG (BUS),,,,,,,,,,,,,,
10081713,2648854,1,Driver,True,False,,,,,,,NONE APPARENT,,N,,,B,PROCEEDING STRAIGHT,G,IMPAIRMENT_NOT_KNOWN,,,,,,,,,,,,1987.0,HOND,,,,,,,,,,,,,,
10080842,2648423,2,Driver,,False,,M,AIR BAG NOT DEPLOYED,G,OCCUPANT LAP SHOULDER HARNESS USED,,STOP & GO TRAFFIC,,S,,,A,STOPPED,H,NOT APPLICABLE,,,F,FEMALE,,,CA,,,1.0,PassengerCarStationWagonJeep,2008.0,MERCEDES-BENZ,,,,,,,,,,,,,,
10080841,2648423,1,Driver,True,False,,,,,,,INATTENTION / STOP & GO TRAFFIC,,S,,,B,PROCEEDING STRAIGHT,H,NOT APPLICABLE,,,,,,,,,,7.0,SportUtilityVehicle,2006.0,GMC,,,,,,,,,,,,,,
10080837,2648420,2,Driver,True,False,,M,AIR BAG NOT DEPLOYED,W,MOTOR BICYCLE DRIVER WITH HELMET,CELL PHONE NOT IN USE,NONE APPARENT,,E,,,A,STOPPED,A,HAD NOT BEEN DRINKING,,,F,FEMALE,,C,CA,W,WHITE,,,2003.0,TOYOTA,,,,,,,,,,,,,,
10080836,2648420,1,Driver,,False,,M,AIR BAG NOT DEPLOYED,W,MOTOR BICYCLE DRIVER WITH HELMET,CELL PHONE NOT IN USE,VC SECTION VIOLATED - 22350,,E,,,B,PROCEEDING STRAIGHT,A,HAD NOT BEEN DRINKING,,,M,MALE,,C,CA,H,HISPANIC,,,2010.0,ISUZU,,,,,,,,,,,,,,
10080254,2648128,2,Bicyclist,,False,,,,,,CELL PHONE NOT IN USE,,,W,,,B,PROCEEDING STRAIGHT,A,HAD NOT BEEN DRINKING,,,M,MALE,,,,H,HISPANIC,4.0,Bicycle,,,,,,,,,,,,,,,,
10080253,2648128,1,Driver,True,False,,,,,,,,,N,,,L,ENTERING TRAFFICD,D,HBD-IMPAIRMENT UNKNOWN,,,,,,,,,,,,2006.0,BMW,,,,,,,,,,,,,,
10080220,2648110,2,Driver,,False,,M,AIR BAG NOT DEPLOYED,G,OCCUPANT LAP SHOULDER HARNESS USED,CELL PHONE NOT IN USE,,,W,,,A,STOPPED,A,HAD NOT BEEN DRINKING,,,F,FEMALE,,,CA,H,HISPANIC,8.0,MiniVan,2016.0,GMC,,,,,,,,,,,,,,
10080219,2648110,1,Driver,True,False,,M,AIR BAG NOT DEPLOYED,G,OCCUPANT LAP SHOULDER HARNESS USED,CELL PHONE NOT IN USE,,,W,,,B,PROCEEDING STRAIGHT,A,HAD NOT BEEN DRINKING,,,F,FEMALE,,,CA,,,1.0,PassengerCarStationWagonJeep,2022.0,HONDA,,,,,,,,,,,,,,
10078262,2647143,2,Driver,,False,,,,,,,NONE APPARENT,,,,,A,STOPPED,,,,,M,MALE,,C,CA,,,,,2018.0,DODGE,,,,,,,,,,,,,,
10078261,2647143,1,Driver,True,False,,,,,,,,,E,,,,,A,HAD NOT BEEN DRINKING,,,M,MALE,,C,CA,,,1.0,PassengerCarStationWagonJeep,2018.0,HYUNDAI,,,,,,,,,,,,,,
10076762,2646401,2,Driver,,False,,M,AIR BAG NOT DEPLOYED,G,OCCUPANT LAP SHOULDER HARNESS USED,,STOP & GO TRAFFIC,,E,,,A,STOPPED,A,HAD NOT BEEN DRINKING,,,F,FEMALE,,,CA,B,BLACK,7.0,SportUtilityVehicle,2018.0,VOLKSWAGEN,,,,,,,,,,,,,,
10076761,2646401,1,Driver,True,False,,M,AIR BAG NOT DEPLOYED,G,OCCUPANT LAP SHOULDER HARNESS USED,,STOP & GO TRAFFIC,,E,,,B,PROCEEDING STRAIGHT,G,IMPAIRMENT_NOT_KNOWN,,,F,FEMALE,,,CA,A,ASIAN,1.0,PassengerCarStationWagonJeep,2011.0,HONDA,,,,,,,,,,,,,,
10076719,2646376,2,Driver,,False,,L,AIR BAG DEPLOYED,G,OCCUPANT LAP SHOULDER HARNESS USED,,,,S,,,B,PROCEEDING STRAIGHT,A,HAD NOT BEEN DRINKING,,,M,MALE,,,CA,A,ASIAN,1.0,PassengerCarStationWagonJeep,2005.0,ACURA,,,,,,,,,,,,,,
10076718,2646376,1,Driver,True,False,,L,AIR BAG DEPLOYED,G,OCCUPANT LAP SHOULDER HARNESS USED,,VC SECTION VIOLATED - 21453 A,,E,,,B,PROCEEDING STRAIGHT,B,HBD-UNDER INFLUENCE,,,M,MALE,,,CA,H,HISPANIC,1.0,PassengerCarStationWagonJeep,2010.0,VOLKSWAGEN,,,,,,,,,,,,,,
10091704,2653816,2,Bicyclist,,False,,,,,,,,,E,,,B,PROCEEDING STRAIGHT,,,,,M,MALE,,,,W,WHITE,4.0,Bicycle,,,,,,,,,,,,,,,,
10091703,2653816,1,Driver,True,False,,M,AIR BAG NOT DEPLOYED,W,MOTOR BICYCLE DRIVER WITH HELMET,,,,E,,,D,MAKING RIGHT TURN,,,,,M,MALE,,,CA,W,WHITE,7.0,SportUtilityVehicle,2007.0,VOLKSWAGEN,,,,,,,,,,,,,,
10091698,2653813,2,Driver,,False,,M,AIR BAG NOT DEPLOYED,G,OCCUPANT LAP SHOULDER HARNESS USED,,NONE APPARENT,,N,,,B,PROCEEDING STRAIGHT,A,HAD NOT BEEN DRINKING,,,F,FEMALE,,,CA,W,WHITE,1.0,PassengerCarStationWagonJeep,2016.0,HONDA,,,,,,,,,,,,,,
10091697,2653813,1,Bicyclist,True,False,,,,,,,INATTENTION,OTHER,E,,,B,PROCEEDING STRAIGHT,A,HAD NOT BEEN DRINKING,,,M,MALE,,,,W,WHITE,4.0,Bicycle,,,,,,,,,,,,,,,,
10087677,2651810,2,Pedestrian,,False,,,,,,,NONE APPARENT,,,,,,,A,HAD NOT BEEN DRINKING,,,F,FEMALE,,,,W,WHITE,60.0,Pedestrian,,,,,,,,,,,,,,,,
10087676,2651810,1,Driver,True,False,,M,AIR BAG NOT DEPLOYED,G,OCCUPANT LAP SHOULDER HARNESS USED,CELL PHONE NOT IN USE,VC SECTION VIOLATED - 12500 A / NONE APPARENT,,N,,,B,PROCEEDING STRAIGHT,A,HAD NOT BEEN DRINKING,,,M,MALE,,,,H,HISPANIC,,,2016.0,FORD,,,,,,,,,,,,,,
10087673,2651808,2,Driver,,False,,L,AIR BAG DEPLOYED,G,OCCUPANT LAP SHOULDER HARNESS USED,,NONE APPARENT,,E,,,E,MAKING LEFT TURN,A,HAD NOT BEEN DRINKING,,,F,FEMALE,,,,A,ASIAN,,,2017.0,KIA,,,,,,,,,,,,,,
10087672,2651808,1,Driver,,False,,L,AIR BAG DEPLOYED,B,OCCUPANT UNKNOWN,,NONE APPARENT,,N,,,B,PROCEEDING STRAIGHT,A,HAD NOT BEEN DRINKING,,,F,FEMALE,,,,H,HISPANIC,,,2015.0,TOYOTA,,,,,,,,,,,,,,
10087671,2651807,3,ParkedVehicle,,False,,,,,,,NONE APPARENT,,,,,O,PARKED,H,NOT APPLICABLE,,,,,,,,,,22.0,PickupsAndPanels,2005.0,CHEVROLET,,,,,,,,,,,,,,
10087670,2651807,2,ParkedVehicle,,False,,,,,,,NONE APPARENT,,,,,O,PARKED,H,NOT APPLICABLE,,,,,,,,,,,,1990.0,CADILLAC,,,,,,,,,,,,,,
10087669,2651807,1,Driver,True,False,,M,AIR BAG NOT DEPLOYED,C,OCCUPANT LAP BELT USED,,OTHER,,S,,,C,RAN OFF ROAD,A,HAD NOT BEEN DRINKING,,,F,FEMALE,,,CA,H,HISPANIC,1.0,PassengerCarStationWagonJeep,2019.0,NISSAN,,,,,,,,,,,,,,
10087668,2651806,2,Driver,,False,,M,AIR BAG NOT DEPLOYED,G,OCCUPANT LAP SHOULDER HARNESS USED,CELL PHONE NOT IN USE,NONE APPARENT,,W,,,A,STOPPED,A,HAD NOT BEEN DRINKING,,,F,FEMALE,,,CA,O,OTHER,,,2016.0,MERCEDES-BENZ,,,,,,,,,,,,,,
10087667,2651806,1,Driver,True,False,,M,AIR BAG NOT DEPLOYED,G,OCCUPANT LAP SHOULDER HARNESS USED,CELL PHONE NOT IN USE,NONE APPARENT,,W,,,B,PROCEEDING STRAIGHT,A,HAD NOT BEEN DRINKING,,,M,MALE,,,CA,W,WHITE,1.0,PassengerCarStationWagonJeep,2012.0,FORD,,,,,,,,,,,,,,
10087666,2651805,2,Driver,,False,,L,AIR BAG DEPLOYED,B,OCCUPANT UNKNOWN,,INATTENTION,OTHER,S,,,D,MAKING RIGHT TURN,G,IMPAIRMENT_NOT_KNOWN,,,M,MALE,,,CA,A,ASIAN,1.0,PassengerCarStationWagonJeep,2005.0,TOYOTA,,,,,,,,,,,,,,
10087665,2651805,1,Bicyclist,True,False,,,,,,,,,N,,,B,PROCEEDING STRAIGHT,A,HAD NOT BEEN DRINKING,,,M,MALE,,,,W,WHITE,4.0,Bicycle,,,,,,,,,,,,,,,,
10087664,2651804,2,Driver,,False,,M,AIR BAG NOT DEPLOYED,G,OCCUPANT LAP SHOULDER HARNESS USED,,,,E,,,A,STOPPED,A,HAD NOT BEEN DRINKING,,,F,FEMALE,,,,H,HISPANIC,,,2009.0,NISSAN,,,,,,,,,,,,,,
10087663,2651804,1,Driver,True,False,,M,AIR BAG NOT DEPLOYED,G,OCCUPANT LAP SHOULDER HARNESS USED,,INATTENTION,OTHER,E,,,B,PROCEEDING STRAIGHT,A,HAD NOT BEEN DRINKING,I,SLEEPY/FATIGUED,M,MALE,,,,H,HISPANIC,,,2005.0,LEXUS,,,,,,,,,,,,,,
10087662,2651803,4,ParkedVehicle,,False,,,,,,,INATTENTION,CELL PHONE HANDHELD,,,,O,PARKED,H,NOT APPLICABLE,,,,,,,,,,1.0,PassengerCarStationWagonJeep,2005.0,TOYOTA,,,,,,,,,,,,,,
10087661,2651803,3,ParkedVehicle,,False,,,,,,,,,,,,O,PARKED,H,NOT APPLICABLE,,,,,,,,,,1.0,PassengerCarStationWagonJeep,2020.0,HONDA,,,,,,,,,,,,,,
10087660,2651803,2,ParkedVehicle,,False,,,,,,,,,,,,O,PARKED,H,NOT APPLICABLE,,,,,,,,,,1.0,PassengerCarStationWagonJeep,2017.0,FORD,,,,,,,,,,,,,,
10087659,2651803,1,Driver,True,False,,L,AIR BAG DEPLOYED,G,OCCUPANT LAP SHOULDER HARNESS USED,CELL PHONE HANDHELD IN USE,INATTENTION,CELL PHONE HANDHELD,W,,,B,PROCEEDING STRAIGHT,A,HAD NOT BEEN DRINKING,,,M,MALE,,,,W,WHITE,1.0,PassengerCarStationWagonJeep,2013.0,HONDA,,,,,,,,,,,,,,
10087658,2651802,1,Driver,True,False,,L,AIR BAG DEPLOYED,G,OCCUPANT LAP SHOULDER HARNESS USED,CELL PHONE NOT IN USE,NONE APPARENT,,S,,,B,PROCEEDING STRAIGHT,A,HAD NOT BEEN DRINKING,,,F,FEMALE,,,CA,A,ASIAN,,,2014.0,NISSAN,,,,,,,,,,,,,,
10087657,2651801,2,Driver,,False,,L,AIR BAG DEPLOYED,G,OCCUPANT LAP SHOULDER HARNESS USED,CELL PHONE NOT IN USE,NONE APPARENT,,E,,,B,PROCEEDING STRAIGHT,H,NOT APPLICABLE,,,M,MALE,,,CA,H,HISPANIC,1.0,PassengerCarStationWagonJeep,2019.0,FORD,,,,,,,,,,,,,,
10087656,2651801,1,Driver,,False,,L,AIR BAG DEPLOYED,G,OCCUPANT LAP SHOULDER HARNESS USED,CELL PHONE NOT IN USE,NONE APPARENT,,N,,,B,PROCEEDING STRAIGHT,H,NOT APPLICABLE,,,M,MALE,,,CA,H,HISPANIC,1.0,PassengerCarStationWagonJeep,2020.0,FORD,,,,,,,,,,,,,,
10087655,2651800,2,Driver,,False,,L,AIR BAG DEPLOYED,G,OCCUPANT LAP SHOULDER HARNESS USED,,OTHER,,S,,,E,MAKING LEFT TURN,A,HAD NOT BEEN DRINKING,,,M,MALE,,,CA,B,BLACK,,,2010.0,NISSAN,,,,,,,,,,,,,,
10087654,2651800,1,Driver,,False,,L,AIR BAG DEPLOYED,G,OCCUPANT LAP SHOULDER HARNESS USED,,OTHER,,N,,,B,PROCEEDING STRAIGHT,A,HAD NOT BEEN DRINKING,,,M,MALE,,,CA,H,HISPANIC,,,2016.0,MAZDA,,,,,,,,,,,,,,
10087461,2651704,3,ParkedVehicle,,False,,,,,,,NONE APPARENT,,N,,,O,PARKED,H,NOT APPLICABLE,,,,,,,,,,,,2013.0,TOYOTA,,,,,,,,,,,,,,
10087460,2651704,2,Driver,,False,,M,AIR BAG NOT DEPLOYED,G,OCCUPANT LAP SHOULDER HARNESS USED,,NONE APPARENT,,N,,,B,PROCEEDING STRAIGHT,A,HAD NOT BEEN DRINKING,,,F,FEMALE,,,CA,,,7.0,SportUtilityVehicle,2020.0,SUBARU,,,,,,,,,,,,,,
10087459,2651704,1,Driver,True,False,,P,NOT REQUIRED,A,OCCUPANT NONE IN VEHICLE,,NONE APPARENT,,W,,,B,PROCEEDING STRAIGHT,G,IMPAIRMENT_NOT_KNOWN,,,M,MALE,,,,,,2.0,Motorcycle,,,,,,,,,,,,,,,,
10087456,2651702,2,Driver,,False,,M,AIR BAG NOT DEPLOYED,G,OCCUPANT LAP SHOULDER HARNESS USED,CELL PHONE NOT IN USE,NONE APPARENT,,E,,,A,STOPPED,A,HAD NOT BEEN DRINKING,,,F,FEMALE,,C,CA,H,HISPANIC,1.0,PassengerCarStationWagonJeep,2014.0,NISSAN,,,,,,,,,,,,,,
10087455,2651702,1,Driver,True,False,,B,UNKNOWN,C,OCCUPANT LAP BELT USED,CELL PHONE NOT IN USE,NONE APPARENT,,E,,,B,PROCEEDING STRAIGHT,G,IMPAIRMENT_NOT_KNOWN,,,M,MALE,,U,CA,W,WHITE,1.0,PassengerCarStationWagonJeep,1996.0,ACURA,,,,,,,,,,,,,,
10087454,2651701,3,Pedestrian,,False,,,,,,,,,,,,,,,,,,M,MALE,,,,H,HISPANIC,60.0,Pedestrian,,,,,,,,,,,,,,,,
10087453,2651701,2,Pedestrian,,False,,,,,,,,,,,,,,,,,,M,MALE,,,,H,HISPANIC,60.0,Pedestrian,,,,,,,,,,,,,,,,
10087452,2651701,1,Driver,,False,,B,UNKNOWN,,,CELL PHONE NOT IN USE,NONE APPARENT,,N,,,B,PROCEEDING STRAIGHT,H,NOT APPLICABLE,,,,,,,,,,,,2005.0,CHRYSLER,,,,,,,,,,,,,,
10087451,2651700,2,Pedestrian,,False,,,,,,,NONE APPARENT,,S,,,B,PROCEEDING STRAIGHT,B,HBD-UNDER INFLUENCE,,,M,MALE,,,,H,HISPANIC,60.0,Pedestrian,,,,,,,,,,,,,,,,
10087450,2651700,1,Driver,True,False,,P,NOT REQUIRED,B,OCCUPANT UNKNOWN,,NONE APPARENT,,E,,,E,MAKING LEFT TURN,G,IMPAIRMENT_NOT_KNOWN,,,,,,,,,,,,,TOYOTA,,,,,,,,,,,,,,
10087449,2651699,2,Bicyclist,,False,,,,,,CELL PHONE NOT IN USE,NONE APPARENT,,E,,,B,PROCEEDING STRAIGHT,A,HAD NOT BEEN DRINKING,,,M,MALE,,,,W,WHITE,4.0,Bicycle,,,,,,,,,,,,,,,,
10087448,2651699,1,Driver,True,False,,M,AIR BAG NOT DEPLOYED,G,OCCUPANT LAP SHOULDER HARNESS USED,CELL PHONE NOT IN USE,NONE APPARENT,,E,,,D,MAKING RIGHT TURN,A,HAD NOT BEEN DRINKING,,,F,FEMALE,,,CA,H,HISPANIC,1.0,PassengerCarStationWagonJeep,2019.0,TOYOTA,,,,,,,,,,,,,,
10087437,2651694,2,Driver,,False,,,,,,,,,S,,,,,,,,,F,FEMALE,,C,CA,,,,,2015.0,HONDA,,,,,,,,,,,,,,
10087436,2651694,1,Driver,True,False,,,,,,,,,S,,,,,,,,,,,,,,,,,,,BMW,,,,,,,,,,,,,,
10087433,2651692,2,Driver,,False,,M,AIR BAG NOT DEPLOYED,B,OCCUPANT UNKNOWN,,NONE APPARENT,,,,,O,PARKED,A,HAD NOT BEEN DRINKING,,,M,MALE,,,,H,HISPANIC,,,2016.0,TOYOTA,,,,,,,,,,,,,,
10087432,2651692,1,Driver,True,False,,M,AIR BAG NOT DEPLOYED,B,OCCUPANT UNKNOWN,,NONE APPARENT,,W,,,D,MAKING RIGHT TURN,B,HBD-UNDER INFLUENCE,,,F,FEMALE,,,CA,O,OTHER,,,2000.0,MERCEDES-BENZ,,,,,,,,,,,,,,
10087431,2651691,2,Bicyclist,,False,,,,,,CELL PHONE NOT IN USE,NONE APPARENT,,N,,,B,PROCEEDING STRAIGHT,A,HAD NOT BEEN DRINKING,,,M,MALE,,,,H,HISPANIC,4.0,Bicycle,,,,,,,,,,,,,,,,
10087430,2651691,1,Driver,True,False,,B,UNKNOWN,,,CELL PHONE NOT IN USE,NONE APPARENT,,N,,,B,PROCEEDING STRAIGHT,G,IMPAIRMENT_NOT_KNOWN,,,M,MALE,,,,W,WHITE,,,,,,,,,,,,,,,,,,
10087429,2651690,2,Driver,,False,,L,AIR BAG DEPLOYED,Q,CHILD IN VEHICLE USED,,,,S,,,B,PROCEEDING STRAIGHT,A,HAD NOT BEEN DRINKING,,,F,FEMALE,,C,CA,A,ASIAN,,,2008.0,HONDA,,,,,,,,,,,,,,
10087428,2651690,1,Driver,True,False,,L,AIR BAG DEPLOYED,Q,CHILD IN VEHICLE USED,,INATTENTION,OTHER,W,,,B,PROCEEDING STRAIGHT,A,HAD NOT BEEN DRINKING,,,M,MALE,,U,CA,H,HISPANIC,,,2013.0,TOYOTA,,,,,,,,,,,,,,
10087427,2651689,3,ParkedVehicle,,False,,,,,,,,,,,,O,PARKED,H,NOT APPLICABLE,,,,,,,,,,,,2018.0,HONDA,,,,,,,,,,,,,,
10087426,2651689,2,ParkedVehicle,,False,,,,,,,,,,,,O,PARKED,H,NOT APPLICABLE,,,,,,,,,,,,2004.0,HONDA,,,,,,,,,,,,,,
10087425,2651689,1,Driver,True,False,,L,AIR BAG DEPLOYED,G,OCCUPANT LAP SHOULDER HARNESS USED,,VC SECTION VIOLATED - 21658,,S,,,B,PROCEEDING STRAIGHT,B,HBD-UNDER INFLUENCE,,,F,FEMALE,,,CA,H,HISPANIC,,,2016.0,DODGE,,,,,,,,,,,,,,
10087424,2651688,1,Driver,True,False,,M,AIR BAG NOT DEPLOYED,C,OCCUPANT LAP BELT USED,,,,N,,,C,RAN OFF ROAD,C,HBD-NOT UNDER INFLUENCE,,,F,FEMALE,,,,W,WHITE,,,2001.0,LEXUS,,,,,,,,,,,,,,
10087423,2651687,2,Bicyclist,,False,,,,,,,,,N,,,,,,,,,M,MALE,,,,H,HISPANIC,4.0,Bicycle,,,,,,,,,,,,,,,,
10087422,2651687,1,Driver,True,False,,M,AIR BAG NOT DEPLOYED,G,OCCUPANT LAP SHOULDER HARNESS USED,,,,E,,,,,,,,,M,MALE,,,CA,H,HISPANIC,,,2018.0,BMW,,,,,,,,,,,,,,
10087421,2651686,1,Driver,True,False,,L,AIR BAG DEPLOYED,G,OCCUPANT LAP SHOULDER HARNESS USED,,,,N,,,B,PROCEEDING STRAIGHT,B,HBD-UNDER INFLUENCE,,,M,MALE,,,CA,A,ASIAN,,,2022.0,TOYOTA,,,,,,,,,,,,,,
10087418,2651684,2,Pedestrian,,False,,,,,,,,,N,,,,,,,,,M,MALE,,,,H,HISPANIC,60.0,Pedestrian,,,,,,,,,,,,,,,,
10087417,2651684,1,Driver,True,False,,B,UNKNOWN,,,CELL PHONE NOT IN USE,NONE APPARENT,,W,,,B,PROCEEDING STRAIGHT,G,IMPAIRMENT_NOT_KNOWN,,,,,,,,,,,,,,,,,,,,,,,,,,,
10086905,2651422,1,Driver,True,False,,L,AIR BAG DEPLOYED,G,OCCUPANT LAP SHOULDER HARNESS USED,CELL PHONE NOT IN USE,NONE APPARENT,,E,,,B,PROCEEDING STRAIGHT,H,NOT APPLICABLE,,,M,MALE,,,CA,W,WHITE,,,2000.0,HONDA,,,,,,,,,,,,,,
10086881,2651409,2,Driver,,False,,L,AIR BAG DEPLOYED,G,OCCUPANT LAP SHOULDER HARNESS USED,,,,N,,,B,PROCEEDING STRAIGHT,A,HAD NOT BEEN DRINKING,,,F,FEMALE,,C,CA,H,HISPANIC,,,2013.0,TOYOTA,,,,,,,,,,,,,,
10086880,2651409,1,Driver,True,False,,L,AIR BAG DEPLOYED,E,OCCUPANT SHOULDER HARNESS USED,,INATTENTION,OTHER,W,,,B,PROCEEDING STRAIGHT,A,HAD NOT BEEN DRINKING,,,M,MALE,,C,CA,A,ASIAN,,,2004.0,ACURA,,,,,,,,,,,,,,
10086822,2651381,2,Driver,,False,,L,AIR BAG DEPLOYED,G,OCCUPANT LAP SHOULDER HARNESS USED,,NONE APPARENT,,N,,,B,PROCEEDING STRAIGHT,H,NOT APPLICABLE,,,M,MALE,,,CA,H,HISPANIC,,,2016.0,TOYOTA,,,,,,,,,,,,,,
10086821,2651381,1,Driver,True,False,,M,AIR BAG NOT DEPLOYED,G,OCCUPANT LAP SHOULDER HARNESS USED,,VC SECTION VIOLATED / NONE APPARENT,,S,,,E,MAKING LEFT TURN,H,NOT APPLICABLE,,,M,MALE,,,CA,A,ASIAN,,,1997.0,HONDA,,,,,,,,,,,,,,
10086791,2651364,2,Driver,,False,,M,AIR BAG NOT DEPLOYED,G,OCCUPANT LAP SHOULDER HARNESS USED,,NONE APPARENT,,W,,,B,PROCEEDING STRAIGHT,A,HAD NOT BEEN DRINKING,,,F,FEMALE,,,CA,H,HISPANIC,,,2017.0,TOYOTA,,,,,,,,,,,,,,
10086790,2651364,1,Driver,True,False,,L,AIR BAG DEPLOYED,G,OCCUPANT LAP SHOULDER HARNESS USED,,NONE APPARENT,,N,,,B,PROCEEDING STRAIGHT,A,HAD NOT BEEN DRINKING,,,M,MALE,,,CA,O,OTHER,,,2018.0,BMW,,,,,,,,,,,,,,
10086787,2651362,3,ParkedVehicle,,False,,,,,,,,,S,,,,,,,,,,,,,,,,,,2018.0,MAZDA,,,,,,,,,,,,,,
10086786,2651362,2,ParkedVehicle,,False,,,,,,,,,S,,,,,,,,,,,,,,,,,,2012.0,TOYOTA,,,,,,,,,,,,,,
10086785,2651362,1,Driver,True,False,,L,AIR BAG DEPLOYED,G,OCCUPANT LAP SHOULDER HARNESS USED,CELL PHONE NOT IN USE,NONE APPARENT,,S,,,B,PROCEEDING STRAIGHT,F,IMPAIRMENT-PHYSICAL,,,F,FEMALE,,,CA,H,HISPANIC,,,2020.0,TOYOTA,,,,,,,,,,,,,,
10086784,2651361,2,Driver,,False,,M,AIR BAG NOT DEPLOYED,G,OCCUPANT LAP SHOULDER HARNESS USED,,,,S,,,A,STOPPED,A,HAD NOT BEEN DRINKING,,,F,FEMALE,,C,CA,A,ASIAN,,,2015.0,NISSAN,,,,,,,,,,,,,,
10086783,2651361,1,Bicyclist,True,False,,,,,,,VC SECTION VIOLATED - 22350,,S,,,B,PROCEEDING STRAIGHT,C,HBD-NOT UNDER INFLUENCE,,,M,MALE,,,,B,BLACK,4.0,Bicycle,,,,,,,,,,,,,,,,
10086780,2651359,2,Driver,,False,,M,AIR BAG NOT DEPLOYED,G,OCCUPANT LAP SHOULDER HARNESS USED,CELL PHONE NOT IN USE,NONE APPARENT,,W,,,A,STOPPED,H,NOT APPLICABLE,,,F,FEMALE,,C,CA,H,HISPANIC,,,2021.0,VOLKSWAGEN,,,,,,,,,,,,,,
10086779,2651359,1,Driver,True,False,,M,AIR BAG NOT DEPLOYED,G,OCCUPANT LAP SHOULDER HARNESS USED,CELL PHONE NOT IN USE,NONE APPARENT,,W,,,B,PROCEEDING STRAIGHT,H,NOT APPLICABLE,,,F,FEMALE,,C,CA,W,WHITE,,,2019.0,TOYOTA,,,,,,,,,,,,,,
10086778,2651358,2,Pedestrian,,False,,,,,,CELL PHONE NOT IN USE,NONE APPARENT,,N,,,B,PROCEEDING STRAIGHT,A,HAD NOT BEEN DRINKING,,,M,MALE,,,,H,HISPANIC,60.0,Pedestrian,,,,,,,,,,,,,,,,
10086777,2651358,1,Driver,True,False,,M,AIR BAG NOT DEPLOYED,G,OCCUPANT LAP SHOULDER HARNESS USED,CELL PHONE NOT IN USE,NONE APPARENT,,W,,,E,MAKING LEFT TURN,A,HAD NOT BEEN DRINKING,,,M,MALE,,C,CA,H,HISPANIC,,,2000.0,HONDA,,,,,,,,,,,,,,
10086776,2651357,2,Driver,,False,,B,UNKNOWN,G,OCCUPANT LAP SHOULDER HARNESS USED,,NONE APPARENT,,E,,,B,PROCEEDING STRAIGHT,G,IMPAIRMENT_NOT_KNOWN,,,F,FEMALE,,C,CA,H,HISPANIC,,,2016.0,CHRYSLER,,,,,,,,,,,,,,
10086775,2651357,1,Driver,True,False,,M,AIR BAG NOT DEPLOYED,G,OCCUPANT LAP SHOULDER HARNESS USED,,NONE APPARENT,,N,,,F,MAKING U TURN,G,IMPAIRMENT_NOT_KNOWN,,,F,FEMALE,,C,CA,W,WHITE,,,2000.0,HONDA,,,,,,,,,,,,,,
10086774,2651356,2,Driver,,False,,P,NOT REQUIRED,,,,,,E,,,B,PROCEEDING STRAIGHT,D,HBD-IMPAIRMENT UNKNOWN,,,F,FEMALE,,,,H,HISPANIC,,,2004.0,BMW,,,,,,,,,,,,,,
10086773,2651356,1,Pedestrian,True,False,,,,,,,VC SECTION VIOLATED - 21453,,S,,,B,PROCEEDING STRAIGHT,D,HBD-IMPAIRMENT UNKNOWN,,,F,FEMALE,,,,H,HISPANIC,60.0,Pedestrian,,,,,,,,,,,,,,,,
10086772,2651355,2,Driver,,False,,L,AIR BAG DEPLOYED,C,OCCUPANT LAP BELT USED,,NONE APPARENT,,N,,,B,PROCEEDING STRAIGHT,H,NOT APPLICABLE,,,F,FEMALE,,,CA,H,HISPANIC,,,2018.0,MASERATI,,,,,,,,,,,,,,
10086771,2651355,1,Driver,True,False,,L,AIR BAG DEPLOYED,C,OCCUPANT LAP BELT USED,,NONE APPARENT,,N,,,J,CHANGING LANES,H,NOT APPLICABLE,,,F,FEMALE,,,CA,,,,,2013.0,HYUNDAI,,,,,,,,,,,,,,
10086770,2651354,2,Driver,,False,,,,,,,NONE APPARENT,,W,,,O,PARKED,H,NOT APPLICABLE,,,M,MALE,,,,W,WHITE,,,2016.0,ACURA,,,,,,,,,,,,,,
10086769,2651354,1,Driver,True,False,,L,AIR BAG DEPLOYED,G,OCCUPANT LAP SHOULDER HARNESS USED,,NONE APPARENT,,W,,,B,PROCEEDING STRAIGHT,A,HAD NOT BEEN DRINKING,,,F,FEMALE,,,,H,HISPANIC,,,2010.0,TOYOTA,,,,,,,,,,,,,,
10086768,2651353,3,Driver,,False,,M,AIR BAG NOT DEPLOYED,Q,CHILD IN VEHICLE USED,,NONE APPARENT,,N,,,A,STOPPED,A,HAD NOT BEEN DRINKING,,,M,MALE,,C,CA,H,HISPANIC,,,1994.0,FORD,,,,,,,,,,,,,,
10086767,2651353,2,Driver,,False,,L,AIR BAG DEPLOYED,Q,CHILD IN VEHICLE USED,,NONE APPARENT,,N,,,A,STOPPED,A,HAD NOT BEEN DRINKING,,,F,FEMALE,,C,CA,A,ASIAN,,,2019.0,BMW,,,,,,,,,,,,,,
10086766,2651353,1,Driver,True,False,,L,AIR BAG DEPLOYED,G,OCCUPANT LAP SHOULDER HARNESS USED,,STOP & GO TRAFFIC,,N,,,B,PROCEEDING STRAIGHT,A,HAD NOT BEEN DRINKING,,,M,MALE,,C,CA,H,HISPANIC,,,2018.0,FORD,,,,,,,,,,,,,,