PartyId,CollisionId,PartyNumber,PartyType,IsAtFault,IsOnDutyEmergencyVehicle,IsHitAndRun,AirbagCode,AirbagDescription,SafetyEquipmentCode,SafetyEquipmentDescription,Special Information,Other Associate Factor,Inattention,DirectionOfTravel,StreetOrHighwayName,SpeedLimit,MovementPrecCollCode,MovementPrecCollDescription,SobrietyDrugPhysicalCode1,SobrietyDrugPhysicalDescription1,SobrietyDrugPhysicalCode2,SobrietyDrugPhysicalDescription2,GenderCode,GenderDescription,StatedAge,DriverLicenseClass,DriverLicenseStateCode,RaceCode,RaceDesc,Vehicle1TypeId, Vehicle1TypeDesc, Vehicle1Year,Vehicle1Make,Vehicle1Model,Vehicle1Color,V1IsVehicleTowed,Vehicle2TypeId, Vehicle2TypeDesc, Vehicle2Year,Vehicle2Make,Vehicle2Model,Vehicle2Color,V2IsVehicleTowed,Lane,ThruLanes,TotalLanes,IsDREConducted
10213850,2714326,1,Driver,True,False,,L,AIR BAG DEPLOYED,B,OCCUPANT UNKNOWN,,NONE APPARENT,,W,,,E,MAKING LEFT TURN,H,NOT APPLICABLE,,,M,MALE,,,CA,B,BLACK,,,2022.0,VOLKSWAGEN,,,,,,,,,,,,,,
10213849,2714328,2,ParkedVehicle,,False,,,,,,,,,,,,,,,,,,,,,,,,,,,2017.0,FORD,,,,,,,,,,,,,,
10213848,2714328,1,Driver,True,False,,M,AIR BAG NOT DEPLOYED,G,OCCUPANT LAP SHOULDER HARNESS USED,,VISION OBSCUREMENT,,W,,,B,PROCEEDING STRAIGHT,A,HAD NOT BEEN DRINKING,,,M,MALE,,,CA,W,WHITE,,,2005.0,HONDA,,,,,,,,,,,,,,
10213847,2714324,2,Driver,,False,,L,AIR BAG DEPLOYED,G,OCCUPANT LAP SHOULDER HARNESS USED,CELL PHONE NOT IN USE,NONE APPARENT,,N,,,B,PROCEEDING STRAIGHT,A,HAD NOT BEEN DRINKING,,,F,FEMALE,,,CA,H,HISPANIC,2.0,Motorcycle,2016.0,BUICK,,,,,,,,,,,,,,
10213846,2714324,1,Driver,True,False,,L,AIR BAG DEPLOYED,B,OCCUPANT UNKNOWN,CELL PHONE NOT IN USE,NONE APPARENT,,S,,,E,MAKING LEFT TURN,A,HAD NOT BEEN DRINKING,,,M,MALE,,,CA,H,HISPANIC,2.0,Motorcycle,2009.0,TOYOTA,,,,,,,,,,,,,,
10213845,2714327,2,Driver,,False,,M,AIR BAG NOT DEPLOYED,C,OCCUPANT LAP BELT USED,,NONE APPARENT,,E,,,F,MAKING U TURN,A,HAD NOT BEEN DRINKING,,,U,UNKNOWN,,,CA,H,HISPANIC,,,2007.0,CHEVROLET,,,,,,,,,,,,,,
10213844,2714327,1,Driver,True,False,,M,AIR BAG NOT DEPLOYED,C,OCCUPANT LAP BELT USED,,NONE APPARENT,,E,,,D,MAKING RIGHT TURN,A,HAD NOT BEEN DRINKING,,,F,FEMALE,,,CA,H,HISPANIC,,,1999.0,TOYOTA,,,,,,,,,,,,,,
10213843,2714330,2,Driver,,False,,M,AIR BAG NOT DEPLOYED,G,OCCUPANT LAP SHOULDER HARNESS USED,CELL PHONE NOT IN USE,NONE APPARENT,,S,,,B,PROCEEDING STRAIGHT,A,HAD NOT BEEN DRINKING,,,F,FEMALE,,,,H,HISPANIC,,,2001.0,HONDA,,,,,,,,,,,,,,
10213842,2714330,1,Driver,True,False,,M,AIR BAG NOT DEPLOYED,G,OCCUPANT LAP SHOULDER HARNESS USED,CELL PHONE NOT IN USE,NONE APPARENT,,E,,,G,BACKING,A,HAD NOT BEEN DRINKING,,,M,MALE,,,CA,W,WHITE,,,2014.0,MERCEDES-BENZ,,,,,,,,,,,,,,
10213841,2714329,2,Driver,,False,,,,,,,NONE APPARENT,,N,,,B,PROCEEDING STRAIGHT,A,HAD NOT BEEN DRINKING,,,F,FEMALE,,,CA,A,ASIAN,,,2013.0,AUDI,,,,,,,,,,,,,,
10213840,2714329,1,Driver,True,False,,,,,,,NONE APPARENT,,S,,,E,MAKING LEFT TURN,A,HAD NOT BEEN DRINKING,,,F,FEMALE,,,CA,,,,,2022.0,MERCEDES-BENZ,,,,,,,,,,,,,,
10213839,2714321,2,Driver,,False,,,,,,,,,S,,,A,STOPPED,A,HAD NOT BEEN DRINKING,,,F,FEMALE,,,CA,A,ASIAN,,,2005.0,HONDA,,,,,,,,,,,,,,
10213838,2714321,1,Driver,True,False,,,,,,,INATTENTION,OTHER,E,,,A,STOPPED,A,HAD NOT BEEN DRINKING,,,F,FEMALE,,,CA,A,ASIAN,,,2015.0,SUBARU,,,,,,,,,,,,,,
10213837,2714316,4,Driver,,False,,B,UNKNOWN,,,CELL PHONE NOT IN USE,,,E,,,A,STOPPED,C,HBD-NOT UNDER INFLUENCE,,,M,MALE,,,CA,H,HISPANIC,,,2010.0,FREIGHTLINER,,,,,,,,,,,,,,
10213836,2714316,3,Driver,,False,,B,UNKNOWN,,,CELL PHONE NOT IN USE,,,E,,,A,STOPPED,C,HBD-NOT UNDER INFLUENCE,,,F,FEMALE,,,CA,O,OTHER,,,2018.0,DODGE,,,,,,,,,,,,,,
10213835,2714316,2,Driver,,False,,L,AIR BAG DEPLOYED,B,OCCUPANT UNKNOWN,CELL PHONE NOT IN USE,VC SECTION VIOLATED,,S,,,E,MAKING LEFT TURN,C,HBD-NOT UNDER INFLUENCE,,,M,MALE,,,,H,HISPANIC,,,2007.0,DODGE,,,,,,,,,,,,,,
10213834,2714316,1,Driver,True,False,,L,AIR BAG DEPLOYED,B,OCCUPANT UNKNOWN,CELL PHONE NOT IN USE,VC SECTION VIOLATED - 21800 A,,E,,,B,PROCEEDING STRAIGHT,C,HBD-NOT UNDER INFLUENCE,,,F,FEMALE,,,CA,H,HISPANIC,,,2021.0,HONDA,,,,,,,,,,,,,,
10213833,2714320,2,Driver,,False,,B,UNKNOWN,,,,NONE APPARENT,,S,,,L,ENTERING TRAFFICD,G,IMPAIRMENT_NOT_KNOWN,,,,,,,,,,,,1996.0,TOYOTA,,,,,,,,,,,,,,
10213832,2714320,1,Bicyclist,True,False,,,,,,,DEFECTIVE VEHICLE EQUIPMENT,,E,,,Q,TRAVELLING WRONG WAY,A,HAD NOT BEEN DRINKING,,,M,MALE,,,,H,HISPANIC,4.0,Bicycle,,,,,,,,,,,,,,,,
10213831,2714319,2,Bicyclist,,False,,,,,,,,,S,,,B,PROCEEDING STRAIGHT,H,NOT APPLICABLE,,,M,MALE,,,,W,WHITE,4.0,Bicycle,,,,,,,,,,,,,,,,
10213830,2714319,1,Driver,True,False,,B,UNKNOWN,,,,,,S,,,B,PROCEEDING STRAIGHT,H,NOT APPLICABLE,,,,,,,,,,,,,,,,,,,,,,,,,,,
10213829,2714315,2,Driver,,False,,M,AIR BAG NOT DEPLOYED,G,OCCUPANT LAP SHOULDER HARNESS USED,CELL PHONE NOT IN USE,,,W,,,B,PROCEEDING STRAIGHT,A,HAD NOT BEEN DRINKING,,,F,FEMALE,,,CA,H,HISPANIC,,,2019.0,HYUNDAI,,,,,,,,,,,,,,
10213828,2714315,1,Driver,True,False,,M,AIR BAG NOT DEPLOYED,G,OCCUPANT LAP SHOULDER HARNESS USED,CELL PHONE NOT IN USE,,,W,,,J,CHANGING LANES,A,HAD NOT BEEN DRINKING,,,F,FEMALE,,,CA,A,ASIAN,,,2007.0,TOYOTA,,,,,,,,,,,,,,
10213827,2714317,2,Driver,,False,,L,AIR BAG DEPLOYED,C,OCCUPANT LAP BELT USED,CELL PHONE NOT IN USE,NONE APPARENT,,W,,,E,MAKING LEFT TURN,A,HAD NOT BEEN DRINKING,,,M,MALE,,,CA,O,OTHER,,,2010.0,TOYOTA,,,,,,,,,,,,,,
10213826,2714317,1,Driver,True,False,,M,AIR BAG NOT DEPLOYED,C,OCCUPANT LAP BELT USED,CELL PHONE NOT IN USE,NONE APPARENT,,W,,,D,MAKING RIGHT TURN,A,HAD NOT BEEN DRINKING,,,M,MALE,,,CA,W,WHITE,,,2007.0,LEXUS,,,,,,,,,,,,,,
10213825,2714318,2,Driver,,False,,B,UNKNOWN,,,,,,E,,,F,MAKING U TURN,G,IMPAIRMENT_NOT_KNOWN,,,F,FEMALE,,,CA,B,BLACK,,,2014.0,VOLKSWAGEN,,,,,,,,,,,,,,
10213824,2714318,1,Bicyclist,True,False,,,,,,,VC SECTION VIOLATED - 22350,,N,,,B,PROCEEDING STRAIGHT,G,IMPAIRMENT_NOT_KNOWN,,,M,MALE,,,,H,HISPANIC,4.0,Bicycle,,,,,,,,,,,,,,,,
10213823,2714314,2,Driver,,False,,L,AIR BAG DEPLOYED,G,OCCUPANT LAP SHOULDER HARNESS USED,,NONE APPARENT,,N,,,B,PROCEEDING STRAIGHT,A,HAD NOT BEEN DRINKING,,,F,FEMALE,,,CA,W,WHITE,,,2021.0,TOYOTA,,,,,,,,,,,,,,
10213822,2714314,1,Driver,True,False,,L,AIR BAG DEPLOYED,G,OCCUPANT LAP SHOULDER HARNESS USED,,NONE APPARENT,,W,,,E,MAKING LEFT TURN,A,HAD NOT BEEN DRINKING,,,F,FEMALE,,,CA,W,WHITE,,,2016.0,HONDA,,,,,,,,,,,,,,
10213821,2714313,2,Bicyclist,,False,,,,P,NOT REQUIRED,,,,E,,,B,PROCEEDING STRAIGHT,A,HAD NOT BEEN DRINKING,,,M,MALE,,,,H,HISPANIC,4.0,Bicycle,,,,,,,,,,,,,,,,
10213820,2714313,1,Driver,,False,,M,AIR BAG NOT DEPLOYED,G,OCCUPANT LAP SHOULDER HARNESS USED,,,,W,,,D,MAKING RIGHT TURN,A,HAD NOT BEEN DRINKING,,,F,FEMALE,,,CA,H,HISPANIC,,,2003.0,GMC,,,,,,,,,,,,,,
10213819,2714312,2,Driver,,False,,L,AIR BAG DEPLOYED,G,OCCUPANT LAP SHOULDER HARNESS USED,CELL PHONE NOT IN USE,NONE APPARENT,,N,,,B,PROCEEDING STRAIGHT,A,HAD NOT BEEN DRINKING,,,F,FEMALE,,,CA,H,HISPANIC,,,2022.0,CHEVROLET,,,,,,,,,,,,,,
10213818,2714312,1,Driver,True,False,,L,AIR BAG DEPLOYED,G,OCCUPANT LAP SHOULDER HARNESS USED,CELL PHONE NOT IN USE,VC SECTION VIOLATED - 22350 A / NONE APPARENT,,W,,,B,PROCEEDING STRAIGHT,A,HAD NOT BEEN DRINKING,,,M,MALE,,,CA,A,ASIAN,,,2015.0,JEEP,,,,,,,,,,,,,,
10213817,2714308,3,Driver,,False,,M,AIR BAG NOT DEPLOYED,E,OCCUPANT SHOULDER HARNESS USED,CELL PHONE NOT IN USE,,,E,,,A,STOPPED,A,HAD NOT BEEN DRINKING,,,F,FEMALE,,F,AZ,H,HISPANIC,,,2004.0,TOYOTA,,,,,,,,,,,,,,
10213816,2714308,2,Driver,,False,,M,AIR BAG NOT DEPLOYED,E,OCCUPANT SHOULDER HARNESS USED,CELL PHONE NOT IN USE,,,S,,,B,PROCEEDING STRAIGHT,A,HAD NOT BEEN DRINKING,,,M,MALE,,U,CA,H,HISPANIC,1.0,PassengerCarStationWagonJeep,2002.0,HONDA,,,,,,,,,,,,,,
10213815,2714308,1,Driver,True,False,,L,AIR BAG DEPLOYED,B,OCCUPANT UNKNOWN,CELL PHONE NOT IN USE,,,W,,,L,ENTERING TRAFFICD,A,HAD NOT BEEN DRINKING,,,M,MALE,,U,CA,H,HISPANIC,8.0,MiniVan,2012.0,NISSAN,,,,,,,,,,,,,,
10213814,2714311,2,Driver,,False,,M,AIR BAG NOT DEPLOYED,G,OCCUPANT LAP SHOULDER HARNESS USED,,NONE APPARENT,,N,,,B,PROCEEDING STRAIGHT,A,HAD NOT BEEN DRINKING,,,F,FEMALE,,,CA,H,HISPANIC,,,2003.0,TOYOTA,,,,,,,,,,,,,,
10213813,2714311,1,Driver,True,False,,L,AIR BAG DEPLOYED,G,OCCUPANT LAP SHOULDER HARNESS USED,,NONE APPARENT,,S,,,E,MAKING LEFT TURN,A,HAD NOT BEEN DRINKING,,,F,FEMALE,,,CA,H,HISPANIC,,,2020.0,HONDA,,,,,,,,,,,,,,
10213812,2714310,2,Driver,,False,,M,AIR BAG NOT DEPLOYED,C,OCCUPANT LAP BELT USED,,NONE APPARENT,,S,,,E,MAKING LEFT TURN,H,NOT APPLICABLE,,,M,MALE,,,CA,,,,,2013.0,NISSAN,,,,,,,,,,,,,,
10213811,2714310,1,Bicyclist,True,False,,,,,,,VC SECTION VIOLATED - 21802 / NONE APPARENT,,E,,,B,PROCEEDING STRAIGHT,H,NOT APPLICABLE,,,M,MALE,,,,H,HISPANIC,4.0,Bicycle,,,,,,,,,,,,,,,,
10213810,2714309,2,Driver,,False,,M,AIR BAG NOT DEPLOYED,G,OCCUPANT LAP SHOULDER HARNESS USED,CELL PHONE NOT IN USE,NONE APPARENT,,S,,,B,PROCEEDING STRAIGHT,G,IMPAIRMENT_NOT_KNOWN,,,M,MALE,,,CA,H,HISPANIC,,,2022.0,DODGE,,,,,,,,,,,,,,
10213809,2714309,1,Driver,True,False,,M,AIR BAG NOT DEPLOYED,G,OCCUPANT LAP SHOULDER HARNESS USED,CELL PHONE NOT IN USE,INATTENTION,OTHER,S,,,F,MAKING U TURN,G,IMPAIRMENT_NOT_KNOWN,,,M,MALE,,,CA,W,WHITE,,,2016.0,TOYOTA,,,,,,,,,,,,,,
10213808,2714307,2,Driver,,False,,L,AIR BAG DEPLOYED,C,OCCUPANT LAP BELT USED,CELL PHONE NOT IN USE,NONE APPARENT,,S,,,B,PROCEEDING STRAIGHT,A,HAD NOT BEEN DRINKING,,,M,MALE,,,CA,B,BLACK,,,2017.0,HYUNDAI,,,,,,,,,,,,,,
10213807,2714307,1,Driver,True,False,,M,AIR BAG NOT DEPLOYED,C,OCCUPANT LAP BELT USED,CELL PHONE NOT IN USE,VC SECTION VIOLATED - 22350 A / NONE APPARENT,,W,,,B,PROCEEDING STRAIGHT,A,HAD NOT BEEN DRINKING,,,M,MALE,,U,,H,HISPANIC,,,2012.0,CHEVROLET,,,,,,,,,,,,,,
10213806,2714306,2,Driver,,False,,L,AIR BAG DEPLOYED,G,OCCUPANT LAP SHOULDER HARNESS USED,,,,N,,,B,PROCEEDING STRAIGHT,A,HAD NOT BEEN DRINKING,,,M,MALE,,,CA,,,1.0,PassengerCarStationWagonJeep,2010.0,TOYOTA,,,,,,,,,,,,,,
10213805,2714306,1,Driver,,False,,L,AIR BAG DEPLOYED,G,OCCUPANT LAP SHOULDER HARNESS USED,,,,W,,,B,PROCEEDING STRAIGHT,A,HAD NOT BEEN DRINKING,,,M,MALE,,F,OH,W,WHITE,1.0,PassengerCarStationWagonJeep,2021.0,HYUNDAI,,,,,,,,,,,,,,
10213804,2714305,2,Pedestrian,,False,,,,,,,NONE APPARENT,,W,,,A,STOPPED,A,HAD NOT BEEN DRINKING,,,F,FEMALE,,,,H,HISPANIC,60.0,Pedestrian,,,,,,,,,,,,,,,,
10213803,2714305,1,Driver,True,False,,M,AIR BAG NOT DEPLOYED,G,OCCUPANT LAP SHOULDER HARNESS USED,,NONE APPARENT,,N,,,B,PROCEEDING STRAIGHT,A,HAD NOT BEEN DRINKING,,,M,MALE,,,,H,HISPANIC,,,2013.0,HONDA,,,,,,,,,,,,,,
10213802,2714304,2,Driver,,False,,B,UNKNOWN,,,,NONE APPARENT,,S,,,B,PROCEEDING STRAIGHT,H,NOT APPLICABLE,,,M,MALE,,,CA,A,ASIAN,,,,FORD,,,,,,,,,,,,,,
10213801,2714304,1,Driver,True,False,,B,UNKNOWN,,,,VC SECTION VIOLATED - 22107 / NONE APPARENT,,S,,,D,MAKING RIGHT TURN,H,NOT APPLICABLE,,,F,FEMALE,,,CA,W,WHITE,,,2008.0,HONDA,,,,,,,,,,,,,,
10213800,2714303,2,ParkedVehicle,,False,,,,,,,,,N,,,O,PARKED,,,,,,,,,,,,22.0,PickupsAndPanels,2019.0,CHEVROLET,,,,,,,,,,,,,,
10213799,2714303,1,Driver,True,False,,,,,,,VC SECTION VIOLATED - 23103 A,,N,,,B,PROCEEDING STRAIGHT,,,,,M,MALE,,,,H,HISPANIC,8.0,MiniVan,2004.0,TOYOTA,,,,,,,,,,,,,,
10213798,2714302,2,Driver,,False,,M,AIR BAG NOT DEPLOYED,C,OCCUPANT LAP BELT USED,,VISION OBSCUREMENT,,E,,,B,PROCEEDING STRAIGHT,A,HAD NOT BEEN DRINKING,,,M,MALE,,,CA,H,HISPANIC,,,2001.0,CHEVROLET,,,,,,,,,,,,,,
10213797,2714302,1,Driver,True,False,,M,AIR BAG NOT DEPLOYED,C,OCCUPANT LAP BELT USED,,VISION OBSCUREMENT,,W,,,G,BACKING,A,HAD NOT BEEN DRINKING,,,F,FEMALE,,,CA,H,HISPANIC,,,,LEXUS,,,,,,,,,,,,,,
10213796,2714301,2,Driver,,False,,M,AIR BAG NOT DEPLOYED,G,OCCUPANT LAP SHOULDER HARNESS USED,CELL PHONE NOT IN USE,NONE APPARENT,,N,,,E,MAKING LEFT TURN,A,HAD NOT BEEN DRINKING,,,M,MALE,,,CA,,,,,2002.0,FORD,,,,,,,,,,,,,,
10213795,2714301,1,Bicyclist,True,False,,,,,,CELL PHONE NOT IN USE,NONE APPARENT,,W,,,B,PROCEEDING STRAIGHT,A,HAD NOT BEEN DRINKING,,,M,MALE,,,,A,ASIAN,4.0,Bicycle,,,,,,,,,,,,,,,,
10213794,2714300,2,Driver,,False,,M,AIR BAG NOT DEPLOYED,G,OCCUPANT LAP SHOULDER HARNESS USED,CELL PHONE HANDHELD IN USE,,,W,,,,,A,HAD NOT BEEN DRINKING,,,F,FEMALE,,,CA,W,WHITE,,,2017.0,TOYOTA,,,,,,,,,,,,,,
10213793,2714300,1,Driver,True,False,,M,AIR BAG NOT DEPLOYED,G,OCCUPANT LAP SHOULDER HARNESS USED,CELL PHONE NOT IN USE,,,E,,,,,A,HAD NOT BEEN DRINKING,,,F,FEMALE,,,CA,H,HISPANIC,,,2015.0,TOYOTA,,,,,,,,,,,,,,
10213792,2714299,2,Driver,,False,,M,AIR BAG NOT DEPLOYED,G,OCCUPANT LAP SHOULDER HARNESS USED,,,,N,,,B,PROCEEDING STRAIGHT,A,HAD NOT BEEN DRINKING,,,F,FEMALE,,,,H,HISPANIC,,,2015.0,KIA,,,,,,,,,,,,,,
10213791,2714299,1,Driver,True,False,,M,AIR BAG NOT DEPLOYED,B,OCCUPANT UNKNOWN,,VC SECTION VIOLATED - 22350,,N,,,B,PROCEEDING STRAIGHT,B,HBD-UNDER INFLUENCE,,,M,MALE,,,,H,HISPANIC,,,2009.0,SCION,,,,,,,,,,,,,,
10213790,2714298,2,Pedestrian,,False,,,,,,,,,,,,R,OTHER,D,HBD-IMPAIRMENT UNKNOWN,,,M,MALE,,,,H,HISPANIC,60.0,Pedestrian,,,,,,,,,,,,,,,,
10213789,2714298,1,Driver,True,False,,M,AIR BAG NOT DEPLOYED,G,OCCUPANT LAP SHOULDER HARNESS USED,,,,W,,,G,BACKING,A,HAD NOT BEEN DRINKING,,,F,FEMALE,,,CA,A,ASIAN,,,2012.0,TOYOTA,,,,,,,,,,,,,,
10213788,2714297,2,Driver,,False,,M,AIR BAG NOT DEPLOYED,G,OCCUPANT LAP SHOULDER HARNESS USED,,,,N,,,A,STOPPED,G,IMPAIRMENT_NOT_KNOWN,,,F,FEMALE,,,CA,A,ASIAN,,,2004.0,TOYOTA,,,,,,,,,,,,,,
10213787,2714297,1,Driver,True,False,,M,AIR BAG NOT DEPLOYED,G,OCCUPANT LAP SHOULDER HARNESS USED,,INATTENTION,RADIO/CD,N,,,B,PROCEEDING STRAIGHT,G,IMPAIRMENT_NOT_KNOWN,,,F,FEMALE,,,CA,W,WHITE,,,2010.0,CHRYSLER,,,,,,,,,,,,,,
10213786,2714293,2,ParkedVehicle,,False,,,,,,,NONE APPARENT,,,,,O,PARKED,H,NOT APPLICABLE,,,,,,,,,,,,1986.0,TIOGA,,,,,,,,,,,,,,
10213785,2714293,1,Driver,True,False,,M,AIR BAG NOT DEPLOYED,D,OCCUPANT LAP BELT NOT USED,,NONE APPARENT,,W,,,B,PROCEEDING STRAIGHT,I,SLEEPY/FATIGUED,,,M,MALE,,,CA,W,WHITE,,,2002.0,TOYOTA,,,,,,,,,,,,,,
10213784,2714295,4,ParkedVehicle,,False,,,,,,,NONE APPARENT,,,,,O,PARKED,H,NOT APPLICABLE,,,,,,,,,,,,2003.0,CHEVROLET,,,,,,,,,,,,,,
10213783,2714295,3,ParkedVehicle,,False,,,,,,,,,,,,O,PARKED,H,NOT APPLICABLE,,,,,,,,,,,,2014.0,TOYT,,,,,,,,,,,,,,
10213782,2714295,2,ParkedVehicle,,False,,,,,,,,,,,,O,PARKED,H,NOT APPLICABLE,,,,,,,,,,,,2000.0,TOYOTA,,,,,,,,,,,,,,
10213781,2714295,1,Driver,True,False,,L,AIR BAG DEPLOYED,B,OCCUPANT UNKNOWN,CELL PHONE NOT IN USE,NONE APPARENT,,W,,,B,PROCEEDING STRAIGHT,B,HBD-UNDER INFLUENCE,,,F,FEMALE,,,,H,HISPANIC,,,2021.0,JEEP,,,,,,,,,,,,,,
10213780,2714296,2,Driver,,False,,M,AIR BAG NOT DEPLOYED,G,OCCUPANT LAP SHOULDER HARNESS USED,CELL PHONE NOT IN USE,NONE APPARENT,,S,,,E,MAKING LEFT TURN,A,HAD NOT BEEN DRINKING,,,M,MALE,,,CA,H,HISPANIC,,,2021.0,TESLA,,,,,,,,,,,,,,
10213779,2714296,1,Bicyclist,True,False,,,,,,CELL PHONE NOT IN USE,NONE APPARENT,,W,,,B,PROCEEDING STRAIGHT,A,HAD NOT BEEN DRINKING,,,F,FEMALE,,,,,,4.0,Bicycle,,,,,,,,,,,,,,,,
10213778,2714294,2,Driver,,False,,M,AIR BAG NOT DEPLOYED,G,OCCUPANT LAP SHOULDER HARNESS USED,CELL PHONE NOT IN USE,NONE APPARENT,,S,,,A,STOPPED,A,HAD NOT BEEN DRINKING,,,F,FEMALE,,,CA,W,WHITE,,,2017.0,TOYOTA,,,,,,,,,,,,,,
10213777,2714294,1,Driver,True,False,,M,AIR BAG NOT DEPLOYED,G,OCCUPANT LAP SHOULDER HARNESS USED,CELL PHONE NOT IN USE,NONE APPARENT,,S,,,B,PROCEEDING STRAIGHT,A,HAD NOT BEEN DRINKING,,,F,FEMALE,,,CA,W,WHITE,,,2023.0,TESLA,,,,,,,,,,,,,,
10213776,2714292,2,Driver,,False,,M,AIR BAG NOT DEPLOYED,G,OCCUPANT LAP SHOULDER HARNESS USED,CELL PHONE NOT IN USE,NONE APPARENT,,W,,,B,PROCEEDING STRAIGHT,A,HAD NOT BEEN DRINKING,,,F,FEMALE,,,CA,H,HISPANIC,,,2016.0,TOYOTA,,,,,,,,,,,,,,
10213775,2714292,1,Driver,True,False,,L,AIR BAG DEPLOYED,G,OCCUPANT LAP SHOULDER HARNESS USED,CELL PHONE NOT IN USE,NONE APPARENT,,W,,,B,PROCEEDING STRAIGHT,A,HAD NOT BEEN DRINKING,,,M,MALE,,,CA,H,HISPANIC,,,2011.0,HONDA,,,,,,,,,,,,,,
10213774,2714291,2,Driver,,False,,B,UNKNOWN,,,,NONE APPARENT,,N,,,B,PROCEEDING STRAIGHT,G,IMPAIRMENT_NOT_KNOWN,,,,,,,,,,99.0,OtherUnknownHitAndRunDriver,,,,,,,,,,,,,,,,
10213773,2714291,1,Driver,True,False,,M,AIR BAG NOT DEPLOYED,C,OCCUPANT LAP BELT USED,CELL PHONE NOT IN USE,NONE APPARENT,,E,,,E,MAKING LEFT TURN,A,HAD NOT BEEN DRINKING,,,M,MALE,,,CA,H,HISPANIC,1.0,PassengerCarStationWagonJeep,2016.0,VOLKSWAGEN,,,,,,,,,,,,,,
10213772,2714289,2,Driver,,False,,M,AIR BAG NOT DEPLOYED,G,OCCUPANT LAP SHOULDER HARNESS USED,CELL PHONE NOT IN USE,NONE APPARENT,,E,,,D,MAKING RIGHT TURN,H,NOT APPLICABLE,,,F,FEMALE,,,CA,,,,,2013.0,HONDA,,,,,,,,,,,,,,
10213771,2714289,1,Bicyclist,True,False,,,,,,CELL PHONE NOT IN USE,NONE APPARENT,,W,,,B,PROCEEDING STRAIGHT,H,NOT APPLICABLE,,,M,MALE,,,,,,4.0,Bicycle,,,,,,,,,,,,,,,,
10213770,2714287,2,Pedestrian,,False,,,,,,,NONE APPARENT,,E,,,R,OTHER,A,HAD NOT BEEN DRINKING,,,M,MALE,,,,A,ASIAN,60.0,Pedestrian,,,,,,,,,,,,,,,,
10213769,2714287,1,Driver,True,False,,,,,,,VC SECTION VIOLATED - 20001 A,,S,,,E,MAKING LEFT TURN,G,IMPAIRMENT_NOT_KNOWN,,,,,,,,,,,,,HONDA,,,,,,,,,,,,,,
10213768,2714290,2,Bicyclist,,False,,,,,,,NONE APPARENT,,W,,,B,PROCEEDING STRAIGHT,H,NOT APPLICABLE,,,F,FEMALE,,,,H,HISPANIC,4.0,Bicycle,,,,,,,,,,,,,,,,
10213767,2714290,1,Driver,True,False,,M,AIR BAG NOT DEPLOYED,G,OCCUPANT LAP SHOULDER HARNESS USED,,NONE APPARENT,,N,,,B,PROCEEDING STRAIGHT,H,NOT APPLICABLE,,,F,FEMALE,,,CA,H,HISPANIC,,,2015.0,MAZDA,,,,,,,,,,,,,,
10213766,2714288,2,Driver,,False,,M,AIR BAG NOT DEPLOYED,G,OCCUPANT LAP SHOULDER HARNESS USED,,,,E,,,A,STOPPED,H,NOT APPLICABLE,,,F,FEMALE,,,CA,H,HISPANIC,,,2017.0,CHRYSLER,,,,,,,,,,,,,,
10213765,2714288,1,Driver,True,False,,M,AIR BAG NOT DEPLOYED,G,OCCUPANT LAP SHOULDER HARNESS USED,,VC SECTION VIOLATED - 22350 A / INATTENTION,OTHER,E,,,B,PROCEEDING STRAIGHT,H,NOT APPLICABLE,,,M,MALE,,,CA,H,HISPANIC,,,2000.0,HONDA,,,,,,,,,,,,,,
10213764,2714286,2,Driver,,False,,B,UNKNOWN,,,,VISION OBSCUREMENT,,N,,,B,PROCEEDING STRAIGHT,H,NOT APPLICABLE,,,M,MALE,,,CA,H,HISPANIC,,,2020.0,HONDA,,,,,,,,,,,,,,
10213763,2714286,1,Driver,True,False,,M,AIR BAG NOT DEPLOYED,B,OCCUPANT UNKNOWN,,VISION OBSCUREMENT,,W,,,L,ENTERING TRAFFICD,H,NOT APPLICABLE,,,M,MALE,,,CA,,,,,1998.0,HONDA,,,,,,,,,,,,,,
10213762,2714285,2,Driver,,False,,L,AIR BAG DEPLOYED,G,OCCUPANT LAP SHOULDER HARNESS USED,HAZARDOUS MATERIAL,PREVIOUS COLLISION,,W,,,B,PROCEEDING STRAIGHT,H,NOT APPLICABLE,,,M,MALE,,,,H,HISPANIC,,,2013.0,TOYOTA,,,,,,,,,,,,,,
10213761,2714285,1,Driver,True,False,,L,AIR BAG DEPLOYED,G,OCCUPANT LAP SHOULDER HARNESS USED,HAZARDOUS MATERIAL,PREVIOUS COLLISION,,N,,,B,PROCEEDING STRAIGHT,H,NOT APPLICABLE,,,M,MALE,,,CA,H,HISPANIC,,,2015.0,FORD,,,,,,,,,,,,,,
10213760,2714284,2,Pedestrian,True,False,,,,,,CELL PHONE NOT IN USE,NONE APPARENT,,S,,,R,OTHER,B,HBD-UNDER INFLUENCE,,,M,MALE,,,,W,WHITE,60.0,Pedestrian,,,,,,,,,,,,,,,,
10213759,2714284,1,Driver,,False,,B,UNKNOWN,,,CELL PHONE NOT IN USE,ENTERING OR LEAVING RAMP,,N,,,D,MAKING RIGHT TURN,G,IMPAIRMENT_NOT_KNOWN,,,,,,,,,,,,,TOYOTA,,,,,,,,,,,,,,
10213758,2714283,2,Driver,,False,,M,AIR BAG NOT DEPLOYED,G,OCCUPANT LAP SHOULDER HARNESS USED,,NONE APPARENT,,W,,,B,PROCEEDING STRAIGHT,H,NOT APPLICABLE,,,M,MALE,,,CA,H,HISPANIC,,,2005.0,NISSAN,,,,,,,,,,,,,,
10213757,2714283,1,Driver,True,False,,B,UNKNOWN,,,CELL PHONE NOT IN USE,VC SECTION VIOLATED - 21703,,W,,,A,STOPPED,A,HAD NOT BEEN DRINKING,,,,,,,,,,,,2017.0,FORD,,,,,,,,,,,,,,
10213756,2714280,2,Driver,,False,,M,AIR BAG NOT DEPLOYED,C,OCCUPANT LAP BELT USED,,STOP & GO TRAFFIC,,E,,,A,STOPPED,H,NOT APPLICABLE,,,F,FEMALE,,,CA,,,,,2015.0,AUDI,,,,,,,,,,,,,,